11:01:15.865 [main] DEBUG c.b.config.BrowserStackConfig - Cli Config passed - {}
11:01:16.203 [main] DEBUG c.b.logger.BrowserstackLoggerFactory - Log Level set to TRACE for logger com.browserstack
11:01:16.203 [main] DEBUG c.b.logger.BrowserstackLoggerFactory - Log Level set to INFO for logger stdoutPrinter
11:01:16.260 [main] DEBUG c.b.utils.FrameworkDetectionUtils - Java command - org.testng.remote.RemoteTestNG -serport 56714 -protocol json -d C:\Users\xps\eclipse-workspace\Mobile\test-output C:\Users\xps\AppData\Local\Temp\testng-eclipse--1002710723\testng-customsuite.xml
11:01:16.261 [main] DEBUG c.b.utils.FrameworkDetectionUtils - testng suite xml path C:\Users\xps\AppData\Local\Temp\testng-eclipse--1002710723\testng-customsuite.xml
11:01:16.278 [main] DEBUG c.b.utils.FrameworkDetectionUtils - Test classes detected: MargoExpress.Mobile.Ecommerce_Tc_4_Hybrid
11:01:16.310 [main] DEBUG c.b.utils.FrameworkDetectionUtils - Runner: testng, Engine: none
11:01:16.327 [main] DEBUG c.b.utils.FrameworkDetectionUtils - Runner: testng, Engine: none from dependencies
11:01:16.328 [main] DEBUG c.b.utils.FrameworkDetectionUtils - Detected final framework as: testng
11:01:16.328 [main] DEBUG c.browserstack.BrowserStackJavaAgent - JavaAgent Version 1.26.4
11:01:16.333 [main] DEBUG c.b.utils.ExitSignalHandler - Registered handler for INT
11:01:16.333 [main] DEBUG c.b.utils.ExitSignalHandler - Registered handler for TERM
11:01:16.333 [main] DEBUG c.b.utils.ExitSignalHandler - Unable to attach signal handler for HUP Unknown signal: HUP
11:01:16.333 [main] DEBUG c.b.utils.ExitSignalHandler - Registered handler for ABRT
11:01:17.025 [Thread-1] DEBUG c.browserstack.utils.UtilityMethods - NEXT HUBS ARE: ["hub-aps.browserstack.com","hub-euw.browserstack.com","hub-apse.browserstack.com"]
11:01:17.331 [main] DEBUG c.browserstack.utils.UtilityMethods - EXECUTION TIME OF hub-aps.browserstack.com HUB IS: 302ms
11:01:18.297 [main] DEBUG c.browserstack.utils.UtilityMethods - EXECUTION TIME OF hub-euw.browserstack.com HUB IS: 958ms
11:01:20.287 [main] DEBUG c.browserstack.utils.UtilityMethods - EXECUTION TIME OF hub-apse.browserstack.com HUB IS: 1987ms
11:01:20.292 [main] DEBUG c.browserstack.utils.UtilityMethods - NEAREST HUB ALLOCATED IS - hub-aps.browserstack.com
11:01:20.310 [main] DEBUG c.b.utils.FunnelInstrumentation - Sending funnel data for SDKTestAttempted with data: {"event_type":"SDKTestAttempted","accessKey":"1XSLBqNLYzWiPhqyqy9L","userName":"roshinsurendran_Sh2ZAM","event_properties":{"product":"[app-automate, observability]","buildName":"browserstack build","os":"Windows 11","languageVersion":"21.0.3","appiumVersion":"9.3.0","frameworkDetectionInstrumentation":{"parseLoadClass":30,"parseDependencies":17},"language":"java","sdkRunId":"c18abf89-183c-4f59-989a-fdc7866af534","buildIdentifier":"#1","userFramework":"testng","testhub_uuid":"","detectedAppiumVersion":"null","detectedDependencies":"testng","productMap":{"app_automate":true,"accessibility":false,"automate":false,"percy":false,"observability":true,"turboscale":false},"referrer":"testng-javaagent\/1.26.4","hostname":"Roshin","language_framework":"java_testng","detectedFramework":"testng","detectedSeleniumVersion":"4.26.0","seleniumVersion":"4.26.0"}}
11:01:21.520 [main] DEBUG c.b.utils.FunnelInstrumentation - API Event SDKTestAttempted response - {"message":"SDK Event recorded successfully"}
11:01:24.935 [main] DEBUG c.browserstack.testOps.RequestUtils - [ TESTHUB ] Processing Request Kind launchTestSession
11:01:24.935 [main] DEBUG c.browserstack.testOps.RequestUtils - [requestToTestOps] Sending Observability request: POST api/v2/builds with request size 1246
11:01:24.935 [main] DEBUG c.browserstack.testOps.RequestUtils - [makeRequest] Sending request: POST https://collector-observability.browserstack.com/api/v2/builds with request size 1246
11:01:25.964 [main] DEBUG c.browserstack.testOps.RequestUtils - [makeRequest]: Response code: 200
11:01:25.965 [main] DEBUG c.browserstack.testOps.RequestUtils - requestToTestOps: Response code: 200
11:01:25.966 [main] DEBUG com.browserstack.testOps.Listener - BROWSERSTACK_TESTHUB_UUID : l7o8ajh8bejx3xljyb3jc2mojsrlu7quwve3xizx
11:01:25.966 [main] DEBUG com.browserstack.testOps.Listener - [ TESTHUB ] Build creation successfull
11:01:25.976 [main] DEBUG com.browserstack.PercyFactory - Fetching token for BrowserStack Sample
11:01:26.665 [main] DEBUG com.browserstack.LocalFactory - Starting BrowserStack Local with identifier 05_Nov_111_Roshin_AJSp
11:01:36.145 [main] DEBUG c.b.t.XMLSuiteClassListener - Number of parallels - 3 and number of platforms - 3
11:01:36.328 [main] DEBUG com.browserstack.testOps.Listener - [ TESTHUB ] Processing Request Kind LogCreated
11:01:36.332 [main] DEBUG com.browserstack.testOps.Listener - [ TESTHUB ] Processing Request Kind LogCreated
11:01:36.335 [main] DEBUG com.browserstack.testOps.Listener - [ TESTHUB ] Processing Request Kind LogCreated
11:01:36.335 [main] DEBUG com.browserstack.testOps.Listener - [ TESTHUB ] Processing Request Kind LogCreated
11:01:36.336 [main] DEBUG com.browserstack.testOps.Listener - [ TESTHUB ] Processing Request Kind LogCreated
11:01:36.336 [main] DEBUG com.browserstack.testOps.Listener - [ TESTHUB ] Processing Request Kind LogCreated
11:01:36.337 [main] DEBUG com.browserstack.testOps.Listener - [ TESTHUB ] Processing Request Kind LogCreated
11:01:36.337 [main] DEBUG com.browserstack.testOps.Listener - [ TESTHUB ] Processing Request Kind LogCreated
11:01:36.345 [main] DEBUG com.browserstack.testOps.Listener - [ TESTHUB ] Processing Request Kind LogCreated
11:01:36.355 [main] DEBUG com.browserstack.testOps.Listener - [ TESTHUB ] Processing Request Kind LogCreated
11:01:36.356 [main] DEBUG com.browserstack.testOps.Listener - [ TESTHUB ] Processing Request Kind LogCreated
11:01:36.359 [main] DEBUG com.browserstack.testOps.Listener - [ TESTHUB ] Processing Request Kind LogCreated
11:01:36.360 [main] DEBUG com.browserstack.testOps.Listener - [ TESTHUB ] Processing Request Kind LogCreated
11:01:36.360 [main] DEBUG com.browserstack.testOps.Listener - [ TESTHUB ] Processing Request Kind LogCreated
11:01:36.360 [main] DEBUG com.browserstack.testOps.Listener - [ TESTHUB ] Processing Request Kind LogCreated
11:01:36.362 [main] DEBUG com.browserstack.testOps.Listener - [ TESTHUB ] Processing Request Kind LogCreated
11:01:36.362 [main] DEBUG com.browserstack.testOps.Listener - [ TESTHUB ] Processing Request Kind LogCreated
11:01:36.362 [main] DEBUG com.browserstack.testOps.Listener - [ TESTHUB ] Processing Request Kind LogCreated
11:01:36.363 [main] DEBUG com.browserstack.testOps.Listener - [ TESTHUB ] Processing Request Kind LogCreated
11:01:36.363 [main] DEBUG com.browserstack.testOps.Listener - [ TESTHUB ] Processing Request Kind LogCreated
11:01:36.363 [main] DEBUG com.browserstack.testOps.Listener - [ TESTHUB ] Processing Request Kind LogCreated
11:01:36.364 [main] DEBUG com.browserstack.testOps.Listener - [ TESTHUB ] Processing Request Kind LogCreated
11:01:36.364 [main] DEBUG com.browserstack.testOps.Listener - [ TESTHUB ] Processing Request Kind LogCreated
11:01:36.365 [main] DEBUG com.browserstack.testOps.Listener - [ TESTHUB ] Processing Request Kind LogCreated
11:01:36.365 [main] DEBUG com.browserstack.testOps.Listener - [ TESTHUB ] Processing Request Kind LogCreated
11:01:36.365 [main] DEBUG com.browserstack.testOps.Listener - [ TESTHUB ] Processing Request Kind LogCreated
11:01:36.367 [main] DEBUG com.browserstack.testOps.Listener - [ TESTHUB ] Processing Request Kind LogCreated
11:01:36.368 [main] DEBUG com.browserstack.testOps.Listener - [ TESTHUB ] Processing Request Kind LogCreated
11:01:36.368 [main] DEBUG com.browserstack.testOps.Listener - [ TESTHUB ] Processing Request Kind LogCreated
11:01:36.368 [main] DEBUG com.browserstack.testOps.Listener - [ TESTHUB ] Processing Request Kind LogCreated
11:01:36.371 [main] DEBUG com.browserstack.testOps.Listener - [ TESTHUB ] Processing Request Kind LogCreated
11:01:36.371 [main] DEBUG com.browserstack.testOps.Listener - [ TESTHUB ] Processing Request Kind LogCreated
11:01:36.372 [main] DEBUG com.browserstack.testOps.Listener - [ TESTHUB ] Processing Request Kind LogCreated
11:01:36.372 [main] DEBUG com.browserstack.testOps.Listener - [ TESTHUB ] Processing Request Kind LogCreated
11:01:36.374 [main] DEBUG com.browserstack.testOps.Listener - [ TESTHUB ] Processing Request Kind LogCreated
11:01:36.375 [main] DEBUG com.browserstack.testOps.Listener - [ TESTHUB ] Processing Request Kind LogCreated
11:01:36.375 [main] DEBUG com.browserstack.testOps.Listener - [ TESTHUB ] Processing Request Kind LogCreated
11:01:36.375 [main] DEBUG com.browserstack.testOps.Listener - [ TESTHUB ] Processing Request Kind LogCreated
11:01:36.375 [main] DEBUG com.browserstack.testOps.Listener - [ TESTHUB ] Processing Request Kind LogCreated
11:01:36.381 [main] DEBUG com.browserstack.testOps.Listener - [ TESTHUB ] Processing Request Kind LogCreated
11:01:36.381 [main] DEBUG com.browserstack.testOps.Listener - [ TESTHUB ] Processing Request Kind LogCreated
11:01:36.381 [main] DEBUG com.browserstack.testOps.Listener - [ TESTHUB ] Processing Request Kind LogCreated
11:01:36.381 [main] DEBUG com.browserstack.testOps.Listener - [ TESTHUB ] Processing Request Kind LogCreated
11:01:36.383 [main] DEBUG com.browserstack.testOps.Listener - [ TESTHUB ] Processing Request Kind LogCreated
11:01:36.383 [main] DEBUG com.browserstack.testOps.Listener - [ TESTHUB ] Processing Request Kind LogCreated
11:01:36.383 [main] DEBUG com.browserstack.testOps.Listener - [ TESTHUB ] Processing Request Kind LogCreated
11:01:36.383 [main] DEBUG com.browserstack.testOps.Listener - [ TESTHUB ] Processing Request Kind LogCreated
11:01:36.400 [main] DEBUG com.browserstack.testOps.Listener - [ TESTHUB ] Processing Request Kind LogCreated
11:01:36.400 [main] DEBUG com.browserstack.testOps.Listener - [ TESTHUB ] Processing Request Kind LogCreated
11:01:36.400 [main] DEBUG com.browserstack.testOps.Listener - [ TESTHUB ] Processing Request Kind LogCreated
11:01:36.401 [main] DEBUG com.browserstack.testOps.Listener - [ TESTHUB ] Processing Request Kind LogCreated
11:01:36.401 [main] DEBUG com.browserstack.testOps.Listener - [ TESTHUB ] Processing Request Kind LogCreated
11:01:36.401 [main] DEBUG com.browserstack.testOps.Listener - [ TESTHUB ] Processing Request Kind LogCreated
11:01:36.402 [main] DEBUG com.browserstack.testOps.Listener - [ TESTHUB ] Processing Request Kind LogCreated
11:01:36.402 [main] DEBUG com.browserstack.testOps.Listener - [ TESTHUB ] Processing Request Kind LogCreated
11:01:36.402 [main] DEBUG com.browserstack.testOps.Listener - [ TESTHUB ] Processing Request Kind LogCreated
11:01:36.404 [main] DEBUG com.browserstack.testOps.Listener - [ TESTHUB ] Processing Request Kind LogCreated
11:01:36.404 [main] DEBUG com.browserstack.testOps.Listener - [ TESTHUB ] Processing Request Kind LogCreated
11:01:36.404 [main] DEBUG com.browserstack.testOps.Listener - [ TESTHUB ] Processing Request Kind LogCreated
11:01:36.404 [main] DEBUG com.browserstack.testOps.Listener - [ TESTHUB ] Processing Request Kind LogCreated
11:01:36.404 [main] DEBUG com.browserstack.testOps.Listener - [ TESTHUB ] Processing Request Kind LogCreated
11:01:36.404 [main] DEBUG com.browserstack.testOps.Listener - [ TESTHUB ] Processing Request Kind LogCreated
11:01:36.405 [main] DEBUG com.browserstack.testOps.Listener - [ TESTHUB ] Processing Request Kind LogCreated
11:01:36.406 [main] DEBUG com.browserstack.testOps.Listener - [ TESTHUB ] Processing Request Kind LogCreated
11:01:36.406 [main] DEBUG com.browserstack.testOps.Listener - [ TESTHUB ] Processing Request Kind LogCreated
11:01:36.406 [main] DEBUG com.browserstack.testOps.Listener - [ TESTHUB ] Processing Request Kind LogCreated
11:01:36.406 [main] DEBUG com.browserstack.testOps.Listener - [ TESTHUB ] Processing Request Kind LogCreated
11:01:36.406 [main] DEBUG com.browserstack.testOps.Listener - [ TESTHUB ] Processing Request Kind LogCreated
11:01:36.406 [main] DEBUG com.browserstack.testOps.Listener - [ TESTHUB ] Processing Request Kind LogCreated
11:01:36.408 [main] DEBUG com.browserstack.testOps.Listener - [ TESTHUB ] Processing Request Kind LogCreated
11:01:36.408 [main] DEBUG com.browserstack.testOps.Listener - [ TESTHUB ] Processing Request Kind LogCreated
11:01:36.408 [main] DEBUG com.browserstack.testOps.Listener - [ TESTHUB ] Processing Request Kind LogCreated
11:01:36.409 [main] DEBUG com.browserstack.testOps.Listener - [ TESTHUB ] Processing Request Kind LogCreated
11:01:36.409 [main] DEBUG com.browserstack.testOps.Listener - [ TESTHUB ] Processing Request Kind LogCreated
11:01:36.409 [main] DEBUG com.browserstack.testOps.Listener - [ TESTHUB ] Processing Request Kind LogCreated
11:01:36.409 [main] DEBUG com.browserstack.testOps.Listener - [ TESTHUB ] Processing Request Kind LogCreated
11:01:36.410 [main] DEBUG com.browserstack.testOps.Listener - [ TESTHUB ] Processing Request Kind LogCreated
11:01:36.410 [main] DEBUG com.browserstack.testOps.Listener - [ TESTHUB ] Processing Request Kind LogCreated
11:01:36.410 [main] DEBUG com.browserstack.testOps.Listener - [ TESTHUB ] Processing Request Kind LogCreated
11:01:36.410 [main] DEBUG com.browserstack.testOps.Listener - [ TESTHUB ] Processing Request Kind LogCreated
11:01:36.410 [main] DEBUG com.browserstack.testOps.Listener - [ TESTHUB ] Processing Request Kind LogCreated
11:01:36.410 [main] DEBUG com.browserstack.testOps.Listener - [ TESTHUB ] Processing Request Kind LogCreated
11:01:36.411 [main] DEBUG com.browserstack.testOps.Listener - [ TESTHUB ] Processing Request Kind LogCreated
11:01:36.411 [main] DEBUG com.browserstack.testOps.Listener - [ TESTHUB ] Processing Request Kind LogCreated
11:01:36.411 [main] DEBUG com.browserstack.testOps.Listener - [ TESTHUB ] Processing Request Kind LogCreated
11:01:36.411 [main] DEBUG com.browserstack.testOps.Listener - [ TESTHUB ] Processing Request Kind LogCreated
11:01:36.411 [main] DEBUG com.browserstack.testOps.Listener - [ TESTHUB ] Processing Request Kind LogCreated
11:01:36.412 [main] DEBUG com.browserstack.testOps.Listener - [ TESTHUB ] Processing Request Kind LogCreated
11:01:36.412 [main] DEBUG com.browserstack.testOps.Listener - [ TESTHUB ] Processing Request Kind LogCreated
11:01:36.412 [main] DEBUG com.browserstack.testOps.Listener - [ TESTHUB ] Processing Request Kind LogCreated
11:01:36.412 [main] DEBUG com.browserstack.testOps.Listener - [ TESTHUB ] Processing Request Kind LogCreated
11:01:36.412 [main] DEBUG com.browserstack.testOps.Listener - [ TESTHUB ] Processing Request Kind LogCreated
11:01:36.413 [main] DEBUG com.browserstack.testOps.Listener - [ TESTHUB ] Processing Request Kind LogCreated
11:01:36.413 [main] DEBUG com.browserstack.testOps.Listener - [ TESTHUB ] Processing Request Kind LogCreated
11:01:36.416 [main] DEBUG com.browserstack.testOps.Listener - [ TESTHUB ] Processing Request Kind LogCreated
11:01:36.416 [main] DEBUG com.browserstack.testOps.Listener - [ TESTHUB ] Processing Request Kind LogCreated
11:01:36.416 [main] DEBUG com.browserstack.testOps.Listener - [ TESTHUB ] Processing Request Kind LogCreated
11:01:36.417 [main] DEBUG com.browserstack.testOps.Listener - [ TESTHUB ] Processing Request Kind LogCreated
11:01:36.417 [main] DEBUG com.browserstack.testOps.Listener - [ TESTHUB ] Processing Request Kind LogCreated
11:01:36.417 [main] DEBUG com.browserstack.testOps.Listener - [ TESTHUB ] Processing Request Kind LogCreated
11:01:36.417 [main] DEBUG com.browserstack.testOps.Listener - [ TESTHUB ] Processing Request Kind LogCreated
11:01:36.417 [main] DEBUG com.browserstack.testOps.Listener - [ TESTHUB ] Processing Request Kind LogCreated
11:01:36.418 [main] DEBUG com.browserstack.testOps.Listener - [ TESTHUB ] Processing Request Kind LogCreated
11:01:36.418 [main] DEBUG com.browserstack.testOps.Listener - [ TESTHUB ] Processing Request Kind LogCreated
11:01:36.418 [main] DEBUG com.browserstack.testOps.Listener - [ TESTHUB ] Processing Request Kind LogCreated
11:01:36.418 [main] DEBUG com.browserstack.testOps.Listener - [ TESTHUB ] Processing Request Kind LogCreated
11:01:36.418 [main] DEBUG com.browserstack.testOps.Listener - [ TESTHUB ] Processing Request Kind LogCreated
11:01:36.419 [main] DEBUG com.browserstack.testOps.Listener - [ TESTHUB ] Processing Request Kind LogCreated
11:01:36.419 [main] DEBUG com.browserstack.testOps.Listener - [ TESTHUB ] Processing Request Kind LogCreated
11:01:36.419 [main] DEBUG com.browserstack.testOps.Listener - [ TESTHUB ] Processing Request Kind LogCreated
11:01:36.420 [main] DEBUG com.browserstack.testOps.Listener - [ TESTHUB ] Processing Request Kind LogCreated
11:01:36.420 [main] DEBUG com.browserstack.testOps.Listener - [ TESTHUB ] Processing Request Kind LogCreated
11:01:36.420 [main] DEBUG com.browserstack.testOps.Listener - [ TESTHUB ] Processing Request Kind LogCreated
11:01:36.420 [main] DEBUG com.browserstack.testOps.Listener - [ TESTHUB ] Processing Request Kind LogCreated
11:01:36.420 [main] DEBUG com.browserstack.testOps.Listener - [ TESTHUB ] Processing Request Kind LogCreated
11:01:36.420 [main] DEBUG com.browserstack.testOps.Listener - [ TESTHUB ] Processing Request Kind LogCreated
11:01:36.420 [main] DEBUG com.browserstack.testOps.Listener - [ TESTHUB ] Processing Request Kind LogCreated
11:01:36.421 [main] DEBUG com.browserstack.testOps.Listener - [ TESTHUB ] Processing Request Kind LogCreated
11:01:36.421 [main] DEBUG com.browserstack.testOps.Listener - [ TESTHUB ] Processing Request Kind LogCreated
11:01:36.421 [main] DEBUG com.browserstack.testOps.Listener - [ TESTHUB ] Processing Request Kind LogCreated
11:01:36.422 [main] DEBUG com.browserstack.testOps.Listener - [ TESTHUB ] Processing Request Kind LogCreated
11:01:36.422 [main] DEBUG com.browserstack.testOps.Listener - [ TESTHUB ] Processing Request Kind LogCreated
11:01:36.422 [main] DEBUG com.browserstack.testOps.Listener - [ TESTHUB ] Processing Request Kind LogCreated
11:01:36.422 [main] DEBUG com.browserstack.testOps.Listener - [ TESTHUB ] Processing Request Kind LogCreated
11:01:36.422 [main] DEBUG com.browserstack.testOps.Listener - [ TESTHUB ] Processing Request Kind LogCreated
11:01:36.422 [main] DEBUG com.browserstack.testOps.Listener - [ TESTHUB ] Processing Request Kind LogCreated
11:01:36.423 [main] DEBUG com.browserstack.testOps.Listener - [ TESTHUB ] Processing Request Kind LogCreated
11:01:36.423 [main] DEBUG com.browserstack.testOps.Listener - [ TESTHUB ] Processing Request Kind LogCreated
11:01:36.424 [main] DEBUG com.browserstack.testOps.Listener - [ TESTHUB ] Processing Request Kind LogCreated
11:01:36.424 [main] DEBUG com.browserstack.testOps.Listener - [ TESTHUB ] Processing Request Kind LogCreated
11:01:36.424 [main] DEBUG com.browserstack.testOps.Listener - [ TESTHUB ] Processing Request Kind LogCreated
11:01:36.424 [main] DEBUG com.browserstack.testOps.Listener - [ TESTHUB ] Processing Request Kind LogCreated
11:01:36.424 [main] DEBUG com.browserstack.testOps.Listener - [ TESTHUB ] Processing Request Kind LogCreated
11:01:36.425 [main] DEBUG com.browserstack.testOps.Listener - [ TESTHUB ] Processing Request Kind LogCreated
11:01:36.425 [main] DEBUG com.browserstack.testOps.Listener - [ TESTHUB ] Processing Request Kind LogCreated
11:01:36.425 [main] DEBUG com.browserstack.testOps.Listener - [ TESTHUB ] Processing Request Kind LogCreated
11:01:36.425 [main] DEBUG com.browserstack.testOps.Listener - [ TESTHUB ] Processing Request Kind LogCreated
11:01:36.425 [main] DEBUG com.browserstack.testOps.Listener - [ TESTHUB ] Processing Request Kind LogCreated
11:01:36.425 [main] DEBUG com.browserstack.testOps.Listener - [ TESTHUB ] Processing Request Kind LogCreated
11:01:36.425 [main] DEBUG com.browserstack.testOps.Listener - [ TESTHUB ] Processing Request Kind LogCreated
11:01:36.425 [main] DEBUG com.browserstack.testOps.Listener - [ TESTHUB ] Processing Request Kind LogCreated
11:01:36.428 [main] DEBUG com.browserstack.testOps.Listener - [ TESTHUB ] Processing Request Kind LogCreated
11:01:36.429 [main] DEBUG c.browserstack.utils.LogReportingAPI - [2024-11-05T07:01:36.429579300Z][ OBSERVABILITY ] Processing Logs patching stream
11:01:36.449 [main] DEBUG com.browserstack.testOps.Listener - [ TESTHUB ] Processing Request Kind LogCreated
11:01:36.474 [Default test-2@2] DEBUG com.browserstack.testOps.Listener - [ TESTHUB ] Processing Request Kind LogCreated
11:01:36.474 [Default test-0@0] DEBUG com.browserstack.testOps.Listener - [ TESTHUB ] Processing Request Kind LogCreated
11:01:36.474 [Default test-1@1] DEBUG com.browserstack.testOps.Listener - [ TESTHUB ] Processing Request Kind LogCreated
11:01:36.510 [ConfigureAppium@1] DEBUG c.b.testNgListeners.TestNGUtils - [populateTestDataForBSTestOps] Event Type :: HookRunStarted, Method ClassName :: MargoExpress.Mobile.BaseTest 
11:01:36.510 [ConfigureAppium@0] DEBUG c.b.testNgListeners.TestNGUtils - [populateTestDataForBSTestOps] Event Type :: HookRunStarted, Method ClassName :: MargoExpress.Mobile.BaseTest 
11:01:36.510 [ConfigureAppium@2] DEBUG c.b.testNgListeners.TestNGUtils - [populateTestDataForBSTestOps] Event Type :: HookRunStarted, Method ClassName :: MargoExpress.Mobile.BaseTest 
11:01:36.510 [ConfigureAppium@1] DEBUG c.browserstack.utils.UtilityMethods - [findFileMatcher] Current Path is :: C:\Users\xps\eclipse-workspace\Mobile, TestClass :: MargoExpress\Mobile\BaseTest
11:01:36.510 [ConfigureAppium@0] DEBUG c.browserstack.utils.UtilityMethods - [findFileMatcher] Current Path is :: C:\Users\xps\eclipse-workspace\Mobile, TestClass :: MargoExpress\Mobile\BaseTest
11:01:36.510 [ConfigureAppium@2] DEBUG c.browserstack.utils.UtilityMethods - [findFileMatcher] Current Path is :: C:\Users\xps\eclipse-workspace\Mobile, TestClass :: MargoExpress\Mobile\BaseTest
11:01:36.665 [ConfigureAppium@2] DEBUG c.b.testNgListeners.TestNGUtils - [populateTestDataForBSTestOps] The filename fetched :: C:\Users\xps\eclipse-workspace\Mobile\src\test\java\MargoExpress\Mobile\BaseTest.java, fileSeparator :: \, AbsolutePath :: C:\Users\xps\eclipse-workspace\Mobile\., Normalized Path :: C:\Users\xps\eclipse-workspace\Mobile, File.Separator :: \
11:01:36.665 [ConfigureAppium@0] DEBUG c.b.testNgListeners.TestNGUtils - [populateTestDataForBSTestOps] The filename fetched :: C:\Users\xps\eclipse-workspace\Mobile\src\test\java\MargoExpress\Mobile\BaseTest.java, fileSeparator :: \, AbsolutePath :: C:\Users\xps\eclipse-workspace\Mobile\., Normalized Path :: C:\Users\xps\eclipse-workspace\Mobile, File.Separator :: \
11:01:36.665 [ConfigureAppium@1] DEBUG c.b.testNgListeners.TestNGUtils - [populateTestDataForBSTestOps] The filename fetched :: C:\Users\xps\eclipse-workspace\Mobile\src\test\java\MargoExpress\Mobile\BaseTest.java, fileSeparator :: \, AbsolutePath :: C:\Users\xps\eclipse-workspace\Mobile\., Normalized Path :: C:\Users\xps\eclipse-workspace\Mobile, File.Separator :: \
11:01:36.665 [ConfigureAppium@2] DEBUG c.b.testNgListeners.TestNGUtils - [populateTestDataForBSTestOps] Replaced File Name is :: Mobile\src\test\java\MargoExpress\Mobile\BaseTest.java, Absolute Path :: C:\Users\xps\eclipse-workspace\Mobile\.., Normalized Path :: C:\Users\xps\eclipse-workspace 
11:01:36.665 [ConfigureAppium@1] DEBUG c.b.testNgListeners.TestNGUtils - [populateTestDataForBSTestOps] Replaced File Name is :: Mobile\src\test\java\MargoExpress\Mobile\BaseTest.java, Absolute Path :: C:\Users\xps\eclipse-workspace\Mobile\.., Normalized Path :: C:\Users\xps\eclipse-workspace 
11:01:36.665 [ConfigureAppium@0] DEBUG c.b.testNgListeners.TestNGUtils - [populateTestDataForBSTestOps] Replaced File Name is :: Mobile\src\test\java\MargoExpress\Mobile\BaseTest.java, Absolute Path :: C:\Users\xps\eclipse-workspace\Mobile\.., Normalized Path :: C:\Users\xps\eclipse-workspace 
11:01:36.667 [ConfigureAppium@1] DEBUG com.browserstack.testOps.Listener - [ TESTHUB ] Processing Request Kind HookRunStarted
11:01:36.667 [ConfigureAppium@0] DEBUG com.browserstack.testOps.Listener - [ TESTHUB ] Processing Request Kind HookRunStarted
11:01:36.667 [ConfigureAppium@2] DEBUG com.browserstack.testOps.Listener - [ TESTHUB ] Processing Request Kind HookRunStarted
11:01:38.345 [pool-4-thread-1] DEBUG c.browserstack.utils.RequestBatcher - Time Since Last Batch Processed 1730790098345

11:01:38.349 [pool-5-thread-1] DEBUG c.browserstack.utils.RequestBatcher - Processing Batch 149

11:01:38.351 [pool-5-thread-1] DEBUG c.browserstack.testOps.RequestUtils - [requestToTestOps] Sending Observability request: POST api/v1/batch with request size 35826
11:01:38.353 [pool-5-thread-1] DEBUG c.browserstack.testOps.RequestUtils - [makeRequest] Sending request: POST https://collector-observability.browserstack.com/api/v1/batch with request size 35826
11:01:38.860 [pool-5-thread-1] DEBUG c.browserstack.testOps.RequestUtils - [makeRequest]: Response code: 200
11:01:38.860 [pool-5-thread-1] DEBUG c.browserstack.testOps.RequestUtils - requestToTestOps: Response code: 200
11:01:38.861 [pool-5-thread-1] DEBUG c.browserstack.utils.LogReportingAPI - 
[2024-11-05T07:01:38.861621200Z][ TESTHUB ] Batch event successfull!

11:01:40.848 [ConfigureAppium@2] DEBUG c.browserstack.utils.UtilityMethods - [Patch]: SDK enabled, patching remote server
11:01:40.848 [ConfigureAppium@1] DEBUG c.browserstack.utils.UtilityMethods - [Patch]: SDK enabled, patching remote server
11:01:40.848 [ConfigureAppium@0] DEBUG c.browserstack.utils.UtilityMethods - [Patch]: SDK enabled, patching remote server
11:01:40.855 [ConfigureAppium@2] DEBUG c.b.selenium.SeleniumHandler - beforeDriverInit: SDK enabled. Thread ID: 74
11:01:40.855 [ConfigureAppium@0] DEBUG c.b.selenium.SeleniumHandler - beforeDriverInit: SDK enabled. Thread ID: 72
11:01:40.855 [ConfigureAppium@1] DEBUG c.b.selenium.SeleniumHandler - beforeDriverInit: SDK enabled. Thread ID: 73
11:01:40.866 [ConfigureAppium@0] DEBUG c.browserstack.utils.UtilityMethods - [Patch]: SDK enabled, patching remote server
11:01:40.867 [ConfigureAppium@1] DEBUG c.browserstack.utils.UtilityMethods - [Patch]: SDK enabled, patching remote server
11:01:40.867 [ConfigureAppium@2] DEBUG c.browserstack.utils.UtilityMethods - [Patch]: SDK enabled, patching remote server
11:01:42.340 [pool-4-thread-1] DEBUG c.browserstack.utils.RequestBatcher - Time Since Last Batch Processed 3994

11:01:46.339 [pool-4-thread-1] DEBUG c.browserstack.utils.RequestBatcher - Time Since Last Batch Processed 3998

11:01:48.342 [pool-4-thread-1] DEBUG c.browserstack.utils.RequestBatcher - Time Since Last Batch Processed 2003

11:01:52.343 [pool-4-thread-1] DEBUG c.browserstack.utils.RequestBatcher - Time Since Last Batch Processed 4000

11:01:54.345 [pool-4-thread-1] DEBUG c.browserstack.utils.RequestBatcher - Time Since Last Batch Processed 2002

11:01:58.339 [pool-4-thread-1] DEBUG c.browserstack.utils.RequestBatcher - Time Since Last Batch Processed 3994

11:02:00.341 [pool-4-thread-1] DEBUG c.browserstack.utils.RequestBatcher - Time Since Last Batch Processed 2001

11:02:04.337 [pool-4-thread-1] DEBUG c.browserstack.utils.RequestBatcher - Time Since Last Batch Processed 3996

11:02:04.688 [ConfigureAppium@1] DEBUG c.b.selenium.SeleniumHandler - afterDriverInit: requested
11:02:04.710 [ConfigureAppium@1] DEBUG c.b.utils.SeleniumMethodUtils - getURLFromCommandExecutor: Getting Hub url from HttpCommandExecutor
11:02:04.710 [ConfigureAppium@1] DEBUG c.b.utils.SeleniumMethodUtils - getURLFromCommandExecutor: Found url: https://hub-aps.browserstack.com/wd/hub
11:02:04.710 [ConfigureAppium@1] DEBUG c.b.utils.SeleniumMethodUtils - getURLFromCommandExecutor: Getting Hub url from HttpCommandExecutor
11:02:04.710 [ConfigureAppium@1] DEBUG c.b.utils.SeleniumMethodUtils - getURLFromCommandExecutor: Found url: https://hub-aps.browserstack.com/wd/hub
11:02:04.823 [Default test-1@1] DEBUG c.b.testNgListeners.TestNGUtils - [populateTestDataForBSTestOps] Event Type :: TestRunStarted, Test ClassName :: MargoExpress.Mobile.Ecommerce_Tc_4_Hybrid 
11:02:04.823 [Default test-1@1] DEBUG c.browserstack.utils.UtilityMethods - [findFileMatcher] Current Path is :: C:\Users\xps\eclipse-workspace\Mobile, TestClass :: MargoExpress\Mobile\Ecommerce_Tc_4_Hybrid
11:02:04.879 [Default test-1@1] DEBUG c.b.testNgListeners.TestNGUtils - [populateTestDataForBSTestOps] The filename fetched :: C:\Users\xps\eclipse-workspace\Mobile\src\test\java\MargoExpress\Mobile\Ecommerce_Tc_4_Hybrid.java, fileSeparator :: \, AbsolutePath :: C:\Users\xps\eclipse-workspace\Mobile\., Normalized Path :: C:\Users\xps\eclipse-workspace\Mobile, File.Separator :: \
11:02:04.879 [Default test-1@1] DEBUG c.b.testNgListeners.TestNGUtils - [populateTestDataForBSTestOps] Replaced File Name is :: Mobile\src\test\java\MargoExpress\Mobile\Ecommerce_Tc_4_Hybrid.java, Absolute Path :: C:\Users\xps\eclipse-workspace\Mobile\.., Normalized Path :: C:\Users\xps\eclipse-workspace 
11:02:04.891 [Default test-1@1] DEBUG c.b.utils.SeleniumMethodUtils - getURLFromCommandExecutor: Getting Hub url from HttpCommandExecutor
11:02:04.891 [Default test-1@1] DEBUG c.b.utils.SeleniumMethodUtils - getURLFromCommandExecutor: Found url: https://hub-aps.browserstack.com/wd/hub
11:02:04.891 [Default test-1@1] DEBUG c.b.utils.SeleniumMethodUtils - getURLFromCommandExecutor: Getting Hub url from HttpCommandExecutor
11:02:04.891 [Default test-1@1] DEBUG c.b.utils.SeleniumMethodUtils - getURLFromCommandExecutor: Found url: https://hub-aps.browserstack.com/wd/hub
11:02:04.893 [Default test-1@1] DEBUG com.browserstack.testOps.Listener - [ TESTHUB ] Processing Request Kind TestRunStarted
11:02:05.660 [ConfigureAppium@0] DEBUG c.b.selenium.SeleniumHandler - afterDriverInit: requested
11:02:05.699 [ConfigureAppium@0] DEBUG c.b.utils.SeleniumMethodUtils - getURLFromCommandExecutor: Getting Hub url from HttpCommandExecutor
11:02:05.700 [ConfigureAppium@0] DEBUG c.b.utils.SeleniumMethodUtils - getURLFromCommandExecutor: Found url: https://hub-aps.browserstack.com/wd/hub
11:02:05.700 [ConfigureAppium@0] DEBUG c.b.utils.SeleniumMethodUtils - getURLFromCommandExecutor: Getting Hub url from HttpCommandExecutor
11:02:05.700 [ConfigureAppium@0] DEBUG c.b.utils.SeleniumMethodUtils - getURLFromCommandExecutor: Found url: https://hub-aps.browserstack.com/wd/hub
11:02:05.841 [Default test-0@0] DEBUG c.b.testNgListeners.TestNGUtils - [populateTestDataForBSTestOps] Event Type :: TestRunStarted, Test ClassName :: MargoExpress.Mobile.Ecommerce_Tc_4_Hybrid 
11:02:05.841 [Default test-0@0] DEBUG c.browserstack.utils.UtilityMethods - [findFileMatcher] Current Path is :: C:\Users\xps\eclipse-workspace\Mobile, TestClass :: MargoExpress\Mobile\Ecommerce_Tc_4_Hybrid
11:02:05.884 [ConfigureAppium@2] DEBUG c.b.selenium.SeleniumHandler - afterDriverInit: requested
11:02:05.896 [ConfigureAppium@2] DEBUG c.b.utils.SeleniumMethodUtils - getURLFromCommandExecutor: Getting Hub url from HttpCommandExecutor
11:02:05.896 [ConfigureAppium@2] DEBUG c.b.utils.SeleniumMethodUtils - getURLFromCommandExecutor: Found url: https://hub-aps.browserstack.com/wd/hub
11:02:05.896 [ConfigureAppium@2] DEBUG c.b.utils.SeleniumMethodUtils - getURLFromCommandExecutor: Getting Hub url from HttpCommandExecutor
11:02:05.896 [ConfigureAppium@2] DEBUG c.b.utils.SeleniumMethodUtils - getURLFromCommandExecutor: Found url: https://hub-aps.browserstack.com/wd/hub
11:02:05.898 [Default test-0@0] DEBUG c.b.testNgListeners.TestNGUtils - [populateTestDataForBSTestOps] The filename fetched :: C:\Users\xps\eclipse-workspace\Mobile\src\test\java\MargoExpress\Mobile\Ecommerce_Tc_4_Hybrid.java, fileSeparator :: \, AbsolutePath :: C:\Users\xps\eclipse-workspace\Mobile\., Normalized Path :: C:\Users\xps\eclipse-workspace\Mobile, File.Separator :: \
11:02:05.898 [Default test-0@0] DEBUG c.b.testNgListeners.TestNGUtils - [populateTestDataForBSTestOps] Replaced File Name is :: Mobile\src\test\java\MargoExpress\Mobile\Ecommerce_Tc_4_Hybrid.java, Absolute Path :: C:\Users\xps\eclipse-workspace\Mobile\.., Normalized Path :: C:\Users\xps\eclipse-workspace 
11:02:05.910 [Default test-0@0] DEBUG c.b.utils.SeleniumMethodUtils - getURLFromCommandExecutor: Getting Hub url from HttpCommandExecutor
11:02:05.910 [Default test-0@0] DEBUG c.b.utils.SeleniumMethodUtils - getURLFromCommandExecutor: Found url: https://hub-aps.browserstack.com/wd/hub
11:02:05.910 [Default test-0@0] DEBUG c.b.utils.SeleniumMethodUtils - getURLFromCommandExecutor: Getting Hub url from HttpCommandExecutor
11:02:05.911 [Default test-0@0] DEBUG c.b.utils.SeleniumMethodUtils - getURLFromCommandExecutor: Found url: https://hub-aps.browserstack.com/wd/hub
11:02:05.913 [Default test-0@0] DEBUG com.browserstack.testOps.Listener - [ TESTHUB ] Processing Request Kind TestRunStarted
11:02:05.986 [Default test-2@2] DEBUG c.b.testNgListeners.TestNGUtils - [populateTestDataForBSTestOps] Event Type :: TestRunStarted, Test ClassName :: MargoExpress.Mobile.Ecommerce_Tc_4_Hybrid 
11:02:05.987 [Default test-2@2] DEBUG c.browserstack.utils.UtilityMethods - [findFileMatcher] Current Path is :: C:\Users\xps\eclipse-workspace\Mobile, TestClass :: MargoExpress\Mobile\Ecommerce_Tc_4_Hybrid
11:02:06.037 [Default test-2@2] DEBUG c.b.testNgListeners.TestNGUtils - [populateTestDataForBSTestOps] The filename fetched :: C:\Users\xps\eclipse-workspace\Mobile\src\test\java\MargoExpress\Mobile\Ecommerce_Tc_4_Hybrid.java, fileSeparator :: \, AbsolutePath :: C:\Users\xps\eclipse-workspace\Mobile\., Normalized Path :: C:\Users\xps\eclipse-workspace\Mobile, File.Separator :: \
11:02:06.038 [Default test-2@2] DEBUG c.b.testNgListeners.TestNGUtils - [populateTestDataForBSTestOps] Replaced File Name is :: Mobile\src\test\java\MargoExpress\Mobile\Ecommerce_Tc_4_Hybrid.java, Absolute Path :: C:\Users\xps\eclipse-workspace\Mobile\.., Normalized Path :: C:\Users\xps\eclipse-workspace 
11:02:06.046 [Default test-2@2] DEBUG c.b.utils.SeleniumMethodUtils - getURLFromCommandExecutor: Getting Hub url from HttpCommandExecutor
11:02:06.047 [Default test-2@2] DEBUG c.b.utils.SeleniumMethodUtils - getURLFromCommandExecutor: Found url: https://hub-aps.browserstack.com/wd/hub
11:02:06.047 [Default test-2@2] DEBUG c.b.utils.SeleniumMethodUtils - getURLFromCommandExecutor: Getting Hub url from HttpCommandExecutor
11:02:06.047 [Default test-2@2] DEBUG c.b.utils.SeleniumMethodUtils - getURLFromCommandExecutor: Found url: https://hub-aps.browserstack.com/wd/hub
11:02:06.050 [Default test-2@2] DEBUG com.browserstack.testOps.Listener - [ TESTHUB ] Processing Request Kind TestRunStarted
11:02:06.344 [pool-4-thread-1] DEBUG c.browserstack.utils.RequestBatcher - Time Since Last Batch Processed 2007

11:02:06.345 [pool-5-thread-1] DEBUG c.browserstack.utils.RequestBatcher - Processing Batch 3

11:02:06.345 [pool-5-thread-1] DEBUG c.browserstack.testOps.RequestUtils - [requestToTestOps] Sending Observability request: POST api/v1/batch with request size 9609
11:02:06.346 [pool-5-thread-1] DEBUG c.browserstack.testOps.RequestUtils - [makeRequest] Sending request: POST https://collector-observability.browserstack.com/api/v1/batch with request size 9609
11:02:06.571 [pool-5-thread-1] DEBUG c.browserstack.testOps.RequestUtils - [makeRequest]: Response code: 200
11:02:06.571 [pool-5-thread-1] DEBUG c.browserstack.testOps.RequestUtils - requestToTestOps: Response code: 200
11:02:06.573 [pool-5-thread-1] DEBUG c.browserstack.utils.LogReportingAPI - 
[2024-11-05T07:02:06.573101500Z][ TESTHUB ] Batch event successfull!

11:02:10.345 [pool-4-thread-1] DEBUG c.browserstack.utils.RequestBatcher - Time Since Last Batch Processed 4000

11:02:14.343 [pool-4-thread-1] DEBUG c.browserstack.utils.RequestBatcher - Time Since Last Batch Processed 3997

11:02:17.052 [FillForm@1] DEBUG c.b.testNgListeners.TestNGUtils - [populateTestDataForBSTestOps] Event Type :: HookRunFinished, Method ClassName :: MargoExpress.Mobile.BaseTest 
11:02:17.052 [FillForm@1] DEBUG c.browserstack.utils.UtilityMethods - [findFileMatcher] Current Path is :: C:\Users\xps\eclipse-workspace\Mobile, TestClass :: MargoExpress\Mobile\BaseTest
11:02:17.101 [FillForm@1] DEBUG c.b.testNgListeners.TestNGUtils - [populateTestDataForBSTestOps] The filename fetched :: C:\Users\xps\eclipse-workspace\Mobile\src\test\java\MargoExpress\Mobile\BaseTest.java, fileSeparator :: \, AbsolutePath :: C:\Users\xps\eclipse-workspace\Mobile\., Normalized Path :: C:\Users\xps\eclipse-workspace\Mobile, File.Separator :: \
11:02:17.101 [FillForm@1] DEBUG c.b.testNgListeners.TestNGUtils - [populateTestDataForBSTestOps] Replaced File Name is :: Mobile\src\test\java\MargoExpress\Mobile\BaseTest.java, Absolute Path :: C:\Users\xps\eclipse-workspace\Mobile\.., Normalized Path :: C:\Users\xps\eclipse-workspace 
11:02:17.105 [FillForm@1] DEBUG c.b.utils.SeleniumMethodUtils - getURLFromCommandExecutor: Getting Hub url from HttpCommandExecutor
11:02:17.105 [FillForm@1] DEBUG c.b.utils.SeleniumMethodUtils - getURLFromCommandExecutor: Found url: https://hub-aps.browserstack.com/wd/hub
11:02:17.106 [FillForm@1] DEBUG c.b.utils.SeleniumMethodUtils - getURLFromCommandExecutor: Getting Hub url from HttpCommandExecutor
11:02:17.106 [FillForm@1] DEBUG c.b.utils.SeleniumMethodUtils - getURLFromCommandExecutor: Found url: https://hub-aps.browserstack.com/wd/hub
11:02:17.106 [FillForm@1] DEBUG com.browserstack.testOps.Listener - [ TESTHUB ] Processing Request Kind HookRunFinished
11:02:17.106 [FillForm@1] DEBUG c.b.testNgListeners.TestNGUtils - [populateTestDataForBSTestOps] Event Type :: TestRunFinished, Test ClassName :: MargoExpress.Mobile.Ecommerce_Tc_4_Hybrid 
11:02:17.106 [FillForm@1] DEBUG c.browserstack.utils.UtilityMethods - [findFileMatcher] Current Path is :: C:\Users\xps\eclipse-workspace\Mobile, TestClass :: MargoExpress\Mobile\Ecommerce_Tc_4_Hybrid
11:02:17.157 [FillForm@1] DEBUG c.b.testNgListeners.TestNGUtils - [populateTestDataForBSTestOps] The filename fetched :: C:\Users\xps\eclipse-workspace\Mobile\src\test\java\MargoExpress\Mobile\Ecommerce_Tc_4_Hybrid.java, fileSeparator :: \, AbsolutePath :: C:\Users\xps\eclipse-workspace\Mobile\., Normalized Path :: C:\Users\xps\eclipse-workspace\Mobile, File.Separator :: \
11:02:17.157 [FillForm@1] DEBUG c.b.testNgListeners.TestNGUtils - [populateTestDataForBSTestOps] Replaced File Name is :: Mobile\src\test\java\MargoExpress\Mobile\Ecommerce_Tc_4_Hybrid.java, Absolute Path :: C:\Users\xps\eclipse-workspace\Mobile\.., Normalized Path :: C:\Users\xps\eclipse-workspace 
11:02:17.164 [FillForm@1] DEBUG c.b.utils.SeleniumMethodUtils - getURLFromCommandExecutor: Getting Hub url from HttpCommandExecutor
11:02:17.164 [FillForm@1] DEBUG c.b.utils.SeleniumMethodUtils - getURLFromCommandExecutor: Found url: https://hub-aps.browserstack.com/wd/hub
11:02:17.164 [FillForm@1] DEBUG c.b.utils.SeleniumMethodUtils - getURLFromCommandExecutor: Getting Hub url from HttpCommandExecutor
11:02:17.164 [FillForm@1] DEBUG c.b.utils.SeleniumMethodUtils - getURLFromCommandExecutor: Found url: https://hub-aps.browserstack.com/wd/hub
11:02:17.167 [FillForm@1] DEBUG com.browserstack.testOps.Listener - [ TESTHUB ] Processing Request Kind TestRunFinished
11:02:17.236 [Default test-1@1] DEBUG c.b.testNgListeners.TestNGUtils - [populateTestDataForBSTestOps] Event Type :: TestRunStarted, Test ClassName :: MargoExpress.Mobile.Ecommerce_Tc_4_Hybrid 
11:02:17.236 [Default test-1@1] DEBUG c.browserstack.utils.UtilityMethods - [findFileMatcher] Current Path is :: C:\Users\xps\eclipse-workspace\Mobile, TestClass :: MargoExpress\Mobile\Ecommerce_Tc_4_Hybrid
11:02:17.301 [Default test-1@1] DEBUG c.b.testNgListeners.TestNGUtils - [populateTestDataForBSTestOps] The filename fetched :: C:\Users\xps\eclipse-workspace\Mobile\src\test\java\MargoExpress\Mobile\Ecommerce_Tc_4_Hybrid.java, fileSeparator :: \, AbsolutePath :: C:\Users\xps\eclipse-workspace\Mobile\., Normalized Path :: C:\Users\xps\eclipse-workspace\Mobile, File.Separator :: \
11:02:17.301 [Default test-1@1] DEBUG c.b.testNgListeners.TestNGUtils - [populateTestDataForBSTestOps] Replaced File Name is :: Mobile\src\test\java\MargoExpress\Mobile\Ecommerce_Tc_4_Hybrid.java, Absolute Path :: C:\Users\xps\eclipse-workspace\Mobile\.., Normalized Path :: C:\Users\xps\eclipse-workspace 
11:02:17.307 [Default test-1@1] DEBUG c.b.utils.SeleniumMethodUtils - getURLFromCommandExecutor: Getting Hub url from HttpCommandExecutor
11:02:17.308 [Default test-1@1] DEBUG c.b.utils.SeleniumMethodUtils - getURLFromCommandExecutor: Found url: https://hub-aps.browserstack.com/wd/hub
11:02:17.308 [Default test-1@1] DEBUG c.b.utils.SeleniumMethodUtils - getURLFromCommandExecutor: Getting Hub url from HttpCommandExecutor
11:02:17.308 [Default test-1@1] DEBUG c.b.utils.SeleniumMethodUtils - getURLFromCommandExecutor: Found url: https://hub-aps.browserstack.com/wd/hub
11:02:17.310 [Default test-1@1] DEBUG com.browserstack.testOps.Listener - [ TESTHUB ] Processing Request Kind TestRunStarted
11:02:17.844 [FillForm@2] DEBUG c.b.testNgListeners.TestNGUtils - [populateTestDataForBSTestOps] Event Type :: HookRunFinished, Method ClassName :: MargoExpress.Mobile.BaseTest 
11:02:17.844 [FillForm@2] DEBUG c.browserstack.utils.UtilityMethods - [findFileMatcher] Current Path is :: C:\Users\xps\eclipse-workspace\Mobile, TestClass :: MargoExpress\Mobile\BaseTest
11:02:17.902 [FillForm@2] DEBUG c.b.testNgListeners.TestNGUtils - [populateTestDataForBSTestOps] The filename fetched :: C:\Users\xps\eclipse-workspace\Mobile\src\test\java\MargoExpress\Mobile\BaseTest.java, fileSeparator :: \, AbsolutePath :: C:\Users\xps\eclipse-workspace\Mobile\., Normalized Path :: C:\Users\xps\eclipse-workspace\Mobile, File.Separator :: \
11:02:17.902 [FillForm@2] DEBUG c.b.testNgListeners.TestNGUtils - [populateTestDataForBSTestOps] Replaced File Name is :: Mobile\src\test\java\MargoExpress\Mobile\BaseTest.java, Absolute Path :: C:\Users\xps\eclipse-workspace\Mobile\.., Normalized Path :: C:\Users\xps\eclipse-workspace 
11:02:17.909 [FillForm@2] DEBUG c.b.utils.SeleniumMethodUtils - getURLFromCommandExecutor: Getting Hub url from HttpCommandExecutor
11:02:17.909 [FillForm@2] DEBUG c.b.utils.SeleniumMethodUtils - getURLFromCommandExecutor: Found url: https://hub-aps.browserstack.com/wd/hub
11:02:17.909 [FillForm@2] DEBUG c.b.utils.SeleniumMethodUtils - getURLFromCommandExecutor: Getting Hub url from HttpCommandExecutor
11:02:17.909 [FillForm@2] DEBUG c.b.utils.SeleniumMethodUtils - getURLFromCommandExecutor: Found url: https://hub-aps.browserstack.com/wd/hub
11:02:17.909 [FillForm@2] DEBUG com.browserstack.testOps.Listener - [ TESTHUB ] Processing Request Kind HookRunFinished
11:02:17.910 [FillForm@2] DEBUG c.b.testNgListeners.TestNGUtils - [populateTestDataForBSTestOps] Event Type :: TestRunFinished, Test ClassName :: MargoExpress.Mobile.Ecommerce_Tc_4_Hybrid 
11:02:17.910 [FillForm@2] DEBUG c.browserstack.utils.UtilityMethods - [findFileMatcher] Current Path is :: C:\Users\xps\eclipse-workspace\Mobile, TestClass :: MargoExpress\Mobile\Ecommerce_Tc_4_Hybrid
11:02:17.979 [FillForm@2] DEBUG c.b.testNgListeners.TestNGUtils - [populateTestDataForBSTestOps] The filename fetched :: C:\Users\xps\eclipse-workspace\Mobile\src\test\java\MargoExpress\Mobile\Ecommerce_Tc_4_Hybrid.java, fileSeparator :: \, AbsolutePath :: C:\Users\xps\eclipse-workspace\Mobile\., Normalized Path :: C:\Users\xps\eclipse-workspace\Mobile, File.Separator :: \
11:02:17.979 [FillForm@2] DEBUG c.b.testNgListeners.TestNGUtils - [populateTestDataForBSTestOps] Replaced File Name is :: Mobile\src\test\java\MargoExpress\Mobile\Ecommerce_Tc_4_Hybrid.java, Absolute Path :: C:\Users\xps\eclipse-workspace\Mobile\.., Normalized Path :: C:\Users\xps\eclipse-workspace 
11:02:17.985 [FillForm@2] DEBUG c.b.utils.SeleniumMethodUtils - getURLFromCommandExecutor: Getting Hub url from HttpCommandExecutor
11:02:17.986 [FillForm@2] DEBUG c.b.utils.SeleniumMethodUtils - getURLFromCommandExecutor: Found url: https://hub-aps.browserstack.com/wd/hub
11:02:17.986 [FillForm@2] DEBUG c.b.utils.SeleniumMethodUtils - getURLFromCommandExecutor: Getting Hub url from HttpCommandExecutor
11:02:17.986 [FillForm@2] DEBUG c.b.utils.SeleniumMethodUtils - getURLFromCommandExecutor: Found url: https://hub-aps.browserstack.com/wd/hub
11:02:17.987 [FillForm@2] DEBUG com.browserstack.testOps.Listener - [ TESTHUB ] Processing Request Kind TestRunFinished
11:02:18.055 [Default test-2@2] DEBUG c.b.testNgListeners.TestNGUtils - [populateTestDataForBSTestOps] Event Type :: TestRunStarted, Test ClassName :: MargoExpress.Mobile.Ecommerce_Tc_4_Hybrid 
11:02:18.055 [Default test-2@2] DEBUG c.browserstack.utils.UtilityMethods - [findFileMatcher] Current Path is :: C:\Users\xps\eclipse-workspace\Mobile, TestClass :: MargoExpress\Mobile\Ecommerce_Tc_4_Hybrid
11:02:18.107 [Default test-2@2] DEBUG c.b.testNgListeners.TestNGUtils - [populateTestDataForBSTestOps] The filename fetched :: C:\Users\xps\eclipse-workspace\Mobile\src\test\java\MargoExpress\Mobile\Ecommerce_Tc_4_Hybrid.java, fileSeparator :: \, AbsolutePath :: C:\Users\xps\eclipse-workspace\Mobile\., Normalized Path :: C:\Users\xps\eclipse-workspace\Mobile, File.Separator :: \
11:02:18.107 [Default test-2@2] DEBUG c.b.testNgListeners.TestNGUtils - [populateTestDataForBSTestOps] Replaced File Name is :: Mobile\src\test\java\MargoExpress\Mobile\Ecommerce_Tc_4_Hybrid.java, Absolute Path :: C:\Users\xps\eclipse-workspace\Mobile\.., Normalized Path :: C:\Users\xps\eclipse-workspace 
11:02:18.112 [Default test-2@2] DEBUG c.b.utils.SeleniumMethodUtils - getURLFromCommandExecutor: Getting Hub url from HttpCommandExecutor
11:02:18.112 [Default test-2@2] DEBUG c.b.utils.SeleniumMethodUtils - getURLFromCommandExecutor: Found url: https://hub-aps.browserstack.com/wd/hub
11:02:18.113 [Default test-2@2] DEBUG c.b.utils.SeleniumMethodUtils - getURLFromCommandExecutor: Getting Hub url from HttpCommandExecutor
11:02:18.113 [Default test-2@2] DEBUG c.b.utils.SeleniumMethodUtils - getURLFromCommandExecutor: Found url: https://hub-aps.browserstack.com/wd/hub
11:02:18.116 [Default test-2@2] DEBUG com.browserstack.testOps.Listener - [ TESTHUB ] Processing Request Kind TestRunStarted
11:02:18.342 [pool-4-thread-1] DEBUG c.browserstack.utils.RequestBatcher - Time Since Last Batch Processed 3999

11:02:18.343 [pool-5-thread-1] DEBUG c.browserstack.utils.RequestBatcher - Processing Batch 6

11:02:18.345 [pool-5-thread-1] DEBUG c.browserstack.testOps.RequestUtils - [requestToTestOps] Sending Observability request: POST api/v1/batch with request size 19311
11:02:18.346 [pool-5-thread-1] DEBUG c.browserstack.testOps.RequestUtils - [makeRequest] Sending request: POST https://collector-observability.browserstack.com/api/v1/batch with request size 19311
11:02:18.562 [pool-5-thread-1] DEBUG c.browserstack.testOps.RequestUtils - [makeRequest]: Response code: 200
11:02:18.562 [pool-5-thread-1] DEBUG c.browserstack.testOps.RequestUtils - requestToTestOps: Response code: 200
11:02:18.562 [pool-5-thread-1] DEBUG c.browserstack.utils.LogReportingAPI - 
[2024-11-05T07:02:18.562222400Z][ TESTHUB ] Batch event successfull!

11:02:20.142 [selectProduct@1] DEBUG c.b.testNgListeners.TestNGUtils - [populateTestDataForBSTestOps] Event Type :: TestRunFinished, Test ClassName :: MargoExpress.Mobile.Ecommerce_Tc_4_Hybrid 
11:02:20.142 [selectProduct@1] DEBUG c.browserstack.utils.UtilityMethods - [findFileMatcher] Current Path is :: C:\Users\xps\eclipse-workspace\Mobile, TestClass :: MargoExpress\Mobile\Ecommerce_Tc_4_Hybrid
11:02:20.194 [selectProduct@1] DEBUG c.b.testNgListeners.TestNGUtils - [populateTestDataForBSTestOps] The filename fetched :: C:\Users\xps\eclipse-workspace\Mobile\src\test\java\MargoExpress\Mobile\Ecommerce_Tc_4_Hybrid.java, fileSeparator :: \, AbsolutePath :: C:\Users\xps\eclipse-workspace\Mobile\., Normalized Path :: C:\Users\xps\eclipse-workspace\Mobile, File.Separator :: \
11:02:20.194 [selectProduct@1] DEBUG c.b.testNgListeners.TestNGUtils - [populateTestDataForBSTestOps] Replaced File Name is :: Mobile\src\test\java\MargoExpress\Mobile\Ecommerce_Tc_4_Hybrid.java, Absolute Path :: C:\Users\xps\eclipse-workspace\Mobile\.., Normalized Path :: C:\Users\xps\eclipse-workspace 
11:02:20.198 [selectProduct@1] DEBUG c.b.utils.SeleniumMethodUtils - getURLFromCommandExecutor: Getting Hub url from HttpCommandExecutor
11:02:20.198 [selectProduct@1] DEBUG c.b.utils.SeleniumMethodUtils - getURLFromCommandExecutor: Found url: https://hub-aps.browserstack.com/wd/hub
11:02:20.198 [selectProduct@1] DEBUG c.b.utils.SeleniumMethodUtils - getURLFromCommandExecutor: Getting Hub url from HttpCommandExecutor
11:02:20.198 [selectProduct@1] DEBUG c.b.utils.SeleniumMethodUtils - getURLFromCommandExecutor: Found url: https://hub-aps.browserstack.com/wd/hub
11:02:20.202 [selectProduct@1] DEBUG com.browserstack.testOps.Listener - [ TESTHUB ] Processing Request Kind TestRunFinished
11:02:20.276 [Default test-1@1] DEBUG c.b.testNgListeners.TestNGUtils - [populateTestDataForBSTestOps] Event Type :: TestRunStarted, Test ClassName :: MargoExpress.Mobile.Ecommerce_Tc_4_Hybrid 
11:02:20.276 [Default test-1@1] DEBUG c.browserstack.utils.UtilityMethods - [findFileMatcher] Current Path is :: C:\Users\xps\eclipse-workspace\Mobile, TestClass :: MargoExpress\Mobile\Ecommerce_Tc_4_Hybrid
11:02:20.329 [Default test-1@1] DEBUG c.b.testNgListeners.TestNGUtils - [populateTestDataForBSTestOps] The filename fetched :: C:\Users\xps\eclipse-workspace\Mobile\src\test\java\MargoExpress\Mobile\Ecommerce_Tc_4_Hybrid.java, fileSeparator :: \, AbsolutePath :: C:\Users\xps\eclipse-workspace\Mobile\., Normalized Path :: C:\Users\xps\eclipse-workspace\Mobile, File.Separator :: \
11:02:20.329 [Default test-1@1] DEBUG c.b.testNgListeners.TestNGUtils - [populateTestDataForBSTestOps] Replaced File Name is :: Mobile\src\test\java\MargoExpress\Mobile\Ecommerce_Tc_4_Hybrid.java, Absolute Path :: C:\Users\xps\eclipse-workspace\Mobile\.., Normalized Path :: C:\Users\xps\eclipse-workspace 
11:02:20.334 [Default test-1@1] DEBUG c.b.utils.SeleniumMethodUtils - getURLFromCommandExecutor: Getting Hub url from HttpCommandExecutor
11:02:20.334 [Default test-1@1] DEBUG c.b.utils.SeleniumMethodUtils - getURLFromCommandExecutor: Found url: https://hub-aps.browserstack.com/wd/hub
11:02:20.335 [Default test-1@1] DEBUG c.b.utils.SeleniumMethodUtils - getURLFromCommandExecutor: Getting Hub url from HttpCommandExecutor
11:02:20.335 [Default test-1@1] DEBUG c.b.utils.SeleniumMethodUtils - getURLFromCommandExecutor: Found url: https://hub-aps.browserstack.com/wd/hub
11:02:20.336 [Default test-1@1] DEBUG com.browserstack.testOps.Listener - [ TESTHUB ] Processing Request Kind TestRunStarted
11:02:20.513 [verifyProductsAddedinCart@1] DEBUG com.browserstack.testOps.Listener - [ TESTHUB ] Processing Request Kind LogCreated
11:02:20.602 [verifyProductsAddedinCart@1] DEBUG com.browserstack.testOps.Listener - [ TESTHUB ] Processing Request Kind LogCreated
11:02:20.792 [verifyProductsAddedinCart@1] DEBUG com.browserstack.testOps.Listener - [ TESTHUB ] Processing Request Kind LogCreated
11:02:20.969 [selectProduct@2] DEBUG c.b.testNgListeners.TestNGUtils - [populateTestDataForBSTestOps] Event Type :: TestRunFinished, Test ClassName :: MargoExpress.Mobile.Ecommerce_Tc_4_Hybrid 
11:02:20.969 [selectProduct@2] DEBUG c.browserstack.utils.UtilityMethods - [findFileMatcher] Current Path is :: C:\Users\xps\eclipse-workspace\Mobile, TestClass :: MargoExpress\Mobile\Ecommerce_Tc_4_Hybrid
11:02:21.035 [selectProduct@2] DEBUG c.b.testNgListeners.TestNGUtils - [populateTestDataForBSTestOps] The filename fetched :: C:\Users\xps\eclipse-workspace\Mobile\src\test\java\MargoExpress\Mobile\Ecommerce_Tc_4_Hybrid.java, fileSeparator :: \, AbsolutePath :: C:\Users\xps\eclipse-workspace\Mobile\., Normalized Path :: C:\Users\xps\eclipse-workspace\Mobile, File.Separator :: \
11:02:21.035 [selectProduct@2] DEBUG c.b.testNgListeners.TestNGUtils - [populateTestDataForBSTestOps] Replaced File Name is :: Mobile\src\test\java\MargoExpress\Mobile\Ecommerce_Tc_4_Hybrid.java, Absolute Path :: C:\Users\xps\eclipse-workspace\Mobile\.., Normalized Path :: C:\Users\xps\eclipse-workspace 
11:02:21.045 [selectProduct@2] DEBUG c.b.utils.SeleniumMethodUtils - getURLFromCommandExecutor: Getting Hub url from HttpCommandExecutor
11:02:21.045 [selectProduct@2] DEBUG c.b.utils.SeleniumMethodUtils - getURLFromCommandExecutor: Found url: https://hub-aps.browserstack.com/wd/hub
11:02:21.045 [selectProduct@2] DEBUG c.b.utils.SeleniumMethodUtils - getURLFromCommandExecutor: Getting Hub url from HttpCommandExecutor
11:02:21.045 [selectProduct@2] DEBUG c.b.utils.SeleniumMethodUtils - getURLFromCommandExecutor: Found url: https://hub-aps.browserstack.com/wd/hub
11:02:21.047 [selectProduct@2] DEBUG com.browserstack.testOps.Listener - [ TESTHUB ] Processing Request Kind TestRunFinished
11:02:21.061 [FillForm@0] DEBUG c.b.testNgListeners.TestNGUtils - [populateTestDataForBSTestOps] Event Type :: HookRunFinished, Method ClassName :: MargoExpress.Mobile.BaseTest 
11:02:21.061 [FillForm@0] DEBUG c.browserstack.utils.UtilityMethods - [findFileMatcher] Current Path is :: C:\Users\xps\eclipse-workspace\Mobile, TestClass :: MargoExpress\Mobile\BaseTest
11:02:21.073 [verifyProductsAddedinCart@1] DEBUG c.b.testNgListeners.TestNGUtils - [populateTestDataForBSTestOps] Event Type :: TestRunFinished, Test ClassName :: MargoExpress.Mobile.Ecommerce_Tc_4_Hybrid 
11:02:21.073 [verifyProductsAddedinCart@1] DEBUG c.browserstack.utils.UtilityMethods - [findFileMatcher] Current Path is :: C:\Users\xps\eclipse-workspace\Mobile, TestClass :: MargoExpress\Mobile\Ecommerce_Tc_4_Hybrid
11:02:21.109 [Default test-2@2] DEBUG c.b.testNgListeners.TestNGUtils - [populateTestDataForBSTestOps] Event Type :: TestRunStarted, Test ClassName :: MargoExpress.Mobile.Ecommerce_Tc_4_Hybrid 
11:02:21.110 [Default test-2@2] DEBUG c.browserstack.utils.UtilityMethods - [findFileMatcher] Current Path is :: C:\Users\xps\eclipse-workspace\Mobile, TestClass :: MargoExpress\Mobile\Ecommerce_Tc_4_Hybrid
11:02:21.136 [FillForm@0] DEBUG c.b.testNgListeners.TestNGUtils - [populateTestDataForBSTestOps] The filename fetched :: C:\Users\xps\eclipse-workspace\Mobile\src\test\java\MargoExpress\Mobile\BaseTest.java, fileSeparator :: \, AbsolutePath :: C:\Users\xps\eclipse-workspace\Mobile\., Normalized Path :: C:\Users\xps\eclipse-workspace\Mobile, File.Separator :: \
11:02:21.136 [FillForm@0] DEBUG c.b.testNgListeners.TestNGUtils - [populateTestDataForBSTestOps] Replaced File Name is :: Mobile\src\test\java\MargoExpress\Mobile\BaseTest.java, Absolute Path :: C:\Users\xps\eclipse-workspace\Mobile\.., Normalized Path :: C:\Users\xps\eclipse-workspace 
11:02:21.141 [FillForm@0] DEBUG c.b.utils.SeleniumMethodUtils - getURLFromCommandExecutor: Getting Hub url from HttpCommandExecutor
11:02:21.141 [FillForm@0] DEBUG c.b.utils.SeleniumMethodUtils - getURLFromCommandExecutor: Found url: https://hub-aps.browserstack.com/wd/hub
11:02:21.141 [FillForm@0] DEBUG c.b.utils.SeleniumMethodUtils - getURLFromCommandExecutor: Getting Hub url from HttpCommandExecutor
11:02:21.141 [FillForm@0] DEBUG c.b.utils.SeleniumMethodUtils - getURLFromCommandExecutor: Found url: https://hub-aps.browserstack.com/wd/hub
11:02:21.141 [FillForm@0] DEBUG com.browserstack.testOps.Listener - [ TESTHUB ] Processing Request Kind HookRunFinished
11:02:21.142 [FillForm@0] DEBUG c.b.testNgListeners.TestNGUtils - [populateTestDataForBSTestOps] Event Type :: TestRunFinished, Test ClassName :: MargoExpress.Mobile.Ecommerce_Tc_4_Hybrid 
11:02:21.142 [FillForm@0] DEBUG c.browserstack.utils.UtilityMethods - [findFileMatcher] Current Path is :: C:\Users\xps\eclipse-workspace\Mobile, TestClass :: MargoExpress\Mobile\Ecommerce_Tc_4_Hybrid
11:02:21.150 [verifyProductsAddedinCart@1] DEBUG c.b.testNgListeners.TestNGUtils - [populateTestDataForBSTestOps] The filename fetched :: C:\Users\xps\eclipse-workspace\Mobile\src\test\java\MargoExpress\Mobile\Ecommerce_Tc_4_Hybrid.java, fileSeparator :: \, AbsolutePath :: C:\Users\xps\eclipse-workspace\Mobile\., Normalized Path :: C:\Users\xps\eclipse-workspace\Mobile, File.Separator :: \
11:02:21.150 [verifyProductsAddedinCart@1] DEBUG c.b.testNgListeners.TestNGUtils - [populateTestDataForBSTestOps] Replaced File Name is :: Mobile\src\test\java\MargoExpress\Mobile\Ecommerce_Tc_4_Hybrid.java, Absolute Path :: C:\Users\xps\eclipse-workspace\Mobile\.., Normalized Path :: C:\Users\xps\eclipse-workspace 
11:02:21.153 [verifyProductsAddedinCart@1] DEBUG c.b.utils.SeleniumMethodUtils - getURLFromCommandExecutor: Getting Hub url from HttpCommandExecutor
11:02:21.154 [verifyProductsAddedinCart@1] DEBUG c.b.utils.SeleniumMethodUtils - getURLFromCommandExecutor: Found url: https://hub-aps.browserstack.com/wd/hub
11:02:21.154 [verifyProductsAddedinCart@1] DEBUG c.b.utils.SeleniumMethodUtils - getURLFromCommandExecutor: Getting Hub url from HttpCommandExecutor
11:02:21.154 [verifyProductsAddedinCart@1] DEBUG c.b.utils.SeleniumMethodUtils - getURLFromCommandExecutor: Found url: https://hub-aps.browserstack.com/wd/hub
11:02:21.155 [verifyProductsAddedinCart@1] DEBUG com.browserstack.testOps.Listener - [ TESTHUB ] Processing Request Kind TestRunFinished
11:02:21.176 [Default test-2@2] DEBUG c.b.testNgListeners.TestNGUtils - [populateTestDataForBSTestOps] The filename fetched :: C:\Users\xps\eclipse-workspace\Mobile\src\test\java\MargoExpress\Mobile\Ecommerce_Tc_4_Hybrid.java, fileSeparator :: \, AbsolutePath :: C:\Users\xps\eclipse-workspace\Mobile\., Normalized Path :: C:\Users\xps\eclipse-workspace\Mobile, File.Separator :: \
11:02:21.176 [Default test-2@2] DEBUG c.b.testNgListeners.TestNGUtils - [populateTestDataForBSTestOps] Replaced File Name is :: Mobile\src\test\java\MargoExpress\Mobile\Ecommerce_Tc_4_Hybrid.java, Absolute Path :: C:\Users\xps\eclipse-workspace\Mobile\.., Normalized Path :: C:\Users\xps\eclipse-workspace 
11:02:21.181 [Default test-2@2] DEBUG c.b.utils.SeleniumMethodUtils - getURLFromCommandExecutor: Getting Hub url from HttpCommandExecutor
11:02:21.182 [Default test-2@2] DEBUG c.b.utils.SeleniumMethodUtils - getURLFromCommandExecutor: Found url: https://hub-aps.browserstack.com/wd/hub
11:02:21.182 [Default test-2@2] DEBUG c.b.utils.SeleniumMethodUtils - getURLFromCommandExecutor: Getting Hub url from HttpCommandExecutor
11:02:21.182 [Default test-2@2] DEBUG c.b.utils.SeleniumMethodUtils - getURLFromCommandExecutor: Found url: https://hub-aps.browserstack.com/wd/hub
11:02:21.184 [Default test-2@2] DEBUG com.browserstack.testOps.Listener - [ TESTHUB ] Processing Request Kind TestRunStarted
11:02:21.202 [FillForm@0] DEBUG c.b.testNgListeners.TestNGUtils - [populateTestDataForBSTestOps] The filename fetched :: C:\Users\xps\eclipse-workspace\Mobile\src\test\java\MargoExpress\Mobile\Ecommerce_Tc_4_Hybrid.java, fileSeparator :: \, AbsolutePath :: C:\Users\xps\eclipse-workspace\Mobile\., Normalized Path :: C:\Users\xps\eclipse-workspace\Mobile, File.Separator :: \
11:02:21.203 [FillForm@0] DEBUG c.b.testNgListeners.TestNGUtils - [populateTestDataForBSTestOps] Replaced File Name is :: Mobile\src\test\java\MargoExpress\Mobile\Ecommerce_Tc_4_Hybrid.java, Absolute Path :: C:\Users\xps\eclipse-workspace\Mobile\.., Normalized Path :: C:\Users\xps\eclipse-workspace 
11:02:21.206 [FillForm@0] DEBUG c.b.utils.SeleniumMethodUtils - getURLFromCommandExecutor: Getting Hub url from HttpCommandExecutor
11:02:21.206 [FillForm@0] DEBUG c.b.utils.SeleniumMethodUtils - getURLFromCommandExecutor: Found url: https://hub-aps.browserstack.com/wd/hub
11:02:21.206 [FillForm@0] DEBUG c.b.utils.SeleniumMethodUtils - getURLFromCommandExecutor: Getting Hub url from HttpCommandExecutor
11:02:21.206 [FillForm@0] DEBUG c.b.utils.SeleniumMethodUtils - getURLFromCommandExecutor: Found url: https://hub-aps.browserstack.com/wd/hub
11:02:21.208 [FillForm@0] DEBUG com.browserstack.testOps.Listener - [ TESTHUB ] Processing Request Kind TestRunFinished
11:02:21.218 [teardown@1] DEBUG c.b.testNgListeners.TestNGUtils - [populateTestDataForBSTestOps] Event Type :: HookRunStarted, Method ClassName :: MargoExpress.Mobile.BaseTest 
11:02:21.218 [teardown@1] DEBUG c.browserstack.utils.UtilityMethods - [findFileMatcher] Current Path is :: C:\Users\xps\eclipse-workspace\Mobile, TestClass :: MargoExpress\Mobile\BaseTest
11:02:21.263 [teardown@1] DEBUG c.b.testNgListeners.TestNGUtils - [populateTestDataForBSTestOps] The filename fetched :: C:\Users\xps\eclipse-workspace\Mobile\src\test\java\MargoExpress\Mobile\BaseTest.java, fileSeparator :: \, AbsolutePath :: C:\Users\xps\eclipse-workspace\Mobile\., Normalized Path :: C:\Users\xps\eclipse-workspace\Mobile, File.Separator :: \
11:02:21.263 [teardown@1] DEBUG c.b.testNgListeners.TestNGUtils - [populateTestDataForBSTestOps] Replaced File Name is :: Mobile\src\test\java\MargoExpress\Mobile\BaseTest.java, Absolute Path :: C:\Users\xps\eclipse-workspace\Mobile\.., Normalized Path :: C:\Users\xps\eclipse-workspace 
11:02:21.271 [teardown@1] DEBUG c.b.utils.SeleniumMethodUtils - getURLFromCommandExecutor: Getting Hub url from HttpCommandExecutor
11:02:21.271 [teardown@1] DEBUG c.b.utils.SeleniumMethodUtils - getURLFromCommandExecutor: Found url: https://hub-aps.browserstack.com/wd/hub
11:02:21.271 [teardown@1] DEBUG c.b.utils.SeleniumMethodUtils - getURLFromCommandExecutor: Getting Hub url from HttpCommandExecutor
11:02:21.271 [teardown@1] DEBUG c.b.utils.SeleniumMethodUtils - getURLFromCommandExecutor: Found url: https://hub-aps.browserstack.com/wd/hub
11:02:21.271 [teardown@1] DEBUG com.browserstack.testOps.Listener - [ TESTHUB ] Processing Request Kind HookRunStarted
11:02:21.271 [teardown@1] DEBUG c.browserstack.utils.LogReportingAPI - sendPlatformDetails: Can't send CBT info, as driver or test is not found
11:02:21.272 [Default test-0@0] DEBUG c.b.testNgListeners.TestNGUtils - [populateTestDataForBSTestOps] Event Type :: TestRunStarted, Test ClassName :: MargoExpress.Mobile.Ecommerce_Tc_4_Hybrid 
11:02:21.273 [Default test-0@0] DEBUG c.browserstack.utils.UtilityMethods - [findFileMatcher] Current Path is :: C:\Users\xps\eclipse-workspace\Mobile, TestClass :: MargoExpress\Mobile\Ecommerce_Tc_4_Hybrid
11:02:21.328 [Default test-0@0] DEBUG c.b.testNgListeners.TestNGUtils - [populateTestDataForBSTestOps] The filename fetched :: C:\Users\xps\eclipse-workspace\Mobile\src\test\java\MargoExpress\Mobile\Ecommerce_Tc_4_Hybrid.java, fileSeparator :: \, AbsolutePath :: C:\Users\xps\eclipse-workspace\Mobile\., Normalized Path :: C:\Users\xps\eclipse-workspace\Mobile, File.Separator :: \
11:02:21.328 [Default test-0@0] DEBUG c.b.testNgListeners.TestNGUtils - [populateTestDataForBSTestOps] Replaced File Name is :: Mobile\src\test\java\MargoExpress\Mobile\Ecommerce_Tc_4_Hybrid.java, Absolute Path :: C:\Users\xps\eclipse-workspace\Mobile\.., Normalized Path :: C:\Users\xps\eclipse-workspace 
11:02:21.332 [Default test-0@0] DEBUG c.b.utils.SeleniumMethodUtils - getURLFromCommandExecutor: Getting Hub url from HttpCommandExecutor
11:02:21.332 [Default test-0@0] DEBUG c.b.utils.SeleniumMethodUtils - getURLFromCommandExecutor: Found url: https://hub-aps.browserstack.com/wd/hub
11:02:21.332 [Default test-0@0] DEBUG c.b.utils.SeleniumMethodUtils - getURLFromCommandExecutor: Getting Hub url from HttpCommandExecutor
11:02:21.332 [Default test-0@0] DEBUG c.b.utils.SeleniumMethodUtils - getURLFromCommandExecutor: Found url: https://hub-aps.browserstack.com/wd/hub
11:02:21.334 [Default test-0@0] DEBUG com.browserstack.testOps.Listener - [ TESTHUB ] Processing Request Kind TestRunStarted
11:02:21.384 [verifyProductsAddedinCart@2] DEBUG com.browserstack.testOps.Listener - [ TESTHUB ] Processing Request Kind LogCreated
11:02:21.484 [verifyProductsAddedinCart@2] DEBUG com.browserstack.testOps.Listener - [ TESTHUB ] Processing Request Kind LogCreated
11:02:21.693 [verifyProductsAddedinCart@2] DEBUG com.browserstack.testOps.Listener - [ TESTHUB ] Processing Request Kind LogCreated
11:02:21.944 [verifyProductsAddedinCart@2] DEBUG c.b.testNgListeners.TestNGUtils - [populateTestDataForBSTestOps] Event Type :: TestRunFinished, Test ClassName :: MargoExpress.Mobile.Ecommerce_Tc_4_Hybrid 
11:02:21.944 [verifyProductsAddedinCart@2] DEBUG c.browserstack.utils.UtilityMethods - [findFileMatcher] Current Path is :: C:\Users\xps\eclipse-workspace\Mobile, TestClass :: MargoExpress\Mobile\Ecommerce_Tc_4_Hybrid
11:02:22.006 [verifyProductsAddedinCart@2] DEBUG c.b.testNgListeners.TestNGUtils - [populateTestDataForBSTestOps] The filename fetched :: C:\Users\xps\eclipse-workspace\Mobile\src\test\java\MargoExpress\Mobile\Ecommerce_Tc_4_Hybrid.java, fileSeparator :: \, AbsolutePath :: C:\Users\xps\eclipse-workspace\Mobile\., Normalized Path :: C:\Users\xps\eclipse-workspace\Mobile, File.Separator :: \
11:02:22.006 [verifyProductsAddedinCart@2] DEBUG c.b.testNgListeners.TestNGUtils - [populateTestDataForBSTestOps] Replaced File Name is :: Mobile\src\test\java\MargoExpress\Mobile\Ecommerce_Tc_4_Hybrid.java, Absolute Path :: C:\Users\xps\eclipse-workspace\Mobile\.., Normalized Path :: C:\Users\xps\eclipse-workspace 
11:02:22.011 [verifyProductsAddedinCart@2] DEBUG c.b.utils.SeleniumMethodUtils - getURLFromCommandExecutor: Getting Hub url from HttpCommandExecutor
11:02:22.011 [verifyProductsAddedinCart@2] DEBUG c.b.utils.SeleniumMethodUtils - getURLFromCommandExecutor: Found url: https://hub-aps.browserstack.com/wd/hub
11:02:22.012 [verifyProductsAddedinCart@2] DEBUG c.b.utils.SeleniumMethodUtils - getURLFromCommandExecutor: Getting Hub url from HttpCommandExecutor
11:02:22.012 [verifyProductsAddedinCart@2] DEBUG c.b.utils.SeleniumMethodUtils - getURLFromCommandExecutor: Found url: https://hub-aps.browserstack.com/wd/hub
11:02:22.014 [verifyProductsAddedinCart@2] DEBUG com.browserstack.testOps.Listener - [ TESTHUB ] Processing Request Kind TestRunFinished
11:02:22.076 [teardown@2] DEBUG c.b.testNgListeners.TestNGUtils - [populateTestDataForBSTestOps] Event Type :: HookRunStarted, Method ClassName :: MargoExpress.Mobile.BaseTest 
11:02:22.076 [teardown@2] DEBUG c.browserstack.utils.UtilityMethods - [findFileMatcher] Current Path is :: C:\Users\xps\eclipse-workspace\Mobile, TestClass :: MargoExpress\Mobile\BaseTest
11:02:22.123 [teardown@2] DEBUG c.b.testNgListeners.TestNGUtils - [populateTestDataForBSTestOps] The filename fetched :: C:\Users\xps\eclipse-workspace\Mobile\src\test\java\MargoExpress\Mobile\BaseTest.java, fileSeparator :: \, AbsolutePath :: C:\Users\xps\eclipse-workspace\Mobile\., Normalized Path :: C:\Users\xps\eclipse-workspace\Mobile, File.Separator :: \
11:02:22.123 [teardown@2] DEBUG c.b.testNgListeners.TestNGUtils - [populateTestDataForBSTestOps] Replaced File Name is :: Mobile\src\test\java\MargoExpress\Mobile\BaseTest.java, Absolute Path :: C:\Users\xps\eclipse-workspace\Mobile\.., Normalized Path :: C:\Users\xps\eclipse-workspace 
11:02:22.128 [teardown@2] DEBUG c.b.utils.SeleniumMethodUtils - getURLFromCommandExecutor: Getting Hub url from HttpCommandExecutor
11:02:22.128 [teardown@2] DEBUG c.b.utils.SeleniumMethodUtils - getURLFromCommandExecutor: Found url: https://hub-aps.browserstack.com/wd/hub
11:02:22.128 [teardown@2] DEBUG c.b.utils.SeleniumMethodUtils - getURLFromCommandExecutor: Getting Hub url from HttpCommandExecutor
11:02:22.128 [teardown@2] DEBUG c.b.utils.SeleniumMethodUtils - getURLFromCommandExecutor: Found url: https://hub-aps.browserstack.com/wd/hub
11:02:22.128 [teardown@2] DEBUG com.browserstack.testOps.Listener - [ TESTHUB ] Processing Request Kind HookRunStarted
11:02:22.128 [teardown@2] DEBUG c.browserstack.utils.LogReportingAPI - sendPlatformDetails: Can't send CBT info, as driver or test is not found
11:02:22.343 [pool-4-thread-1] DEBUG c.browserstack.utils.RequestBatcher - Time Since Last Batch Processed 4001

11:02:22.344 [pool-5-thread-1] DEBUG c.browserstack.utils.RequestBatcher - Processing Batch 17

11:02:22.352 [pool-5-thread-1] DEBUG c.browserstack.testOps.RequestUtils - [requestToTestOps] Sending Observability request: POST api/v1/batch with request size 53323
11:02:22.357 [pool-5-thread-1] DEBUG c.browserstack.testOps.RequestUtils - [makeRequest] Sending request: POST https://collector-observability.browserstack.com/api/v1/batch with request size 53323
11:02:22.575 [pool-5-thread-1] DEBUG c.browserstack.testOps.RequestUtils - [makeRequest]: Response code: 200
11:02:22.576 [pool-5-thread-1] DEBUG c.browserstack.testOps.RequestUtils - requestToTestOps: Response code: 200
11:02:22.576 [pool-5-thread-1] DEBUG c.browserstack.utils.LogReportingAPI - 
[2024-11-05T07:02:22.576737700Z][ TESTHUB ] Batch event successfull!

11:02:23.678 [teardown@1] DEBUG c.b.testNgListeners.TestNGUtils - [populateTestDataForBSTestOps] Event Type :: HookRunFinished, Method ClassName :: MargoExpress.Mobile.BaseTest 
11:02:23.678 [teardown@1] DEBUG c.browserstack.utils.UtilityMethods - [findFileMatcher] Current Path is :: C:\Users\xps\eclipse-workspace\Mobile, TestClass :: MargoExpress\Mobile\BaseTest
11:02:23.726 [teardown@1] DEBUG c.b.testNgListeners.TestNGUtils - [populateTestDataForBSTestOps] The filename fetched :: C:\Users\xps\eclipse-workspace\Mobile\src\test\java\MargoExpress\Mobile\BaseTest.java, fileSeparator :: \, AbsolutePath :: C:\Users\xps\eclipse-workspace\Mobile\., Normalized Path :: C:\Users\xps\eclipse-workspace\Mobile, File.Separator :: \
11:02:23.726 [teardown@1] DEBUG c.b.testNgListeners.TestNGUtils - [populateTestDataForBSTestOps] Replaced File Name is :: Mobile\src\test\java\MargoExpress\Mobile\BaseTest.java, Absolute Path :: C:\Users\xps\eclipse-workspace\Mobile\.., Normalized Path :: C:\Users\xps\eclipse-workspace 
11:02:23.726 [teardown@1] DEBUG com.browserstack.testOps.Listener - [ TESTHUB ] Processing Request Kind HookRunFinished
11:02:23.729 [teardown@1] DEBUG c.b.utils.FunnelInstrumentation - Unable to parse data from processes. Exception: Unexpected token END OF FILE at position 0.
	at browserstack.shaded.org.json.simple.parser.JSONParser.parse(Unknown Source)
	at browserstack.shaded.org.json.simple.parser.JSONParser.parse(Unknown Source)
	at browserstack.shaded.org.json.simple.parser.JSONParser.parse(Unknown Source)
	at com.browserstack.utils.FunnelInstrumentation.getFormattedDataFromProcesses(Unknown Source)
	at com.browserstack.utils.FunnelInstrumentation.createParamsForEvent(Unknown Source)
	at com.browserstack.utils.FunnelInstrumentation.sendSDKEvent(Unknown Source)
	at com.browserstack.testNgListeners.TmpSuiteListener.onFinish(Unknown Source)
	at org.testng.TestRunner.fireEvent(TestRunner.java:873)
	at org.testng.TestRunner.afterRun(TestRunner.java:828)
	at org.testng.TestRunner.run(TestRunner.java:616)
	at org.testng.SuiteRunner.runTest(SuiteRunner.java:421)
	at org.testng.SuiteRunner$SuiteWorker.run(SuiteRunner.java:463)
	at org.testng.internal.thread.ThreadUtil.lambda$execute$0(ThreadUtil.java:64)
	at java.base/java.util.concurrent.FutureTask.run(FutureTask.java:317)
	at java.base/java.util.concurrent.ThreadPoolExecutor.runWorker(ThreadPoolExecutor.java:1144)
	at java.base/java.util.concurrent.ThreadPoolExecutor$Worker.run(ThreadPoolExecutor.java:642)
	at java.base/java.lang.Thread.run(Thread.java:1583)

11:02:23.729 [teardown@1] DEBUG com.browserstack.testOps.UsageStats - getFormattedData: Collecting data for TestObservability
11:02:23.729 [teardown@1] DEBUG com.browserstack.testOps.UsageStats - getEventStats: Getting event data for TestObservability
11:02:23.734 [teardown@1] DEBUG com.browserstack.testOps.UsageStats - [OBSERVABILITY] Failed to parse data from workers
11:02:23.780 [teardown@1] DEBUG c.b.utils.FunnelInstrumentation - Sending funnel data for SDKTestSuccessful with data: {"event_type":"SDKTestSuccessful","accessKey":"1XSLBqNLYzWiPhqyqy9L","userName":"roshinsurendran_Sh2ZAM","event_properties":{"isPercyAutoEnabled":false,"language":"java","sdkRunId":"c18abf89-183c-4f59-989a-fdc7866af534","buildIdentifier":"#1","error":"[{\"tests\":{\"MargoExpress.Mobile.Ecommerce_Tc_4_Hybrid-verifyProductsAddedinCart\":\"Unknown mobile command \\\"longClickGesture\\\". Only shell,scrollBackTo,viewportScreenshot,deepLink,startLogsBroadcast,stopLogsBroadcast,acceptAlert,dismissAlert,batteryInfo,deviceInfo,changePermissions,getPermissions,performEditorAction,startScreenStreaming,stopScreenStreaming,getNotifications,listSms,type commands are supported. Build info: version: '4.26.0', revision: '8ccf0219d7' System info: os.name: 'Windows 11', os.arch: 'amd64', os.version: '10.0', java.version: '21.0.3' Driver info: io.appium.java_client.android.AndroidDriver Command: [728ec649666aa0ecc3e9200d3968ffef007c1f01, executeScript {script=mobile: longClickGesture, args=[{elementId=4e4996a3-acfc-438d-9f56-9dbb87910993, duration=2000}]}] Capabilities {appium:appActivity: com.androidsample.generalst..., appium:appPackage: com.androidsample.generalstore, appium:automationName: uiautomator2, appium:bundleID: com.androidsample.generalstore, appium:bundleId: com.androidsample.generalstore, appium:chromedriverPort: 18081, appium:chromedriverPorts: [[18111, 18121]], appium:databaseEnabled: false, appium:desired: {appActivity: com.androidsample.generalst..., appPackage: com.androidsample.generalstore, automationName: uiautomator2, bstack:options: {buildIdentifier: #1, hostName: Roshin, localIdentifier: 05_Nov_111_Roshin_AJSp}, bundleID: com.androidsample.generalstore, bundleId: com.androidsample.generalstore, chromedriverPort: 18081, chromedriverPorts: [[18111, 18121]], deviceName: pixel 8 pro emulator, disableSuppressAccessibilityService: true, goog:chromeOptions: {}, nativeWebScreenshot: true, newCommandTimeout: 0, platformName: Android, skipServerInstallation: true, systemPort: 8201, udid: R5CRA1JXD8Y}, appium:deviceApiLevel: 30, appium:deviceManufacturer: samsung, appium:deviceModel: SM-G991B, appium:deviceName: R5CRA1JXD8Y, appium:deviceScreenDensity: 480, appium:deviceScreenSize: 1080x2400, appium:deviceUDID: R5CRA1JXD8Y, appium:disableSuppressAccessibilityService: true, appium:javascriptEnabled: true, appium:locationContextEnabled: false, appium:nativeWebScreenshot: true, appium:networkConnectionEnabled: true, appium:newCommandTimeout: 0, appium:optimalHubUrl: hub-aps.browserstack.com, appium:pixelRatio: 3, appium:platformVersion: 11, appium:skipServerInstallation: true, appium:statBarHeight: 79, appium:systemPort: 8201, appium:takesScreenshot: true, appium:udid: R5CRA1JXD8Y, appium:viewportRect: {height: 2097, left: 0, top: 79, width: 1080}, appium:warnings: {}, appium:webStorageEnabled: false, bstack:options: {buildIdentifier: #1, hostName: Roshin, localIdentifier: 05_Nov_111_Roshin_AJSp}, goog:chromeOptions: {}, platformName: ANDROID} Session ID: 728ec649666aa0ecc3e9200d3968ffef007c1f01\"},\"platformVersion\":\"11.0\",\"deviceName\":\"Samsung Galaxy S21\"},{\"tests\":{\"MargoExpress.Mobile.Ecommerce_Tc_4_Hybrid-verifyProductsAddedinCart\":\"Unknown mobile command \\\"longClickGesture\\\". Only shell,scrollBackTo,viewportScreenshot,deepLink,startLogsBroadcast,stopLogsBroadcast,acceptAlert,dismissAlert,batteryInfo,deviceInfo,changePermissions,getPermissions,performEditorAction,startScreenStreaming,stopScreenStreaming,getNotifications,listSms,type commands are supported. Build info: version: '4.26.0', revision: '8ccf0219d7' System info: os.name: 'Windows 11', os.arch: 'amd64', os.version: '10.0', java.version: '21.0.3' Driver info: io.appium.java_client.android.AndroidDriver Command: [d5956aefca64ea062a44b25fb4395a0b2d8c7d05, executeScript {script=mobile: longClickGesture, args=[{elementId=20cc53cc-8bf3-4074-ae60-6821572e5a05, duration=2000}]}] Capabilities {appium:appActivity: com.androidsample.generalst..., appium:appPackage: com.androidsample.generalstore, appium:automationName: uiautomator2, appium:bundleID: com.androidsample.generalstore, appium:bundleId: com.androidsample.generalstore, appium:chromedriverPort: 18080, appium:chromedriverPorts: [[18100, 18110]], appium:databaseEnabled: false, appium:desired: {appActivity: com.androidsample.generalst..., appPackage: com.androidsample.generalstore, automationName: uiautomator2, bstack:options: {buildIdentifier: #1, hostName: Roshin, localIdentifier: 05_Nov_111_Roshin_AJSp}, bundleID: com.androidsample.generalstore, bundleId: com.androidsample.generalstore, chromedriverPort: 18080, chromedriverPorts: [[18100, 18110]], deviceName: pixel 8 pro emulator, disableSuppressAccessibilityService: true, goog:chromeOptions: {}, nativeWebScreenshot: true, newCommandTimeout: 0, platformName: Android, skipServerInstallation: true, systemPort: 8200, udid: 1B031FDEE0057Q}, appium:deviceApiLevel: 31, appium:deviceManufacturer: Google, appium:deviceModel: Pixel 6 Pro, appium:deviceName: 1B031FDEE0057Q, appium:deviceScreenDensity: 560, appium:deviceScreenSize: 1440x3120, appium:deviceUDID: 1B031FDEE0057Q, appium:disableSuppressAccessibilityService: true, appium:javascriptEnabled: true, appium:locationContextEnabled: false, appium:nativeWebScreenshot: true, appium:networkConnectionEnabled: true, appium:newCommandTimeout: 0, appium:optimalHubUrl: hub-aps.browserstack.com, appium:pixelRatio: 3.5, appium:platformVersion: 12, appium:skipServerInstallation: true, appium:statBarHeight: 145, appium:systemPort: 8200, appium:takesScreenshot: true, appium:udid: 1B031FDEE0057Q, appium:viewportRect: {height: 2789, left: 0, top: 145, width: 1440}, appium:warnings: {}, appium:webStorageEnabled: false, bstack:options: {buildIdentifier: #1, hostName: Roshin, localIdentifier: 05_Nov_111_Roshin_AJSp}, goog:chromeOptions: {}, platformName: ANDROID} Session ID: d5956aefca64ea062a44b25fb4395a0b2d8c7d05\"},\"platformVersion\":\"12.0\",\"deviceName\":\"Google Pixel 6 Pro\"}]","testhub_uuid":"l7o8ajh8bejx3xljyb3jc2mojsrlu7quwve3xizx","detectedAppiumVersion":"null","productMap":{"app_automate":true,"accessibility":false,"automate":false,"percy":false,"observability":true,"turboscale":false},"hostname":"Roshin","measures":{"percy:start":688,"local:start":8706,"sdk:setup":19802},"productUsage":{"testObservability":{"buildHashedId":"l7o8ajh8bejx3xljyb3jc2mojsrlu7quwve3xizx","manuallySet":false,"enabled":true,"events":{"hookEvents":{"started":{"errors":[],"failedCount":0,"triggeredCount":5,"sentCount":5},"finished":{"triggeredCount":4,"failedCount":0,"errors":[],"sentCount":3},"passed":{"errors":[],"failedCount":0,"triggeredCount":4,"sentCount":3}},"logEvents":{"errors":[],"failedCount":0,"triggeredCount":151,"sentCount":152,"log":{"errors":[],"failedCount":0,"triggeredCount":151,"sentCount":152}},"testEvents":{"started":{"errors":[],"failedCount":0,"triggeredCount":8,"sentCount":8},"finished":{"triggeredCount":7,"failedCount":0,"errors":[],"sentCount":7},"failed":{"errors":[],"failedCount":0,"triggeredCount":2,"sentCount":2},"passed":{"errors":[],"failedCount":0,"triggeredCount":5,"sentCount":5}},"batchEvents":{"triggeredCount":4,"failedCount":0,"errors":[],"sentCount":4},"cbtSessionEvents":{"errors":[],"failedCount":0,"triggeredCount":0,"sentCount":0},"buildEvents":{"started":{"error":null,"triggered":true,"status":"success"},"finished":{"error":null,"triggered":null,"status":null}}}}},"browserStackConfig":{"browserstackLocal":true,"percy":false,"logLevel":"info","staticWebDriver":true,"autoDetectFramework":true,"percyCaptureMode":"MANUAL","browserStackLocalOptions":{"localIdentifier":"05_Nov_111_Roshin_AJSp","key":"****"},"percyOptions":{},"testContextOptions":{"skipSessionStatus":false,"serenityOverridePlugin":false,"skipSessionName":false},"platforms":[{"osVersion":null,"browserVersion":null,"capabilities":{"platformVersion":12.0,"platformName":"android","deviceName":"Samsung Galaxy S22 Ultra"},"device":"Samsung Galaxy S22 Ultra","os":null,"browser":null,"platformCaps":{"platformVersion":12.0,"platformName":"android","deviceName":"Samsung Galaxy S22 Ultra"},"platformString":"Samsung Galaxy S22 Ultra, 12.0","customVariables":"****"},{"osVersion":null,"browserVersion":null,"capabilities":{"platformVersion":11.0,"platformName":"android","deviceName":"Samsung Galaxy S21"},"device":"Samsung Galaxy S21","os":null,"browser":null,"platformCaps":{"platformVersion":11.0,"platformName":"android","deviceName":"Samsung Galaxy S21"},"platformString":"Samsung Galaxy S21, 11.0","customVariables":"****"},{"osVersion":null,"browserVersion":null,"capabilities":{"platformVersion":12.0,"platformName":"android","deviceName":"Google Pixel 6 Pro"},"device":"Google Pixel 6 Pro","os":null,"browser":null,"platformCaps":{"platformVersion":12.0,"platformName":"android","deviceName":"Google Pixel 6 Pro"},"platformString":"Google Pixel 6 Pro, 12.0","customVariables":"****"}],"parallelsPerPlatform":1,"framework":"testng","accessibility":false,"accessibilityOptions":{},"turboScaleOptions":{},"disableAutoCaptureLogs":true,"testObservability":true,"browserstackAutomation":true,"turboScale":false,"testObservabilityOptions":{},"gradleMConfig":null,"proxySettings":null},"percyBuildId":null,"product":"[app-automate, observability]","buildName":"browserstack build","os":"Windows 11","languageVersion":"21.0.3","appiumVersion":"9.3.0","frameworkDetectionInstrumentation":{"parseLoadClass":30,"ret-org.openqa.selenium.remote.RemoteWebDriver":355,"retransformClasses":357,"parseDependencies":17},"userFramework":"testng","detectedDependencies":"testng","referrer":"testng-javaagent\/1.26.4","locationTrigger":"onFinish","language_framework":"java_testng","detectedFramework":"testng","testOrchestration":{"abortBuildOnFailure":{"enabled":false},"retryTestsOnFailure":{"enabled":false},"userConfig":{}},"detectedSeleniumVersion":"4.26.0","seleniumVersion":"4.26.0"}}
11:02:24.429 [teardown@1] DEBUG c.b.utils.FunnelInstrumentation - API Event SDKTestSuccessful response - {"message":"SDK Event recorded successfully"}
11:02:24.430 [teardown@1] DEBUG c.browserstack.utils.LogReportingAPI - sendSync failed - driver not alive
11:02:24.432 [teardown@1] DEBUG com.browserstack.testOps.Listener - [ TESTHUB ] Processing Request Kind LogCreated
11:02:24.433 [teardown@1] DEBUG com.browserstack.testOps.Listener - [ TESTHUB ] Processing Request Kind LogCreated
11:02:24.434 [teardown@1] DEBUG com.browserstack.testOps.Listener - [ TESTHUB ] Processing Request Kind LogCreated
11:02:24.436 [teardown@1] DEBUG com.browserstack.testOps.Listener - [ TESTHUB ] Processing Request Kind LogCreated
11:02:24.503 [teardown@2] DEBUG c.b.testNgListeners.TestNGUtils - [populateTestDataForBSTestOps] Event Type :: HookRunFinished, Method ClassName :: MargoExpress.Mobile.BaseTest 
11:02:24.503 [teardown@2] DEBUG c.browserstack.utils.UtilityMethods - [findFileMatcher] Current Path is :: C:\Users\xps\eclipse-workspace\Mobile, TestClass :: MargoExpress\Mobile\BaseTest
11:02:24.567 [teardown@2] DEBUG c.b.testNgListeners.TestNGUtils - [populateTestDataForBSTestOps] The filename fetched :: C:\Users\xps\eclipse-workspace\Mobile\src\test\java\MargoExpress\Mobile\BaseTest.java, fileSeparator :: \, AbsolutePath :: C:\Users\xps\eclipse-workspace\Mobile\., Normalized Path :: C:\Users\xps\eclipse-workspace\Mobile, File.Separator :: \
11:02:24.567 [teardown@2] DEBUG c.b.testNgListeners.TestNGUtils - [populateTestDataForBSTestOps] Replaced File Name is :: Mobile\src\test\java\MargoExpress\Mobile\BaseTest.java, Absolute Path :: C:\Users\xps\eclipse-workspace\Mobile\.., Normalized Path :: C:\Users\xps\eclipse-workspace 
11:02:24.569 [teardown@2] DEBUG com.browserstack.testOps.Listener - [ TESTHUB ] Processing Request Kind HookRunFinished
11:02:24.570 [teardown@2] DEBUG c.b.utils.FunnelInstrumentation - Unable to parse data from processes. Exception: Unexpected token END OF FILE at position 0.
	at browserstack.shaded.org.json.simple.parser.JSONParser.parse(Unknown Source)
	at browserstack.shaded.org.json.simple.parser.JSONParser.parse(Unknown Source)
	at browserstack.shaded.org.json.simple.parser.JSONParser.parse(Unknown Source)
	at com.browserstack.utils.FunnelInstrumentation.getFormattedDataFromProcesses(Unknown Source)
	at com.browserstack.utils.FunnelInstrumentation.createParamsForEvent(Unknown Source)
	at com.browserstack.utils.FunnelInstrumentation.sendSDKEvent(Unknown Source)
	at com.browserstack.testNgListeners.TmpSuiteListener.onFinish(Unknown Source)
	at org.testng.TestRunner.fireEvent(TestRunner.java:873)
	at org.testng.TestRunner.afterRun(TestRunner.java:828)
	at org.testng.TestRunner.run(TestRunner.java:616)
	at org.testng.SuiteRunner.runTest(SuiteRunner.java:421)
	at org.testng.SuiteRunner$SuiteWorker.run(SuiteRunner.java:463)
	at org.testng.internal.thread.ThreadUtil.lambda$execute$0(ThreadUtil.java:64)
	at java.base/java.util.concurrent.FutureTask.run(FutureTask.java:317)
	at java.base/java.util.concurrent.ThreadPoolExecutor.runWorker(ThreadPoolExecutor.java:1144)
	at java.base/java.util.concurrent.ThreadPoolExecutor$Worker.run(ThreadPoolExecutor.java:642)
	at java.base/java.lang.Thread.run(Thread.java:1583)

11:02:24.570 [teardown@2] DEBUG com.browserstack.testOps.UsageStats - getFormattedData: Collecting data for TestObservability
11:02:24.570 [teardown@2] DEBUG com.browserstack.testOps.UsageStats - getEventStats: Getting event data for TestObservability
11:02:24.570 [teardown@2] DEBUG com.browserstack.testOps.UsageStats - [OBSERVABILITY] Failed to parse data from workers
11:02:24.580 [teardown@2] DEBUG c.b.utils.FunnelInstrumentation - Sending funnel data for SDKTestSuccessful with data: {"event_type":"SDKTestSuccessful","accessKey":"1XSLBqNLYzWiPhqyqy9L","userName":"roshinsurendran_Sh2ZAM","event_properties":{"isPercyAutoEnabled":false,"language":"java","sdkRunId":"c18abf89-183c-4f59-989a-fdc7866af534","buildIdentifier":"#1","error":"[{\"tests\":{\"MargoExpress.Mobile.Ecommerce_Tc_4_Hybrid-verifyProductsAddedinCart\":\"Unknown mobile command \\\"longClickGesture\\\". Only shell,scrollBackTo,viewportScreenshot,deepLink,startLogsBroadcast,stopLogsBroadcast,acceptAlert,dismissAlert,batteryInfo,deviceInfo,changePermissions,getPermissions,performEditorAction,startScreenStreaming,stopScreenStreaming,getNotifications,listSms,type commands are supported. Build info: version: '4.26.0', revision: '8ccf0219d7' System info: os.name: 'Windows 11', os.arch: 'amd64', os.version: '10.0', java.version: '21.0.3' Driver info: io.appium.java_client.android.AndroidDriver Command: [728ec649666aa0ecc3e9200d3968ffef007c1f01, executeScript {script=mobile: longClickGesture, args=[{elementId=4e4996a3-acfc-438d-9f56-9dbb87910993, duration=2000}]}] Capabilities {appium:appActivity: com.androidsample.generalst..., appium:appPackage: com.androidsample.generalstore, appium:automationName: uiautomator2, appium:bundleID: com.androidsample.generalstore, appium:bundleId: com.androidsample.generalstore, appium:chromedriverPort: 18081, appium:chromedriverPorts: [[18111, 18121]], appium:databaseEnabled: false, appium:desired: {appActivity: com.androidsample.generalst..., appPackage: com.androidsample.generalstore, automationName: uiautomator2, bstack:options: {buildIdentifier: #1, hostName: Roshin, localIdentifier: 05_Nov_111_Roshin_AJSp}, bundleID: com.androidsample.generalstore, bundleId: com.androidsample.generalstore, chromedriverPort: 18081, chromedriverPorts: [[18111, 18121]], deviceName: pixel 8 pro emulator, disableSuppressAccessibilityService: true, goog:chromeOptions: {}, nativeWebScreenshot: true, newCommandTimeout: 0, platformName: Android, skipServerInstallation: true, systemPort: 8201, udid: R5CRA1JXD8Y}, appium:deviceApiLevel: 30, appium:deviceManufacturer: samsung, appium:deviceModel: SM-G991B, appium:deviceName: R5CRA1JXD8Y, appium:deviceScreenDensity: 480, appium:deviceScreenSize: 1080x2400, appium:deviceUDID: R5CRA1JXD8Y, appium:disableSuppressAccessibilityService: true, appium:javascriptEnabled: true, appium:locationContextEnabled: false, appium:nativeWebScreenshot: true, appium:networkConnectionEnabled: true, appium:newCommandTimeout: 0, appium:optimalHubUrl: hub-aps.browserstack.com, appium:pixelRatio: 3, appium:platformVersion: 11, appium:skipServerInstallation: true, appium:statBarHeight: 79, appium:systemPort: 8201, appium:takesScreenshot: true, appium:udid: R5CRA1JXD8Y, appium:viewportRect: {height: 2097, left: 0, top: 79, width: 1080}, appium:warnings: {}, appium:webStorageEnabled: false, bstack:options: {buildIdentifier: #1, hostName: Roshin, localIdentifier: 05_Nov_111_Roshin_AJSp}, goog:chromeOptions: {}, platformName: ANDROID} Session ID: 728ec649666aa0ecc3e9200d3968ffef007c1f01\"},\"platformVersion\":\"11.0\",\"deviceName\":\"Samsung Galaxy S21\"},{\"tests\":{\"MargoExpress.Mobile.Ecommerce_Tc_4_Hybrid-verifyProductsAddedinCart\":\"Unknown mobile command \\\"longClickGesture\\\". Only shell,scrollBackTo,viewportScreenshot,deepLink,startLogsBroadcast,stopLogsBroadcast,acceptAlert,dismissAlert,batteryInfo,deviceInfo,changePermissions,getPermissions,performEditorAction,startScreenStreaming,stopScreenStreaming,getNotifications,listSms,type commands are supported. Build info: version: '4.26.0', revision: '8ccf0219d7' System info: os.name: 'Windows 11', os.arch: 'amd64', os.version: '10.0', java.version: '21.0.3' Driver info: io.appium.java_client.android.AndroidDriver Command: [d5956aefca64ea062a44b25fb4395a0b2d8c7d05, executeScript {script=mobile: longClickGesture, args=[{elementId=20cc53cc-8bf3-4074-ae60-6821572e5a05, duration=2000}]}] Capabilities {appium:appActivity: com.androidsample.generalst..., appium:appPackage: com.androidsample.generalstore, appium:automationName: uiautomator2, appium:bundleID: com.androidsample.generalstore, appium:bundleId: com.androidsample.generalstore, appium:chromedriverPort: 18080, appium:chromedriverPorts: [[18100, 18110]], appium:databaseEnabled: false, appium:desired: {appActivity: com.androidsample.generalst..., appPackage: com.androidsample.generalstore, automationName: uiautomator2, bstack:options: {buildIdentifier: #1, hostName: Roshin, localIdentifier: 05_Nov_111_Roshin_AJSp}, bundleID: com.androidsample.generalstore, bundleId: com.androidsample.generalstore, chromedriverPort: 18080, chromedriverPorts: [[18100, 18110]], deviceName: pixel 8 pro emulator, disableSuppressAccessibilityService: true, goog:chromeOptions: {}, nativeWebScreenshot: true, newCommandTimeout: 0, platformName: Android, skipServerInstallation: true, systemPort: 8200, udid: 1B031FDEE0057Q}, appium:deviceApiLevel: 31, appium:deviceManufacturer: Google, appium:deviceModel: Pixel 6 Pro, appium:deviceName: 1B031FDEE0057Q, appium:deviceScreenDensity: 560, appium:deviceScreenSize: 1440x3120, appium:deviceUDID: 1B031FDEE0057Q, appium:disableSuppressAccessibilityService: true, appium:javascriptEnabled: true, appium:locationContextEnabled: false, appium:nativeWebScreenshot: true, appium:networkConnectionEnabled: true, appium:newCommandTimeout: 0, appium:optimalHubUrl: hub-aps.browserstack.com, appium:pixelRatio: 3.5, appium:platformVersion: 12, appium:skipServerInstallation: true, appium:statBarHeight: 145, appium:systemPort: 8200, appium:takesScreenshot: true, appium:udid: 1B031FDEE0057Q, appium:viewportRect: {height: 2789, left: 0, top: 145, width: 1440}, appium:warnings: {}, appium:webStorageEnabled: false, bstack:options: {buildIdentifier: #1, hostName: Roshin, localIdentifier: 05_Nov_111_Roshin_AJSp}, goog:chromeOptions: {}, platformName: ANDROID} Session ID: d5956aefca64ea062a44b25fb4395a0b2d8c7d05\"},\"platformVersion\":\"12.0\",\"deviceName\":\"Google Pixel 6 Pro\"}]","testhub_uuid":"l7o8ajh8bejx3xljyb3jc2mojsrlu7quwve3xizx","detectedAppiumVersion":"null","productMap":{"app_automate":true,"accessibility":false,"automate":false,"percy":false,"observability":true,"turboscale":false},"hostname":"Roshin","measures":{"percy:start":688,"local:start":8706,"sdk:setup":19802},"productUsage":{"testObservability":{"buildHashedId":"l7o8ajh8bejx3xljyb3jc2mojsrlu7quwve3xizx","manuallySet":false,"enabled":true,"events":{"hookEvents":{"started":{"errors":[],"failedCount":0,"triggeredCount":5,"sentCount":5},"finished":{"triggeredCount":5,"failedCount":0,"errors":[],"sentCount":3},"passed":{"errors":[],"failedCount":0,"triggeredCount":5,"sentCount":3}},"logEvents":{"errors":[],"failedCount":0,"triggeredCount":155,"sentCount":152,"log":{"errors":[],"failedCount":0,"triggeredCount":155,"sentCount":152}},"testEvents":{"started":{"errors":[],"failedCount":0,"triggeredCount":8,"sentCount":8},"finished":{"triggeredCount":7,"failedCount":0,"errors":[],"sentCount":7},"failed":{"errors":[],"failedCount":0,"triggeredCount":2,"sentCount":2},"passed":{"errors":[],"failedCount":0,"triggeredCount":5,"sentCount":5}},"batchEvents":{"triggeredCount":4,"failedCount":0,"errors":[],"sentCount":4},"cbtSessionEvents":{"errors":[],"failedCount":0,"triggeredCount":0,"sentCount":0},"buildEvents":{"started":{"error":null,"triggered":true,"status":"success"},"finished":{"error":null,"triggered":null,"status":null}}}}},"browserStackConfig":{"browserstackLocal":true,"percy":false,"logLevel":"info","staticWebDriver":true,"autoDetectFramework":true,"percyCaptureMode":"MANUAL","browserStackLocalOptions":{"localIdentifier":"05_Nov_111_Roshin_AJSp","key":"****"},"percyOptions":{},"testContextOptions":{"skipSessionStatus":false,"serenityOverridePlugin":false,"skipSessionName":false},"platforms":[{"osVersion":null,"browserVersion":null,"capabilities":{"platformVersion":12.0,"platformName":"android","deviceName":"Samsung Galaxy S22 Ultra"},"device":"Samsung Galaxy S22 Ultra","os":null,"browser":null,"platformCaps":{"platformVersion":12.0,"platformName":"android","deviceName":"Samsung Galaxy S22 Ultra"},"platformString":"Samsung Galaxy S22 Ultra, 12.0","customVariables":"****"},{"osVersion":null,"browserVersion":null,"capabilities":{"platformVersion":11.0,"platformName":"android","deviceName":"Samsung Galaxy S21"},"device":"Samsung Galaxy S21","os":null,"browser":null,"platformCaps":{"platformVersion":11.0,"platformName":"android","deviceName":"Samsung Galaxy S21"},"platformString":"Samsung Galaxy S21, 11.0","customVariables":"****"},{"osVersion":null,"browserVersion":null,"capabilities":{"platformVersion":12.0,"platformName":"android","deviceName":"Google Pixel 6 Pro"},"device":"Google Pixel 6 Pro","os":null,"browser":null,"platformCaps":{"platformVersion":12.0,"platformName":"android","deviceName":"Google Pixel 6 Pro"},"platformString":"Google Pixel 6 Pro, 12.0","customVariables":"****"}],"parallelsPerPlatform":1,"framework":"testng","accessibility":false,"accessibilityOptions":{},"turboScaleOptions":{},"disableAutoCaptureLogs":true,"testObservability":true,"browserstackAutomation":true,"turboScale":false,"testObservabilityOptions":{},"gradleMConfig":null,"proxySettings":null},"percyBuildId":null,"product":"[app-automate, observability]","buildName":"browserstack build","os":"Windows 11","languageVersion":"21.0.3","appiumVersion":"9.3.0","frameworkDetectionInstrumentation":{"parseLoadClass":30,"ret-org.openqa.selenium.remote.RemoteWebDriver":355,"retransformClasses":357,"parseDependencies":17},"userFramework":"testng","detectedDependencies":"testng","referrer":"testng-javaagent\/1.26.4","locationTrigger":"onFinish","language_framework":"java_testng","detectedFramework":"testng","testOrchestration":{"abortBuildOnFailure":{"enabled":false},"retryTestsOnFailure":{"enabled":false},"userConfig":{}},"detectedSeleniumVersion":"4.26.0","seleniumVersion":"4.26.0"}}
11:02:24.621 [selectProduct@0] DEBUG c.b.testNgListeners.TestNGUtils - [populateTestDataForBSTestOps] Event Type :: TestRunFinished, Test ClassName :: MargoExpress.Mobile.Ecommerce_Tc_4_Hybrid 
11:02:24.622 [selectProduct@0] DEBUG c.browserstack.utils.UtilityMethods - [findFileMatcher] Current Path is :: C:\Users\xps\eclipse-workspace\Mobile, TestClass :: MargoExpress\Mobile\Ecommerce_Tc_4_Hybrid
11:02:24.714 [selectProduct@0] DEBUG c.b.testNgListeners.TestNGUtils - [populateTestDataForBSTestOps] The filename fetched :: C:\Users\xps\eclipse-workspace\Mobile\src\test\java\MargoExpress\Mobile\Ecommerce_Tc_4_Hybrid.java, fileSeparator :: \, AbsolutePath :: C:\Users\xps\eclipse-workspace\Mobile\., Normalized Path :: C:\Users\xps\eclipse-workspace\Mobile, File.Separator :: \
11:02:24.714 [selectProduct@0] DEBUG c.b.testNgListeners.TestNGUtils - [populateTestDataForBSTestOps] Replaced File Name is :: Mobile\src\test\java\MargoExpress\Mobile\Ecommerce_Tc_4_Hybrid.java, Absolute Path :: C:\Users\xps\eclipse-workspace\Mobile\.., Normalized Path :: C:\Users\xps\eclipse-workspace 
11:02:24.720 [selectProduct@0] DEBUG c.b.utils.SeleniumMethodUtils - getURLFromCommandExecutor: Getting Hub url from HttpCommandExecutor
11:02:24.720 [selectProduct@0] DEBUG c.b.utils.SeleniumMethodUtils - getURLFromCommandExecutor: Found url: https://hub-aps.browserstack.com/wd/hub
11:02:24.720 [selectProduct@0] DEBUG c.b.utils.SeleniumMethodUtils - getURLFromCommandExecutor: Getting Hub url from HttpCommandExecutor
11:02:24.720 [selectProduct@0] DEBUG c.b.utils.SeleniumMethodUtils - getURLFromCommandExecutor: Found url: https://hub-aps.browserstack.com/wd/hub
11:02:24.721 [selectProduct@0] DEBUG com.browserstack.testOps.Listener - [ TESTHUB ] Processing Request Kind TestRunFinished
11:02:24.795 [Default test-0@0] DEBUG c.b.testNgListeners.TestNGUtils - [populateTestDataForBSTestOps] Event Type :: TestRunStarted, Test ClassName :: MargoExpress.Mobile.Ecommerce_Tc_4_Hybrid 
11:02:24.795 [Default test-0@0] DEBUG c.browserstack.utils.UtilityMethods - [findFileMatcher] Current Path is :: C:\Users\xps\eclipse-workspace\Mobile, TestClass :: MargoExpress\Mobile\Ecommerce_Tc_4_Hybrid
11:02:24.876 [Default test-0@0] DEBUG c.b.testNgListeners.TestNGUtils - [populateTestDataForBSTestOps] The filename fetched :: C:\Users\xps\eclipse-workspace\Mobile\src\test\java\MargoExpress\Mobile\Ecommerce_Tc_4_Hybrid.java, fileSeparator :: \, AbsolutePath :: C:\Users\xps\eclipse-workspace\Mobile\., Normalized Path :: C:\Users\xps\eclipse-workspace\Mobile, File.Separator :: \
11:02:24.876 [Default test-0@0] DEBUG c.b.testNgListeners.TestNGUtils - [populateTestDataForBSTestOps] Replaced File Name is :: Mobile\src\test\java\MargoExpress\Mobile\Ecommerce_Tc_4_Hybrid.java, Absolute Path :: C:\Users\xps\eclipse-workspace\Mobile\.., Normalized Path :: C:\Users\xps\eclipse-workspace 
11:02:24.880 [Default test-0@0] DEBUG c.b.utils.SeleniumMethodUtils - getURLFromCommandExecutor: Getting Hub url from HttpCommandExecutor
11:02:24.880 [Default test-0@0] DEBUG c.b.utils.SeleniumMethodUtils - getURLFromCommandExecutor: Found url: https://hub-aps.browserstack.com/wd/hub
11:02:24.880 [Default test-0@0] DEBUG c.b.utils.SeleniumMethodUtils - getURLFromCommandExecutor: Getting Hub url from HttpCommandExecutor
11:02:24.880 [Default test-0@0] DEBUG c.b.utils.SeleniumMethodUtils - getURLFromCommandExecutor: Found url: https://hub-aps.browserstack.com/wd/hub
11:02:24.885 [Default test-0@0] DEBUG com.browserstack.testOps.Listener - [ TESTHUB ] Processing Request Kind TestRunStarted
11:02:25.081 [teardown@2] DEBUG c.b.utils.FunnelInstrumentation - API Event SDKTestSuccessful response - {"message":"SDK Event recorded successfully"}
11:02:25.081 [teardown@2] DEBUG c.browserstack.utils.LogReportingAPI - sendSync failed - driver not alive
11:02:25.082 [teardown@2] DEBUG com.browserstack.testOps.Listener - [ TESTHUB ] Processing Request Kind LogCreated
11:02:25.082 [teardown@2] DEBUG com.browserstack.testOps.Listener - [ TESTHUB ] Processing Request Kind LogCreated
11:02:25.082 [teardown@2] DEBUG com.browserstack.testOps.Listener - [ TESTHUB ] Processing Request Kind LogCreated
11:02:25.083 [teardown@2] DEBUG com.browserstack.testOps.Listener - [ TESTHUB ] Processing Request Kind LogCreated
11:02:25.223 [verifyProductsAddedinCart@0] DEBUG com.browserstack.testOps.Listener - [ TESTHUB ] Processing Request Kind LogCreated
11:02:25.365 [verifyProductsAddedinCart@0] DEBUG com.browserstack.testOps.Listener - [ TESTHUB ] Processing Request Kind LogCreated
11:02:25.761 [verifyProductsAddedinCart@0] DEBUG com.browserstack.testOps.Listener - [ TESTHUB ] Processing Request Kind LogCreated
11:02:26.240 [verifyProductsAddedinCart@0] DEBUG c.b.testNgListeners.TestNGUtils - [populateTestDataForBSTestOps] Event Type :: TestRunFinished, Test ClassName :: MargoExpress.Mobile.Ecommerce_Tc_4_Hybrid 
11:02:26.240 [verifyProductsAddedinCart@0] DEBUG c.browserstack.utils.UtilityMethods - [findFileMatcher] Current Path is :: C:\Users\xps\eclipse-workspace\Mobile, TestClass :: MargoExpress\Mobile\Ecommerce_Tc_4_Hybrid
11:02:26.287 [verifyProductsAddedinCart@0] DEBUG c.b.testNgListeners.TestNGUtils - [populateTestDataForBSTestOps] The filename fetched :: C:\Users\xps\eclipse-workspace\Mobile\src\test\java\MargoExpress\Mobile\Ecommerce_Tc_4_Hybrid.java, fileSeparator :: \, AbsolutePath :: C:\Users\xps\eclipse-workspace\Mobile\., Normalized Path :: C:\Users\xps\eclipse-workspace\Mobile, File.Separator :: \
11:02:26.287 [verifyProductsAddedinCart@0] DEBUG c.b.testNgListeners.TestNGUtils - [populateTestDataForBSTestOps] Replaced File Name is :: Mobile\src\test\java\MargoExpress\Mobile\Ecommerce_Tc_4_Hybrid.java, Absolute Path :: C:\Users\xps\eclipse-workspace\Mobile\.., Normalized Path :: C:\Users\xps\eclipse-workspace 
11:02:26.293 [verifyProductsAddedinCart@0] DEBUG c.b.utils.SeleniumMethodUtils - getURLFromCommandExecutor: Getting Hub url from HttpCommandExecutor
11:02:26.293 [verifyProductsAddedinCart@0] DEBUG c.b.utils.SeleniumMethodUtils - getURLFromCommandExecutor: Found url: https://hub-aps.browserstack.com/wd/hub
11:02:26.293 [verifyProductsAddedinCart@0] DEBUG c.b.utils.SeleniumMethodUtils - getURLFromCommandExecutor: Getting Hub url from HttpCommandExecutor
11:02:26.293 [verifyProductsAddedinCart@0] DEBUG c.b.utils.SeleniumMethodUtils - getURLFromCommandExecutor: Found url: https://hub-aps.browserstack.com/wd/hub
11:02:26.296 [verifyProductsAddedinCart@0] DEBUG com.browserstack.testOps.Listener - [ TESTHUB ] Processing Request Kind TestRunFinished
11:02:26.345 [pool-4-thread-1] DEBUG c.browserstack.utils.RequestBatcher - Time Since Last Batch Processed 4002

11:02:26.346 [pool-5-thread-1] DEBUG c.browserstack.utils.RequestBatcher - Processing Batch 16

11:02:26.348 [pool-5-thread-1] DEBUG c.browserstack.testOps.RequestUtils - [requestToTestOps] Sending Observability request: POST api/v1/batch with request size 33732
11:02:26.350 [pool-5-thread-1] DEBUG c.browserstack.testOps.RequestUtils - [makeRequest] Sending request: POST https://collector-observability.browserstack.com/api/v1/batch with request size 33732
11:02:26.365 [teardown@0] DEBUG c.b.testNgListeners.TestNGUtils - [populateTestDataForBSTestOps] Event Type :: HookRunStarted, Method ClassName :: MargoExpress.Mobile.BaseTest 
11:02:26.365 [teardown@0] DEBUG c.browserstack.utils.UtilityMethods - [findFileMatcher] Current Path is :: C:\Users\xps\eclipse-workspace\Mobile, TestClass :: MargoExpress\Mobile\BaseTest
11:02:26.444 [teardown@0] DEBUG c.b.testNgListeners.TestNGUtils - [populateTestDataForBSTestOps] The filename fetched :: C:\Users\xps\eclipse-workspace\Mobile\src\test\java\MargoExpress\Mobile\BaseTest.java, fileSeparator :: \, AbsolutePath :: C:\Users\xps\eclipse-workspace\Mobile\., Normalized Path :: C:\Users\xps\eclipse-workspace\Mobile, File.Separator :: \
11:02:26.445 [teardown@0] DEBUG c.b.testNgListeners.TestNGUtils - [populateTestDataForBSTestOps] Replaced File Name is :: Mobile\src\test\java\MargoExpress\Mobile\BaseTest.java, Absolute Path :: C:\Users\xps\eclipse-workspace\Mobile\.., Normalized Path :: C:\Users\xps\eclipse-workspace 
11:02:26.451 [teardown@0] DEBUG c.b.utils.SeleniumMethodUtils - getURLFromCommandExecutor: Getting Hub url from HttpCommandExecutor
11:02:26.452 [teardown@0] DEBUG c.b.utils.SeleniumMethodUtils - getURLFromCommandExecutor: Found url: https://hub-aps.browserstack.com/wd/hub
11:02:26.452 [teardown@0] DEBUG c.b.utils.SeleniumMethodUtils - getURLFromCommandExecutor: Getting Hub url from HttpCommandExecutor
11:02:26.452 [teardown@0] DEBUG c.b.utils.SeleniumMethodUtils - getURLFromCommandExecutor: Found url: https://hub-aps.browserstack.com/wd/hub
11:02:26.452 [teardown@0] DEBUG com.browserstack.testOps.Listener - [ TESTHUB ] Processing Request Kind HookRunStarted
11:02:26.452 [teardown@0] DEBUG c.browserstack.utils.LogReportingAPI - sendPlatformDetails: Can't send CBT info, as driver or test is not found
11:02:26.852 [pool-5-thread-1] DEBUG c.browserstack.testOps.RequestUtils - [makeRequest]: Response code: 200
11:02:26.852 [pool-5-thread-1] DEBUG c.browserstack.testOps.RequestUtils - requestToTestOps: Response code: 200
11:02:26.852 [pool-5-thread-1] DEBUG c.browserstack.utils.LogReportingAPI - 
[2024-11-05T07:02:26.852421400Z][ TESTHUB ] Batch event successfull!

11:02:28.880 [teardown@0] DEBUG c.b.testNgListeners.TestNGUtils - [populateTestDataForBSTestOps] Event Type :: HookRunFinished, Method ClassName :: MargoExpress.Mobile.BaseTest 
11:02:28.881 [teardown@0] DEBUG c.browserstack.utils.UtilityMethods - [findFileMatcher] Current Path is :: C:\Users\xps\eclipse-workspace\Mobile, TestClass :: MargoExpress\Mobile\BaseTest
11:02:28.957 [teardown@0] DEBUG c.b.testNgListeners.TestNGUtils - [populateTestDataForBSTestOps] The filename fetched :: C:\Users\xps\eclipse-workspace\Mobile\src\test\java\MargoExpress\Mobile\BaseTest.java, fileSeparator :: \, AbsolutePath :: C:\Users\xps\eclipse-workspace\Mobile\., Normalized Path :: C:\Users\xps\eclipse-workspace\Mobile, File.Separator :: \
11:02:28.957 [teardown@0] DEBUG c.b.testNgListeners.TestNGUtils - [populateTestDataForBSTestOps] Replaced File Name is :: Mobile\src\test\java\MargoExpress\Mobile\BaseTest.java, Absolute Path :: C:\Users\xps\eclipse-workspace\Mobile\.., Normalized Path :: C:\Users\xps\eclipse-workspace 
11:02:28.957 [teardown@0] DEBUG com.browserstack.testOps.Listener - [ TESTHUB ] Processing Request Kind HookRunFinished
11:02:28.960 [teardown@0] DEBUG c.b.utils.FunnelInstrumentation - Unable to parse data from processes. Exception: Unexpected token END OF FILE at position 0.
	at browserstack.shaded.org.json.simple.parser.JSONParser.parse(Unknown Source)
	at browserstack.shaded.org.json.simple.parser.JSONParser.parse(Unknown Source)
	at browserstack.shaded.org.json.simple.parser.JSONParser.parse(Unknown Source)
	at com.browserstack.utils.FunnelInstrumentation.getFormattedDataFromProcesses(Unknown Source)
	at com.browserstack.utils.FunnelInstrumentation.createParamsForEvent(Unknown Source)
	at com.browserstack.utils.FunnelInstrumentation.sendSDKEvent(Unknown Source)
	at com.browserstack.testNgListeners.TmpSuiteListener.onFinish(Unknown Source)
	at org.testng.TestRunner.fireEvent(TestRunner.java:873)
	at org.testng.TestRunner.afterRun(TestRunner.java:828)
	at org.testng.TestRunner.run(TestRunner.java:616)
	at org.testng.SuiteRunner.runTest(SuiteRunner.java:421)
	at org.testng.SuiteRunner$SuiteWorker.run(SuiteRunner.java:463)
	at org.testng.internal.thread.ThreadUtil.lambda$execute$0(ThreadUtil.java:64)
	at java.base/java.util.concurrent.FutureTask.run(FutureTask.java:317)
	at java.base/java.util.concurrent.ThreadPoolExecutor.runWorker(ThreadPoolExecutor.java:1144)
	at java.base/java.util.concurrent.ThreadPoolExecutor$Worker.run(ThreadPoolExecutor.java:642)
	at java.base/java.lang.Thread.run(Thread.java:1583)

11:02:28.960 [teardown@0] DEBUG com.browserstack.testOps.UsageStats - getFormattedData: Collecting data for TestObservability
11:02:28.960 [teardown@0] DEBUG com.browserstack.testOps.UsageStats - getEventStats: Getting event data for TestObservability
11:02:28.960 [teardown@0] DEBUG com.browserstack.testOps.UsageStats - [OBSERVABILITY] Failed to parse data from workers
11:02:28.973 [teardown@0] DEBUG c.b.utils.FunnelInstrumentation - Sending funnel data for SDKTestSuccessful with data: {"event_type":"SDKTestSuccessful","accessKey":"1XSLBqNLYzWiPhqyqy9L","userName":"roshinsurendran_Sh2ZAM","event_properties":{"isPercyAutoEnabled":false,"language":"java","sdkRunId":"c18abf89-183c-4f59-989a-fdc7866af534","buildIdentifier":"#1","error":"[{\"tests\":{\"MargoExpress.Mobile.Ecommerce_Tc_4_Hybrid-verifyProductsAddedinCart\":\"Unknown mobile command \\\"longClickGesture\\\". Only shell,scrollBackTo,viewportScreenshot,deepLink,startLogsBroadcast,stopLogsBroadcast,acceptAlert,dismissAlert,batteryInfo,deviceInfo,changePermissions,getPermissions,performEditorAction,startScreenStreaming,stopScreenStreaming,getNotifications,listSms,type commands are supported. Build info: version: '4.26.0', revision: '8ccf0219d7' System info: os.name: 'Windows 11', os.arch: 'amd64', os.version: '10.0', java.version: '21.0.3' Driver info: io.appium.java_client.android.AndroidDriver Command: [6ad316e71b1c4049c1b950788a4f3becd37afe67, executeScript {script=mobile: longClickGesture, args=[{elementId=e4e919ac-e0bb-4a25-bbb9-2253fc7f6041, duration=2000}]}] Capabilities {appium:appActivity: com.androidsample.generalst..., appium:appPackage: com.androidsample.generalstore, appium:automationName: uiautomator2, appium:bundleID: com.androidsample.generalstore, appium:bundleId: com.androidsample.generalstore, appium:chromedriverPort: 18082, appium:chromedriverPorts: [[18122, 18132]], appium:databaseEnabled: false, appium:desired: {appActivity: com.androidsample.generalst..., appPackage: com.androidsample.generalstore, automationName: uiautomator2, bstack:options: {buildIdentifier: #1, hostName: Roshin, localIdentifier: 05_Nov_111_Roshin_AJSp}, bundleID: com.androidsample.generalstore, bundleId: com.androidsample.generalstore, chromedriverPort: 18082, chromedriverPorts: [[18122, 18132]], deviceName: pixel 8 pro emulator, disableSuppressAccessibilityService: true, goog:chromeOptions: {}, nativeWebScreenshot: true, newCommandTimeout: 0, platformName: Android, skipServerInstallation: true, systemPort: 8202, udid: R5CT317D3PZ}, appium:deviceApiLevel: 31, appium:deviceManufacturer: samsung, appium:deviceModel: SM-S908E, appium:deviceName: R5CT317D3PZ, appium:deviceScreenDensity: 450, appium:deviceScreenSize: 1080x2316, appium:deviceUDID: R5CT317D3PZ, appium:disableSuppressAccessibilityService: true, appium:javascriptEnabled: true, appium:locationContextEnabled: false, appium:nativeWebScreenshot: true, appium:networkConnectionEnabled: true, appium:newCommandTimeout: 0, appium:optimalHubUrl: hub-aps.browserstack.com, appium:pixelRatio: 2.8125, appium:platformVersion: 12, appium:skipServerInstallation: true, appium:statBarHeight: 75, appium:systemPort: 8202, appium:takesScreenshot: true, appium:udid: R5CT317D3PZ, appium:viewportRect: {height: 2031, left: 0, top: 75, width: 1080}, appium:warnings: {}, appium:webStorageEnabled: false, bstack:options: {buildIdentifier: #1, hostName: Roshin, localIdentifier: 05_Nov_111_Roshin_AJSp}, goog:chromeOptions: {}, platformName: ANDROID} Session ID: 6ad316e71b1c4049c1b950788a4f3becd37afe67\"},\"platformVersion\":\"12.0\",\"deviceName\":\"Samsung Galaxy S22 Ultra\"},{\"tests\":{\"MargoExpress.Mobile.Ecommerce_Tc_4_Hybrid-verifyProductsAddedinCart\":\"Unknown mobile command \\\"longClickGesture\\\". Only shell,scrollBackTo,viewportScreenshot,deepLink,startLogsBroadcast,stopLogsBroadcast,acceptAlert,dismissAlert,batteryInfo,deviceInfo,changePermissions,getPermissions,performEditorAction,startScreenStreaming,stopScreenStreaming,getNotifications,listSms,type commands are supported. Build info: version: '4.26.0', revision: '8ccf0219d7' System info: os.name: 'Windows 11', os.arch: 'amd64', os.version: '10.0', java.version: '21.0.3' Driver info: io.appium.java_client.android.AndroidDriver Command: [728ec649666aa0ecc3e9200d3968ffef007c1f01, executeScript {script=mobile: longClickGesture, args=[{elementId=4e4996a3-acfc-438d-9f56-9dbb87910993, duration=2000}]}] Capabilities {appium:appActivity: com.androidsample.generalst..., appium:appPackage: com.androidsample.generalstore, appium:automationName: uiautomator2, appium:bundleID: com.androidsample.generalstore, appium:bundleId: com.androidsample.generalstore, appium:chromedriverPort: 18081, appium:chromedriverPorts: [[18111, 18121]], appium:databaseEnabled: false, appium:desired: {appActivity: com.androidsample.generalst..., appPackage: com.androidsample.generalstore, automationName: uiautomator2, bstack:options: {buildIdentifier: #1, hostName: Roshin, localIdentifier: 05_Nov_111_Roshin_AJSp}, bundleID: com.androidsample.generalstore, bundleId: com.androidsample.generalstore, chromedriverPort: 18081, chromedriverPorts: [[18111, 18121]], deviceName: pixel 8 pro emulator, disableSuppressAccessibilityService: true, goog:chromeOptions: {}, nativeWebScreenshot: true, newCommandTimeout: 0, platformName: Android, skipServerInstallation: true, systemPort: 8201, udid: R5CRA1JXD8Y}, appium:deviceApiLevel: 30, appium:deviceManufacturer: samsung, appium:deviceModel: SM-G991B, appium:deviceName: R5CRA1JXD8Y, appium:deviceScreenDensity: 480, appium:deviceScreenSize: 1080x2400, appium:deviceUDID: R5CRA1JXD8Y, appium:disableSuppressAccessibilityService: true, appium:javascriptEnabled: true, appium:locationContextEnabled: false, appium:nativeWebScreenshot: true, appium:networkConnectionEnabled: true, appium:newCommandTimeout: 0, appium:optimalHubUrl: hub-aps.browserstack.com, appium:pixelRatio: 3, appium:platformVersion: 11, appium:skipServerInstallation: true, appium:statBarHeight: 79, appium:systemPort: 8201, appium:takesScreenshot: true, appium:udid: R5CRA1JXD8Y, appium:viewportRect: {height: 2097, left: 0, top: 79, width: 1080}, appium:warnings: {}, appium:webStorageEnabled: false, bstack:options: {buildIdentifier: #1, hostName: Roshin, localIdentifier: 05_Nov_111_Roshin_AJSp}, goog:chromeOptions: {}, platformName: ANDROID} Session ID: 728ec649666aa0ecc3e9200d3968ffef007c1f01\"},\"platformVersion\":\"11.0\",\"deviceName\":\"Samsung Galaxy S21\"},{\"tests\":{\"MargoExpress.Mobile.Ecommerce_Tc_4_Hybrid-verifyProductsAddedinCart\":\"Unknown mobile command \\\"longClickGesture\\\". Only shell,scrollBackTo,viewportScreenshot,deepLink,startLogsBroadcast,stopLogsBroadcast,acceptAlert,dismissAlert,batteryInfo,deviceInfo,changePermissions,getPermissions,performEditorAction,startScreenStreaming,stopScreenStreaming,getNotifications,listSms,type commands are supported. Build info: version: '4.26.0', revision: '8ccf0219d7' System info: os.name: 'Windows 11', os.arch: 'amd64', os.version: '10.0', java.version: '21.0.3' Driver info: io.appium.java_client.android.AndroidDriver Command: [d5956aefca64ea062a44b25fb4395a0b2d8c7d05, executeScript {script=mobile: longClickGesture, args=[{elementId=20cc53cc-8bf3-4074-ae60-6821572e5a05, duration=2000}]}] Capabilities {appium:appActivity: com.androidsample.generalst..., appium:appPackage: com.androidsample.generalstore, appium:automationName: uiautomator2, appium:bundleID: com.androidsample.generalstore, appium:bundleId: com.androidsample.generalstore, appium:chromedriverPort: 18080, appium:chromedriverPorts: [[18100, 18110]], appium:databaseEnabled: false, appium:desired: {appActivity: com.androidsample.generalst..., appPackage: com.androidsample.generalstore, automationName: uiautomator2, bstack:options: {buildIdentifier: #1, hostName: Roshin, localIdentifier: 05_Nov_111_Roshin_AJSp}, bundleID: com.androidsample.generalstore, bundleId: com.androidsample.generalstore, chromedriverPort: 18080, chromedriverPorts: [[18100, 18110]], deviceName: pixel 8 pro emulator, disableSuppressAccessibilityService: true, goog:chromeOptions: {}, nativeWebScreenshot: true, newCommandTimeout: 0, platformName: Android, skipServerInstallation: true, systemPort: 8200, udid: 1B031FDEE0057Q}, appium:deviceApiLevel: 31, appium:deviceManufacturer: Google, appium:deviceModel: Pixel 6 Pro, appium:deviceName: 1B031FDEE0057Q, appium:deviceScreenDensity: 560, appium:deviceScreenSize: 1440x3120, appium:deviceUDID: 1B031FDEE0057Q, appium:disableSuppressAccessibilityService: true, appium:javascriptEnabled: true, appium:locationContextEnabled: false, appium:nativeWebScreenshot: true, appium:networkConnectionEnabled: true, appium:newCommandTimeout: 0, appium:optimalHubUrl: hub-aps.browserstack.com, appium:pixelRatio: 3.5, appium:platformVersion: 12, appium:skipServerInstallation: true, appium:statBarHeight: 145, appium:systemPort: 8200, appium:takesScreenshot: true, appium:udid: 1B031FDEE0057Q, appium:viewportRect: {height: 2789, left: 0, top: 145, width: 1440}, appium:warnings: {}, appium:webStorageEnabled: false, bstack:options: {buildIdentifier: #1, hostName: Roshin, localIdentifier: 05_Nov_111_Roshin_AJSp}, goog:chromeOptions: {}, platformName: ANDROID} Session ID: d5956aefca64ea062a44b25fb4395a0b2d8c7d05\"},\"platformVersion\":\"12.0\",\"deviceName\":\"Google Pixel 6 Pro\"}]","testhub_uuid":"l7o8ajh8bejx3xljyb3jc2mojsrlu7quwve3xizx","detectedAppiumVersion":"null","productMap":{"app_automate":true,"accessibility":false,"automate":false,"percy":false,"observability":true,"turboscale":false},"hostname":"Roshin","measures":{"percy:start":688,"local:start":8706,"sdk:setup":19802},"productUsage":{"testObservability":{"buildHashedId":"l7o8ajh8bejx3xljyb3jc2mojsrlu7quwve3xizx","manuallySet":false,"enabled":true,"events":{"hookEvents":{"started":{"errors":[],"failedCount":0,"triggeredCount":6,"sentCount":5},"finished":{"triggeredCount":6,"failedCount":0,"errors":[],"sentCount":5},"passed":{"errors":[],"failedCount":0,"triggeredCount":6,"sentCount":5}},"logEvents":{"errors":[],"failedCount":0,"triggeredCount":162,"sentCount":163,"log":{"errors":[],"failedCount":0,"triggeredCount":162,"sentCount":163}},"testEvents":{"started":{"errors":[],"failedCount":0,"triggeredCount":9,"sentCount":9},"finished":{"triggeredCount":9,"failedCount":0,"errors":[],"sentCount":9},"failed":{"errors":[],"failedCount":0,"triggeredCount":3,"sentCount":3},"passed":{"errors":[],"failedCount":0,"triggeredCount":6,"sentCount":6}},"batchEvents":{"triggeredCount":5,"failedCount":0,"errors":[],"sentCount":5},"cbtSessionEvents":{"errors":[],"failedCount":0,"triggeredCount":0,"sentCount":0},"buildEvents":{"started":{"error":null,"triggered":true,"status":"success"},"finished":{"error":null,"triggered":null,"status":null}}}}},"browserStackConfig":{"browserstackLocal":true,"percy":false,"logLevel":"info","staticWebDriver":true,"autoDetectFramework":true,"percyCaptureMode":"MANUAL","browserStackLocalOptions":{"localIdentifier":"05_Nov_111_Roshin_AJSp","key":"****"},"percyOptions":{},"testContextOptions":{"skipSessionStatus":false,"serenityOverridePlugin":false,"skipSessionName":false},"platforms":[{"osVersion":null,"browserVersion":null,"capabilities":{"platformVersion":12.0,"platformName":"android","deviceName":"Samsung Galaxy S22 Ultra"},"device":"Samsung Galaxy S22 Ultra","os":null,"browser":null,"platformCaps":{"platformVersion":12.0,"platformName":"android","deviceName":"Samsung Galaxy S22 Ultra"},"platformString":"Samsung Galaxy S22 Ultra, 12.0","customVariables":"****"},{"osVersion":null,"browserVersion":null,"capabilities":{"platformVersion":11.0,"platformName":"android","deviceName":"Samsung Galaxy S21"},"device":"Samsung Galaxy S21","os":null,"browser":null,"platformCaps":{"platformVersion":11.0,"platformName":"android","deviceName":"Samsung Galaxy S21"},"platformString":"Samsung Galaxy S21, 11.0","customVariables":"****"},{"osVersion":null,"browserVersion":null,"capabilities":{"platformVersion":12.0,"platformName":"android","deviceName":"Google Pixel 6 Pro"},"device":"Google Pixel 6 Pro","os":null,"browser":null,"platformCaps":{"platformVersion":12.0,"platformName":"android","deviceName":"Google Pixel 6 Pro"},"platformString":"Google Pixel 6 Pro, 12.0","customVariables":"****"}],"parallelsPerPlatform":1,"framework":"testng","accessibility":false,"accessibilityOptions":{},"turboScaleOptions":{},"disableAutoCaptureLogs":true,"testObservability":true,"browserstackAutomation":true,"turboScale":false,"testObservabilityOptions":{},"gradleMConfig":null,"proxySettings":null},"percyBuildId":null,"product":"[app-automate, observability]","buildName":"browserstack build","os":"Windows 11","languageVersion":"21.0.3","appiumVersion":"9.3.0","frameworkDetectionInstrumentation":{"parseLoadClass":30,"ret-org.openqa.selenium.remote.RemoteWebDriver":355,"retransformClasses":357,"parseDependencies":17},"userFramework":"testng","detectedDependencies":"testng","referrer":"testng-javaagent\/1.26.4","locationTrigger":"onFinish","language_framework":"java_testng","detectedFramework":"testng","testOrchestration":{"abortBuildOnFailure":{"enabled":false},"retryTestsOnFailure":{"enabled":false},"userConfig":{}},"detectedSeleniumVersion":"4.26.0","seleniumVersion":"4.26.0"}}
11:02:29.603 [teardown@0] DEBUG c.b.utils.FunnelInstrumentation - API Event SDKTestSuccessful response - {"message":"SDK Event recorded successfully"}
11:02:29.603 [teardown@0] DEBUG c.browserstack.utils.LogReportingAPI - sendSync failed - driver not alive
11:02:29.604 [teardown@0] DEBUG com.browserstack.testOps.Listener - [ TESTHUB ] Processing Request Kind LogCreated
11:02:29.604 [teardown@0] DEBUG com.browserstack.testOps.Listener - [ TESTHUB ] Processing Request Kind LogCreated
11:02:29.605 [teardown@0] DEBUG com.browserstack.testOps.Listener - [ TESTHUB ] Processing Request Kind LogCreated
11:02:29.605 [teardown@0] DEBUG com.browserstack.testOps.Listener - [ TESTHUB ] Processing Request Kind LogCreated
11:02:29.615 [main] DEBUG com.browserstack.testOps.Listener - [ TESTHUB ] Processing Request Kind LogCreated
11:02:29.687 [main] DEBUG com.browserstack.testOps.Listener - [ TESTHUB ] Processing Request Kind LogCreated
11:02:29.688 [main] DEBUG com.browserstack.testOps.Listener - [ TESTHUB ] Processing Request Kind LogCreated
11:02:29.689 [main] DEBUG com.browserstack.testOps.Listener - [ TESTHUB ] Processing Request Kind LogCreated
11:02:29.689 [main] DEBUG com.browserstack.testOps.Listener - [ TESTHUB ] Processing Request Kind LogCreated
11:02:29.689 [main] DEBUG com.browserstack.testOps.Listener - [ TESTHUB ] Processing Request Kind LogCreated
11:02:29.689 [main] DEBUG com.browserstack.testOps.Listener - [ TESTHUB ] Processing Request Kind LogCreated
11:02:29.689 [main] DEBUG com.browserstack.testOps.Listener - [ TESTHUB ] Processing Request Kind LogCreated
11:02:29.690 [main] DEBUG com.browserstack.testOps.Listener - [ TESTHUB ] Processing Request Kind LogCreated
11:02:29.694 [main] DEBUG com.browserstack.testOps.Listener - [ TESTHUB ] Processing Request Kind LogCreated
11:02:29.694 [main] DEBUG com.browserstack.testOps.Listener - [ TESTHUB ] Processing Request Kind LogCreated
11:02:29.694 [main] DEBUG com.browserstack.testOps.Listener - [ TESTHUB ] Processing Request Kind LogCreated
11:02:29.694 [main] DEBUG com.browserstack.testOps.Listener - [ TESTHUB ] Processing Request Kind LogCreated
11:02:29.695 [main] DEBUG com.browserstack.testOps.Listener - [ TESTHUB ] Processing Request Kind LogCreated
11:02:29.695 [main] DEBUG com.browserstack.testOps.Listener - [ TESTHUB ] Processing Request Kind LogCreated
11:02:29.695 [main] DEBUG com.browserstack.testOps.Listener - [ TESTHUB ] Processing Request Kind LogCreated
11:02:29.696 [main] DEBUG com.browserstack.testOps.Listener - [ TESTHUB ] Processing Request Kind LogCreated
11:02:29.696 [main] DEBUG com.browserstack.testOps.Listener - [ TESTHUB ] Processing Request Kind LogCreated
11:02:29.696 [main] DEBUG com.browserstack.testOps.Listener - [ TESTHUB ] Processing Request Kind LogCreated
11:02:29.696 [main] DEBUG com.browserstack.testOps.Listener - [ TESTHUB ] Processing Request Kind LogCreated
11:02:29.696 [main] DEBUG com.browserstack.testOps.Listener - [ TESTHUB ] Processing Request Kind LogCreated
11:02:29.696 [main] DEBUG com.browserstack.testOps.Listener - [ TESTHUB ] Processing Request Kind LogCreated
11:02:29.696 [main] DEBUG com.browserstack.testOps.Listener - [ TESTHUB ] Processing Request Kind LogCreated
11:02:29.706 [main] DEBUG com.browserstack.testOps.Listener - [ TESTHUB ] Processing Request Kind LogCreated
11:02:29.728 [main] DEBUG com.browserstack.testOps.Listener - [ TESTHUB ] Processing Request Kind LogCreated
11:02:29.740 [main] DEBUG com.browserstack.testOps.Listener - [ TESTHUB ] Processing Request Kind LogCreated
11:02:29.755 [main] DEBUG com.browserstack.testOps.Listener - [ TESTHUB ] Processing Request Kind LogCreated
11:02:29.755 [main] DEBUG com.browserstack.testOps.Listener - [ TESTHUB ] Processing Request Kind LogCreated
11:02:29.757 [Thread-0] DEBUG c.browserstack.BrowserStackJavaAgent - Starting final execution
11:02:29.757 [Thread-0] DEBUG c.b.u.ObservabilityUtilityMethods - Processing batch requests with type: Global
11:02:29.758 [Thread-0] DEBUG c.browserstack.utils.LogReportingAPI - [2024-11-05T07:02:29.757218100Z][ OBSERVABILITY ] Processing stop observability
11:02:29.758 [pool-5-thread-1] DEBUG c.browserstack.utils.RequestBatcher - Processing Batch 34

11:02:29.759 [pool-5-thread-1] DEBUG c.browserstack.testOps.RequestUtils - [requestToTestOps] Sending Observability request: POST api/v1/batch with request size 17584
11:02:29.759 [pool-5-thread-1] DEBUG c.browserstack.testOps.RequestUtils - [makeRequest] Sending request: POST https://collector-observability.browserstack.com/api/v1/batch with request size 17584
11:02:30.227 [pool-5-thread-1] DEBUG c.browserstack.testOps.RequestUtils - [makeRequest]: Response code: 200
11:02:30.227 [pool-5-thread-1] DEBUG c.browserstack.testOps.RequestUtils - requestToTestOps: Response code: 200
11:02:30.227 [pool-5-thread-1] DEBUG c.browserstack.utils.LogReportingAPI - 
[2024-11-05T07:02:30.227069100Z][ TESTHUB ] Batch event successfull!

11:02:30.228 [Thread-0] DEBUG c.browserstack.testOps.RequestUtils - [ TESTHUB ] Processing Request Kind stopBuildUpstream
11:02:30.229 [Thread-0] DEBUG c.browserstack.testOps.RequestUtils - [requestToTestOps] Sending Observability request: PUT api/v1/builds/l7o8ajh8bejx3xljyb3jc2mojsrlu7quwve3xizx/stop with request size 65
11:02:30.229 [Thread-0] DEBUG c.browserstack.testOps.RequestUtils - [makeRequest] Sending request: PUT https://collector-observability.browserstack.com/api/v1/builds/l7o8ajh8bejx3xljyb3jc2mojsrlu7quwve3xizx/stop with request size 65
11:02:30.533 [Thread-0] DEBUG c.browserstack.testOps.RequestUtils - [makeRequest]: Response code: 200
11:02:30.533 [Thread-0] DEBUG c.browserstack.testOps.RequestUtils - requestToTestOps: Response code: 200
11:02:30.534 [Thread-0] DEBUG com.browserstack.testOps.Listener - Testhub stop response: 
11:02:32.677 [Thread-0] DEBUG c.b.utils.FunnelInstrumentation - Unable to parse data from processes. Exception: Unexpected token END OF FILE at position 0.
	at browserstack.shaded.org.json.simple.parser.JSONParser.parse(Unknown Source)
	at browserstack.shaded.org.json.simple.parser.JSONParser.parse(Unknown Source)
	at browserstack.shaded.org.json.simple.parser.JSONParser.parse(Unknown Source)
	at com.browserstack.utils.FunnelInstrumentation.getFormattedDataFromProcesses(Unknown Source)
	at com.browserstack.utils.FunnelInstrumentation.createParamsForEvent(Unknown Source)
	at com.browserstack.utils.FunnelInstrumentation.sendSDKEvent(Unknown Source)
	at com.browserstack.BrowserStackJavaAgent$FinalExecution.run(Unknown Source)

11:02:32.677 [Thread-0] DEBUG com.browserstack.testOps.UsageStats - getFormattedData: Collecting data for TestObservability
11:02:32.677 [Thread-0] DEBUG com.browserstack.testOps.UsageStats - getEventStats: Getting event data for TestObservability
11:02:32.677 [Thread-0] DEBUG com.browserstack.testOps.UsageStats - [OBSERVABILITY] Failed to parse data from workers
11:02:32.684 [Thread-0] DEBUG c.b.utils.FunnelInstrumentation - Sending funnel data for SDKTestSuccessful with data: {"event_type":"SDKTestSuccessful","accessKey":"1XSLBqNLYzWiPhqyqy9L","userName":"roshinsurendran_Sh2ZAM","event_properties":{"isPercyAutoEnabled":false,"language":"java","sdkRunId":"c18abf89-183c-4f59-989a-fdc7866af534","buildIdentifier":"#1","error":"[{\"tests\":{\"MargoExpress.Mobile.Ecommerce_Tc_4_Hybrid-verifyProductsAddedinCart\":\"Unknown mobile command \\\"longClickGesture\\\". Only shell,scrollBackTo,viewportScreenshot,deepLink,startLogsBroadcast,stopLogsBroadcast,acceptAlert,dismissAlert,batteryInfo,deviceInfo,changePermissions,getPermissions,performEditorAction,startScreenStreaming,stopScreenStreaming,getNotifications,listSms,type commands are supported. Build info: version: '4.26.0', revision: '8ccf0219d7' System info: os.name: 'Windows 11', os.arch: 'amd64', os.version: '10.0', java.version: '21.0.3' Driver info: io.appium.java_client.android.AndroidDriver Command: [6ad316e71b1c4049c1b950788a4f3becd37afe67, executeScript {script=mobile: longClickGesture, args=[{elementId=e4e919ac-e0bb-4a25-bbb9-2253fc7f6041, duration=2000}]}] Capabilities {appium:appActivity: com.androidsample.generalst..., appium:appPackage: com.androidsample.generalstore, appium:automationName: uiautomator2, appium:bundleID: com.androidsample.generalstore, appium:bundleId: com.androidsample.generalstore, appium:chromedriverPort: 18082, appium:chromedriverPorts: [[18122, 18132]], appium:databaseEnabled: false, appium:desired: {appActivity: com.androidsample.generalst..., appPackage: com.androidsample.generalstore, automationName: uiautomator2, bstack:options: {buildIdentifier: #1, hostName: Roshin, localIdentifier: 05_Nov_111_Roshin_AJSp}, bundleID: com.androidsample.generalstore, bundleId: com.androidsample.generalstore, chromedriverPort: 18082, chromedriverPorts: [[18122, 18132]], deviceName: pixel 8 pro emulator, disableSuppressAccessibilityService: true, goog:chromeOptions: {}, nativeWebScreenshot: true, newCommandTimeout: 0, platformName: Android, skipServerInstallation: true, systemPort: 8202, udid: R5CT317D3PZ}, appium:deviceApiLevel: 31, appium:deviceManufacturer: samsung, appium:deviceModel: SM-S908E, appium:deviceName: R5CT317D3PZ, appium:deviceScreenDensity: 450, appium:deviceScreenSize: 1080x2316, appium:deviceUDID: R5CT317D3PZ, appium:disableSuppressAccessibilityService: true, appium:javascriptEnabled: true, appium:locationContextEnabled: false, appium:nativeWebScreenshot: true, appium:networkConnectionEnabled: true, appium:newCommandTimeout: 0, appium:optimalHubUrl: hub-aps.browserstack.com, appium:pixelRatio: 2.8125, appium:platformVersion: 12, appium:skipServerInstallation: true, appium:statBarHeight: 75, appium:systemPort: 8202, appium:takesScreenshot: true, appium:udid: R5CT317D3PZ, appium:viewportRect: {height: 2031, left: 0, top: 75, width: 1080}, appium:warnings: {}, appium:webStorageEnabled: false, bstack:options: {buildIdentifier: #1, hostName: Roshin, localIdentifier: 05_Nov_111_Roshin_AJSp}, goog:chromeOptions: {}, platformName: ANDROID} Session ID: 6ad316e71b1c4049c1b950788a4f3becd37afe67\"},\"platformVersion\":\"12.0\",\"deviceName\":\"Samsung Galaxy S22 Ultra\"},{\"tests\":{\"MargoExpress.Mobile.Ecommerce_Tc_4_Hybrid-verifyProductsAddedinCart\":\"Unknown mobile command \\\"longClickGesture\\\". Only shell,scrollBackTo,viewportScreenshot,deepLink,startLogsBroadcast,stopLogsBroadcast,acceptAlert,dismissAlert,batteryInfo,deviceInfo,changePermissions,getPermissions,performEditorAction,startScreenStreaming,stopScreenStreaming,getNotifications,listSms,type commands are supported. Build info: version: '4.26.0', revision: '8ccf0219d7' System info: os.name: 'Windows 11', os.arch: 'amd64', os.version: '10.0', java.version: '21.0.3' Driver info: io.appium.java_client.android.AndroidDriver Command: [728ec649666aa0ecc3e9200d3968ffef007c1f01, executeScript {script=mobile: longClickGesture, args=[{elementId=4e4996a3-acfc-438d-9f56-9dbb87910993, duration=2000}]}] Capabilities {appium:appActivity: com.androidsample.generalst..., appium:appPackage: com.androidsample.generalstore, appium:automationName: uiautomator2, appium:bundleID: com.androidsample.generalstore, appium:bundleId: com.androidsample.generalstore, appium:chromedriverPort: 18081, appium:chromedriverPorts: [[18111, 18121]], appium:databaseEnabled: false, appium:desired: {appActivity: com.androidsample.generalst..., appPackage: com.androidsample.generalstore, automationName: uiautomator2, bstack:options: {buildIdentifier: #1, hostName: Roshin, localIdentifier: 05_Nov_111_Roshin_AJSp}, bundleID: com.androidsample.generalstore, bundleId: com.androidsample.generalstore, chromedriverPort: 18081, chromedriverPorts: [[18111, 18121]], deviceName: pixel 8 pro emulator, disableSuppressAccessibilityService: true, goog:chromeOptions: {}, nativeWebScreenshot: true, newCommandTimeout: 0, platformName: Android, skipServerInstallation: true, systemPort: 8201, udid: R5CRA1JXD8Y}, appium:deviceApiLevel: 30, appium:deviceManufacturer: samsung, appium:deviceModel: SM-G991B, appium:deviceName: R5CRA1JXD8Y, appium:deviceScreenDensity: 480, appium:deviceScreenSize: 1080x2400, appium:deviceUDID: R5CRA1JXD8Y, appium:disableSuppressAccessibilityService: true, appium:javascriptEnabled: true, appium:locationContextEnabled: false, appium:nativeWebScreenshot: true, appium:networkConnectionEnabled: true, appium:newCommandTimeout: 0, appium:optimalHubUrl: hub-aps.browserstack.com, appium:pixelRatio: 3, appium:platformVersion: 11, appium:skipServerInstallation: true, appium:statBarHeight: 79, appium:systemPort: 8201, appium:takesScreenshot: true, appium:udid: R5CRA1JXD8Y, appium:viewportRect: {height: 2097, left: 0, top: 79, width: 1080}, appium:warnings: {}, appium:webStorageEnabled: false, bstack:options: {buildIdentifier: #1, hostName: Roshin, localIdentifier: 05_Nov_111_Roshin_AJSp}, goog:chromeOptions: {}, platformName: ANDROID} Session ID: 728ec649666aa0ecc3e9200d3968ffef007c1f01\"},\"platformVersion\":\"11.0\",\"deviceName\":\"Samsung Galaxy S21\"},{\"tests\":{\"MargoExpress.Mobile.Ecommerce_Tc_4_Hybrid-verifyProductsAddedinCart\":\"Unknown mobile command \\\"longClickGesture\\\". Only shell,scrollBackTo,viewportScreenshot,deepLink,startLogsBroadcast,stopLogsBroadcast,acceptAlert,dismissAlert,batteryInfo,deviceInfo,changePermissions,getPermissions,performEditorAction,startScreenStreaming,stopScreenStreaming,getNotifications,listSms,type commands are supported. Build info: version: '4.26.0', revision: '8ccf0219d7' System info: os.name: 'Windows 11', os.arch: 'amd64', os.version: '10.0', java.version: '21.0.3' Driver info: io.appium.java_client.android.AndroidDriver Command: [d5956aefca64ea062a44b25fb4395a0b2d8c7d05, executeScript {script=mobile: longClickGesture, args=[{elementId=20cc53cc-8bf3-4074-ae60-6821572e5a05, duration=2000}]}] Capabilities {appium:appActivity: com.androidsample.generalst..., appium:appPackage: com.androidsample.generalstore, appium:automationName: uiautomator2, appium:bundleID: com.androidsample.generalstore, appium:bundleId: com.androidsample.generalstore, appium:chromedriverPort: 18080, appium:chromedriverPorts: [[18100, 18110]], appium:databaseEnabled: false, appium:desired: {appActivity: com.androidsample.generalst..., appPackage: com.androidsample.generalstore, automationName: uiautomator2, bstack:options: {buildIdentifier: #1, hostName: Roshin, localIdentifier: 05_Nov_111_Roshin_AJSp}, bundleID: com.androidsample.generalstore, bundleId: com.androidsample.generalstore, chromedriverPort: 18080, chromedriverPorts: [[18100, 18110]], deviceName: pixel 8 pro emulator, disableSuppressAccessibilityService: true, goog:chromeOptions: {}, nativeWebScreenshot: true, newCommandTimeout: 0, platformName: Android, skipServerInstallation: true, systemPort: 8200, udid: 1B031FDEE0057Q}, appium:deviceApiLevel: 31, appium:deviceManufacturer: Google, appium:deviceModel: Pixel 6 Pro, appium:deviceName: 1B031FDEE0057Q, appium:deviceScreenDensity: 560, appium:deviceScreenSize: 1440x3120, appium:deviceUDID: 1B031FDEE0057Q, appium:disableSuppressAccessibilityService: true, appium:javascriptEnabled: true, appium:locationContextEnabled: false, appium:nativeWebScreenshot: true, appium:networkConnectionEnabled: true, appium:newCommandTimeout: 0, appium:optimalHubUrl: hub-aps.browserstack.com, appium:pixelRatio: 3.5, appium:platformVersion: 12, appium:skipServerInstallation: true, appium:statBarHeight: 145, appium:systemPort: 8200, appium:takesScreenshot: true, appium:udid: 1B031FDEE0057Q, appium:viewportRect: {height: 2789, left: 0, top: 145, width: 1440}, appium:warnings: {}, appium:webStorageEnabled: false, bstack:options: {buildIdentifier: #1, hostName: Roshin, localIdentifier: 05_Nov_111_Roshin_AJSp}, goog:chromeOptions: {}, platformName: ANDROID} Session ID: d5956aefca64ea062a44b25fb4395a0b2d8c7d05\"},\"platformVersion\":\"12.0\",\"deviceName\":\"Google Pixel 6 Pro\"}]","testhub_uuid":"l7o8ajh8bejx3xljyb3jc2mojsrlu7quwve3xizx","detectedAppiumVersion":"null","productMap":{"app_automate":true,"accessibility":false,"automate":false,"percy":false,"observability":true,"turboscale":false},"hostname":"Roshin","measures":{"percy:start":688,"local:start":8706,"sdk:setup":19802,"percy:stop":0,"local:stop":2141},"productUsage":{"testObservability":{"buildHashedId":"l7o8ajh8bejx3xljyb3jc2mojsrlu7quwve3xizx","manuallySet":false,"enabled":true,"events":{"hookEvents":{"started":{"errors":[],"failedCount":0,"triggeredCount":6,"sentCount":6},"finished":{"triggeredCount":6,"failedCount":0,"errors":[],"sentCount":6},"passed":{"errors":[],"failedCount":0,"triggeredCount":6,"sentCount":6}},"logEvents":{"errors":[],"failedCount":0,"triggeredCount":194,"sentCount":195,"log":{"errors":[],"failedCount":0,"triggeredCount":194,"sentCount":195}},"testEvents":{"started":{"errors":[],"failedCount":0,"triggeredCount":9,"sentCount":9},"finished":{"triggeredCount":9,"failedCount":0,"errors":[],"sentCount":9},"failed":{"errors":[],"failedCount":0,"triggeredCount":3,"sentCount":3},"passed":{"errors":[],"failedCount":0,"triggeredCount":6,"sentCount":6}},"batchEvents":{"triggeredCount":6,"failedCount":0,"errors":[],"sentCount":6},"cbtSessionEvents":{"errors":[],"failedCount":0,"triggeredCount":0,"sentCount":0},"buildEvents":{"started":{"error":null,"triggered":true,"status":"success"},"finished":{"error":null,"triggered":true,"status":"success"}}}}},"browserStackConfig":{"browserstackLocal":true,"percy":false,"logLevel":"info","staticWebDriver":true,"autoDetectFramework":true,"percyCaptureMode":"MANUAL","browserStackLocalOptions":{"localIdentifier":"05_Nov_111_Roshin_AJSp","key":"****"},"percyOptions":{},"testContextOptions":{"skipSessionStatus":false,"serenityOverridePlugin":false,"skipSessionName":false},"platforms":[{"osVersion":null,"browserVersion":null,"capabilities":{"platformVersion":12.0,"platformName":"android","deviceName":"Samsung Galaxy S22 Ultra"},"device":"Samsung Galaxy S22 Ultra","os":null,"browser":null,"platformCaps":{"platformVersion":12.0,"platformName":"android","deviceName":"Samsung Galaxy S22 Ultra"},"platformString":"Samsung Galaxy S22 Ultra, 12.0","customVariables":"****"},{"osVersion":null,"browserVersion":null,"capabilities":{"platformVersion":11.0,"platformName":"android","deviceName":"Samsung Galaxy S21"},"device":"Samsung Galaxy S21","os":null,"browser":null,"platformCaps":{"platformVersion":11.0,"platformName":"android","deviceName":"Samsung Galaxy S21"},"platformString":"Samsung Galaxy S21, 11.0","customVariables":"****"},{"osVersion":null,"browserVersion":null,"capabilities":{"platformVersion":12.0,"platformName":"android","deviceName":"Google Pixel 6 Pro"},"device":"Google Pixel 6 Pro","os":null,"browser":null,"platformCaps":{"platformVersion":12.0,"platformName":"android","deviceName":"Google Pixel 6 Pro"},"platformString":"Google Pixel 6 Pro, 12.0","customVariables":"****"}],"parallelsPerPlatform":1,"framework":"testng","accessibility":false,"accessibilityOptions":{},"turboScaleOptions":{},"disableAutoCaptureLogs":true,"testObservability":true,"browserstackAutomation":true,"turboScale":false,"testObservabilityOptions":{},"gradleMConfig":null,"proxySettings":null},"percyBuildId":null,"product":"[app-automate, observability]","buildName":"browserstack build","os":"Windows 11","languageVersion":"21.0.3","appiumVersion":"9.3.0","frameworkDetectionInstrumentation":{"parseLoadClass":30,"ret-org.openqa.selenium.remote.RemoteWebDriver":355,"retransformClasses":357,"parseDependencies":17},"userFramework":"testng","detectedDependencies":"testng","referrer":"testng-javaagent\/1.26.4","locationTrigger":"BSTACK_BUILD_END","language_framework":"java_testng","detectedFramework":"testng","testOrchestration":{"abortBuildOnFailure":{"enabled":false},"retryTestsOnFailure":{"enabled":false},"userConfig":{}},"detectedSeleniumVersion":"4.26.0","seleniumVersion":"4.26.0"}}
11:02:33.360 [Thread-0] DEBUG c.b.utils.FunnelInstrumentation - API Event SDKTestSuccessful response - {"message":"SDK Event recorded successfully"}
11:02:34.456 [Thread-0] DEBUG c.browserstack.utils.UtilityMethods - Browserstack Gradle Config File does not exist.
11:02:34.977 [Thread-0] DEBUG c.browserstack.utils.UtilityMethods - Server side buildName(browserstack build  1) is not same as client side buildName(browserstack build #1)
11:04:31.542 [main] DEBUG c.b.config.BrowserStackConfig - Cli Config passed - {}
11:04:32.038 [main] DEBUG c.b.logger.BrowserstackLoggerFactory - Log Level set to TRACE for logger com.browserstack
11:04:32.039 [main] DEBUG c.b.logger.BrowserstackLoggerFactory - Log Level set to INFO for logger stdoutPrinter
11:04:32.098 [main] DEBUG c.b.utils.FrameworkDetectionUtils - Java command - org.testng.remote.RemoteTestNG -serport 57218 -protocol json -d C:\Users\xps\eclipse-workspace\Mobile\test-output C:\Users\xps\AppData\Local\Temp\testng-eclipse-1311293401\testng-customsuite.xml
11:04:32.098 [main] DEBUG c.b.utils.FrameworkDetectionUtils - testng suite xml path C:\Users\xps\AppData\Local\Temp\testng-eclipse-1311293401\testng-customsuite.xml
11:04:32.112 [main] DEBUG c.b.utils.FrameworkDetectionUtils - Test classes detected: MargoExpress.Mobile.Ecommerce_Tc_4_Hybrid
11:04:32.126 [main] DEBUG c.b.utils.FrameworkDetectionUtils - Runner: testng, Engine: none
11:04:32.146 [main] DEBUG c.b.utils.FrameworkDetectionUtils - Runner: testng, Engine: none from dependencies
11:04:32.146 [main] DEBUG c.b.utils.FrameworkDetectionUtils - Detected final framework as: testng
11:04:32.146 [main] DEBUG c.browserstack.BrowserStackJavaAgent - JavaAgent Version 1.26.4
11:04:32.152 [main] DEBUG c.b.utils.ExitSignalHandler - Registered handler for INT
11:04:32.152 [main] DEBUG c.b.utils.ExitSignalHandler - Registered handler for TERM
11:04:32.152 [main] DEBUG c.b.utils.ExitSignalHandler - Unable to attach signal handler for HUP Unknown signal: HUP
11:04:32.152 [main] DEBUG c.b.utils.ExitSignalHandler - Registered handler for ABRT
11:04:32.773 [Thread-1] DEBUG c.browserstack.utils.UtilityMethods - NEXT HUBS ARE: ["hub-aps.browserstack.com","hub-euw.browserstack.com","hub-apse.browserstack.com"]
11:04:33.132 [main] DEBUG c.browserstack.utils.UtilityMethods - EXECUTION TIME OF hub-aps.browserstack.com HUB IS: 355ms
11:04:34.086 [main] DEBUG c.browserstack.utils.UtilityMethods - EXECUTION TIME OF hub-euw.browserstack.com HUB IS: 942ms
11:04:36.077 [main] DEBUG c.browserstack.utils.UtilityMethods - EXECUTION TIME OF hub-apse.browserstack.com HUB IS: 1989ms
11:04:36.080 [main] DEBUG c.browserstack.utils.UtilityMethods - NEAREST HUB ALLOCATED IS - hub-aps.browserstack.com
11:04:36.093 [main] DEBUG c.b.utils.FunnelInstrumentation - Sending funnel data for SDKTestAttempted with data: {"event_type":"SDKTestAttempted","accessKey":"1XSLBqNLYzWiPhqyqy9L","userName":"roshinsurendran_Sh2ZAM","event_properties":{"product":"[app-automate, observability]","buildName":"browserstack build","os":"Windows 11","languageVersion":"21.0.3","appiumVersion":"9.3.0","frameworkDetectionInstrumentation":{"parseLoadClass":11,"parseDependencies":20},"language":"java","sdkRunId":"89547b68-2ddf-4c1e-9170-26bdcb3eb8b2","buildIdentifier":"#2","userFramework":"testng","testhub_uuid":"","detectedAppiumVersion":"null","detectedDependencies":"testng","productMap":{"app_automate":true,"accessibility":false,"automate":false,"percy":false,"observability":true,"turboscale":false},"referrer":"testng-javaagent\/1.26.4","hostname":"Roshin","language_framework":"java_testng","detectedFramework":"testng","detectedSeleniumVersion":"4.26.0","seleniumVersion":"4.26.0"}}
11:04:36.844 [main] DEBUG c.b.utils.FunnelInstrumentation - API Event SDKTestAttempted response - {"message":"SDK Event recorded successfully"}
11:04:37.071 [main] DEBUG c.browserstack.testOps.RequestUtils - [ TESTHUB ] Processing Request Kind launchTestSession
11:04:37.071 [main] DEBUG c.browserstack.testOps.RequestUtils - [requestToTestOps] Sending Observability request: POST api/v2/builds with request size 1246
11:04:37.071 [main] DEBUG c.browserstack.testOps.RequestUtils - [makeRequest] Sending request: POST https://collector-observability.browserstack.com/api/v2/builds with request size 1246
11:04:37.933 [main] DEBUG c.browserstack.testOps.RequestUtils - [makeRequest]: Response code: 200
11:04:37.933 [main] DEBUG c.browserstack.testOps.RequestUtils - requestToTestOps: Response code: 200
11:04:37.934 [main] DEBUG com.browserstack.testOps.Listener - BROWSERSTACK_TESTHUB_UUID : ucocfaaonr3ttqmlyvtbozkv7hvkwryna4ihzdhf
11:04:37.934 [main] DEBUG com.browserstack.testOps.Listener - [ TESTHUB ] Build creation successfull
11:04:37.944 [main] DEBUG com.browserstack.PercyFactory - Fetching token for BrowserStack Sample
11:04:38.605 [main] DEBUG com.browserstack.LocalFactory - Starting BrowserStack Local with identifier 05_Nov_114_Roshin_zJ5c
11:04:45.212 [main] DEBUG c.b.t.XMLSuiteClassListener - Number of parallels - 3 and number of platforms - 3
11:04:45.429 [main] DEBUG com.browserstack.testOps.Listener - [ TESTHUB ] Processing Request Kind LogCreated
11:04:45.434 [main] DEBUG com.browserstack.testOps.Listener - [ TESTHUB ] Processing Request Kind LogCreated
11:04:45.436 [main] DEBUG com.browserstack.testOps.Listener - [ TESTHUB ] Processing Request Kind LogCreated
11:04:45.436 [main] DEBUG com.browserstack.testOps.Listener - [ TESTHUB ] Processing Request Kind LogCreated
11:04:45.436 [main] DEBUG com.browserstack.testOps.Listener - [ TESTHUB ] Processing Request Kind LogCreated
11:04:45.436 [main] DEBUG com.browserstack.testOps.Listener - [ TESTHUB ] Processing Request Kind LogCreated
11:04:45.437 [main] DEBUG com.browserstack.testOps.Listener - [ TESTHUB ] Processing Request Kind LogCreated
11:04:45.437 [main] DEBUG com.browserstack.testOps.Listener - [ TESTHUB ] Processing Request Kind LogCreated
11:04:45.443 [main] DEBUG com.browserstack.testOps.Listener - [ TESTHUB ] Processing Request Kind LogCreated
11:04:45.450 [main] DEBUG com.browserstack.testOps.Listener - [ TESTHUB ] Processing Request Kind LogCreated
11:04:45.450 [main] DEBUG com.browserstack.testOps.Listener - [ TESTHUB ] Processing Request Kind LogCreated
11:04:45.452 [main] DEBUG com.browserstack.testOps.Listener - [ TESTHUB ] Processing Request Kind LogCreated
11:04:45.452 [main] DEBUG com.browserstack.testOps.Listener - [ TESTHUB ] Processing Request Kind LogCreated
11:04:45.452 [main] DEBUG com.browserstack.testOps.Listener - [ TESTHUB ] Processing Request Kind LogCreated
11:04:45.453 [main] DEBUG com.browserstack.testOps.Listener - [ TESTHUB ] Processing Request Kind LogCreated
11:04:45.454 [main] DEBUG com.browserstack.testOps.Listener - [ TESTHUB ] Processing Request Kind LogCreated
11:04:45.454 [main] DEBUG com.browserstack.testOps.Listener - [ TESTHUB ] Processing Request Kind LogCreated
11:04:45.454 [main] DEBUG com.browserstack.testOps.Listener - [ TESTHUB ] Processing Request Kind LogCreated
11:04:45.455 [main] DEBUG com.browserstack.testOps.Listener - [ TESTHUB ] Processing Request Kind LogCreated
11:04:45.455 [main] DEBUG com.browserstack.testOps.Listener - [ TESTHUB ] Processing Request Kind LogCreated
11:04:45.456 [main] DEBUG com.browserstack.testOps.Listener - [ TESTHUB ] Processing Request Kind LogCreated
11:04:45.456 [main] DEBUG com.browserstack.testOps.Listener - [ TESTHUB ] Processing Request Kind LogCreated
11:04:45.457 [main] DEBUG com.browserstack.testOps.Listener - [ TESTHUB ] Processing Request Kind LogCreated
11:04:45.457 [main] DEBUG com.browserstack.testOps.Listener - [ TESTHUB ] Processing Request Kind LogCreated
11:04:45.458 [main] DEBUG com.browserstack.testOps.Listener - [ TESTHUB ] Processing Request Kind LogCreated
11:04:45.458 [main] DEBUG com.browserstack.testOps.Listener - [ TESTHUB ] Processing Request Kind LogCreated
11:04:45.460 [main] DEBUG com.browserstack.testOps.Listener - [ TESTHUB ] Processing Request Kind LogCreated
11:04:45.460 [main] DEBUG com.browserstack.testOps.Listener - [ TESTHUB ] Processing Request Kind LogCreated
11:04:45.460 [main] DEBUG com.browserstack.testOps.Listener - [ TESTHUB ] Processing Request Kind LogCreated
11:04:45.461 [main] DEBUG com.browserstack.testOps.Listener - [ TESTHUB ] Processing Request Kind LogCreated
11:04:45.465 [main] DEBUG com.browserstack.testOps.Listener - [ TESTHUB ] Processing Request Kind LogCreated
11:04:45.465 [main] DEBUG com.browserstack.testOps.Listener - [ TESTHUB ] Processing Request Kind LogCreated
11:04:45.465 [main] DEBUG com.browserstack.testOps.Listener - [ TESTHUB ] Processing Request Kind LogCreated
11:04:45.465 [main] DEBUG com.browserstack.testOps.Listener - [ TESTHUB ] Processing Request Kind LogCreated
11:04:45.467 [main] DEBUG com.browserstack.testOps.Listener - [ TESTHUB ] Processing Request Kind LogCreated
11:04:45.467 [main] DEBUG com.browserstack.testOps.Listener - [ TESTHUB ] Processing Request Kind LogCreated
11:04:45.468 [main] DEBUG com.browserstack.testOps.Listener - [ TESTHUB ] Processing Request Kind LogCreated
11:04:45.468 [main] DEBUG com.browserstack.testOps.Listener - [ TESTHUB ] Processing Request Kind LogCreated
11:04:45.468 [main] DEBUG com.browserstack.testOps.Listener - [ TESTHUB ] Processing Request Kind LogCreated
11:04:45.473 [main] DEBUG com.browserstack.testOps.Listener - [ TESTHUB ] Processing Request Kind LogCreated
11:04:45.473 [main] DEBUG com.browserstack.testOps.Listener - [ TESTHUB ] Processing Request Kind LogCreated
11:04:45.473 [main] DEBUG com.browserstack.testOps.Listener - [ TESTHUB ] Processing Request Kind LogCreated
11:04:45.473 [main] DEBUG com.browserstack.testOps.Listener - [ TESTHUB ] Processing Request Kind LogCreated
11:04:45.474 [main] DEBUG com.browserstack.testOps.Listener - [ TESTHUB ] Processing Request Kind LogCreated
11:04:45.475 [main] DEBUG com.browserstack.testOps.Listener - [ TESTHUB ] Processing Request Kind LogCreated
11:04:45.475 [main] DEBUG com.browserstack.testOps.Listener - [ TESTHUB ] Processing Request Kind LogCreated
11:04:45.475 [main] DEBUG com.browserstack.testOps.Listener - [ TESTHUB ] Processing Request Kind LogCreated
11:04:45.486 [main] DEBUG com.browserstack.testOps.Listener - [ TESTHUB ] Processing Request Kind LogCreated
11:04:45.486 [main] DEBUG com.browserstack.testOps.Listener - [ TESTHUB ] Processing Request Kind LogCreated
11:04:45.486 [main] DEBUG com.browserstack.testOps.Listener - [ TESTHUB ] Processing Request Kind LogCreated
11:04:45.486 [main] DEBUG com.browserstack.testOps.Listener - [ TESTHUB ] Processing Request Kind LogCreated
11:04:45.487 [main] DEBUG com.browserstack.testOps.Listener - [ TESTHUB ] Processing Request Kind LogCreated
11:04:45.488 [main] DEBUG com.browserstack.testOps.Listener - [ TESTHUB ] Processing Request Kind LogCreated
11:04:45.488 [main] DEBUG com.browserstack.testOps.Listener - [ TESTHUB ] Processing Request Kind LogCreated
11:04:45.488 [main] DEBUG com.browserstack.testOps.Listener - [ TESTHUB ] Processing Request Kind LogCreated
11:04:45.489 [main] DEBUG com.browserstack.testOps.Listener - [ TESTHUB ] Processing Request Kind LogCreated
11:04:45.490 [main] DEBUG com.browserstack.testOps.Listener - [ TESTHUB ] Processing Request Kind LogCreated
11:04:45.490 [main] DEBUG com.browserstack.testOps.Listener - [ TESTHUB ] Processing Request Kind LogCreated
11:04:45.490 [main] DEBUG com.browserstack.testOps.Listener - [ TESTHUB ] Processing Request Kind LogCreated
11:04:45.490 [main] DEBUG com.browserstack.testOps.Listener - [ TESTHUB ] Processing Request Kind LogCreated
11:04:45.490 [main] DEBUG com.browserstack.testOps.Listener - [ TESTHUB ] Processing Request Kind LogCreated
11:04:45.490 [main] DEBUG com.browserstack.testOps.Listener - [ TESTHUB ] Processing Request Kind LogCreated
11:04:45.491 [main] DEBUG com.browserstack.testOps.Listener - [ TESTHUB ] Processing Request Kind LogCreated
11:04:45.491 [main] DEBUG com.browserstack.testOps.Listener - [ TESTHUB ] Processing Request Kind LogCreated
11:04:45.492 [main] DEBUG com.browserstack.testOps.Listener - [ TESTHUB ] Processing Request Kind LogCreated
11:04:45.492 [main] DEBUG com.browserstack.testOps.Listener - [ TESTHUB ] Processing Request Kind LogCreated
11:04:45.492 [main] DEBUG com.browserstack.testOps.Listener - [ TESTHUB ] Processing Request Kind LogCreated
11:04:45.492 [main] DEBUG com.browserstack.testOps.Listener - [ TESTHUB ] Processing Request Kind LogCreated
11:04:45.492 [main] DEBUG com.browserstack.testOps.Listener - [ TESTHUB ] Processing Request Kind LogCreated
11:04:45.493 [main] DEBUG com.browserstack.testOps.Listener - [ TESTHUB ] Processing Request Kind LogCreated
11:04:45.493 [main] DEBUG com.browserstack.testOps.Listener - [ TESTHUB ] Processing Request Kind LogCreated
11:04:45.494 [main] DEBUG com.browserstack.testOps.Listener - [ TESTHUB ] Processing Request Kind LogCreated
11:04:45.494 [main] DEBUG com.browserstack.testOps.Listener - [ TESTHUB ] Processing Request Kind LogCreated
11:04:45.495 [main] DEBUG com.browserstack.testOps.Listener - [ TESTHUB ] Processing Request Kind LogCreated
11:04:45.495 [main] DEBUG com.browserstack.testOps.Listener - [ TESTHUB ] Processing Request Kind LogCreated
11:04:45.496 [main] DEBUG com.browserstack.testOps.Listener - [ TESTHUB ] Processing Request Kind LogCreated
11:04:45.496 [main] DEBUG com.browserstack.testOps.Listener - [ TESTHUB ] Processing Request Kind LogCreated
11:04:45.496 [main] DEBUG com.browserstack.testOps.Listener - [ TESTHUB ] Processing Request Kind LogCreated
11:04:45.497 [main] DEBUG com.browserstack.testOps.Listener - [ TESTHUB ] Processing Request Kind LogCreated
11:04:45.497 [main] DEBUG com.browserstack.testOps.Listener - [ TESTHUB ] Processing Request Kind LogCreated
11:04:45.497 [main] DEBUG com.browserstack.testOps.Listener - [ TESTHUB ] Processing Request Kind LogCreated
11:04:45.497 [main] DEBUG com.browserstack.testOps.Listener - [ TESTHUB ] Processing Request Kind LogCreated
11:04:45.498 [main] DEBUG com.browserstack.testOps.Listener - [ TESTHUB ] Processing Request Kind LogCreated
11:04:45.498 [main] DEBUG com.browserstack.testOps.Listener - [ TESTHUB ] Processing Request Kind LogCreated
11:04:45.498 [main] DEBUG com.browserstack.testOps.Listener - [ TESTHUB ] Processing Request Kind LogCreated
11:04:45.498 [main] DEBUG com.browserstack.testOps.Listener - [ TESTHUB ] Processing Request Kind LogCreated
11:04:45.498 [main] DEBUG com.browserstack.testOps.Listener - [ TESTHUB ] Processing Request Kind LogCreated
11:04:45.499 [main] DEBUG com.browserstack.testOps.Listener - [ TESTHUB ] Processing Request Kind LogCreated
11:04:45.499 [main] DEBUG com.browserstack.testOps.Listener - [ TESTHUB ] Processing Request Kind LogCreated
11:04:45.499 [main] DEBUG com.browserstack.testOps.Listener - [ TESTHUB ] Processing Request Kind LogCreated
11:04:45.499 [main] DEBUG com.browserstack.testOps.Listener - [ TESTHUB ] Processing Request Kind LogCreated
11:04:45.499 [main] DEBUG com.browserstack.testOps.Listener - [ TESTHUB ] Processing Request Kind LogCreated
11:04:45.499 [main] DEBUG com.browserstack.testOps.Listener - [ TESTHUB ] Processing Request Kind LogCreated
11:04:45.499 [main] DEBUG com.browserstack.testOps.Listener - [ TESTHUB ] Processing Request Kind LogCreated
11:04:45.505 [main] DEBUG com.browserstack.testOps.Listener - [ TESTHUB ] Processing Request Kind LogCreated
11:04:45.505 [main] DEBUG com.browserstack.testOps.Listener - [ TESTHUB ] Processing Request Kind LogCreated
11:04:45.505 [main] DEBUG com.browserstack.testOps.Listener - [ TESTHUB ] Processing Request Kind LogCreated
11:04:45.505 [main] DEBUG com.browserstack.testOps.Listener - [ TESTHUB ] Processing Request Kind LogCreated
11:04:45.506 [main] DEBUG com.browserstack.testOps.Listener - [ TESTHUB ] Processing Request Kind LogCreated
11:04:45.506 [main] DEBUG com.browserstack.testOps.Listener - [ TESTHUB ] Processing Request Kind LogCreated
11:04:45.506 [main] DEBUG com.browserstack.testOps.Listener - [ TESTHUB ] Processing Request Kind LogCreated
11:04:45.506 [main] DEBUG com.browserstack.testOps.Listener - [ TESTHUB ] Processing Request Kind LogCreated
11:04:45.507 [main] DEBUG com.browserstack.testOps.Listener - [ TESTHUB ] Processing Request Kind LogCreated
11:04:45.507 [main] DEBUG com.browserstack.testOps.Listener - [ TESTHUB ] Processing Request Kind LogCreated
11:04:45.507 [main] DEBUG com.browserstack.testOps.Listener - [ TESTHUB ] Processing Request Kind LogCreated
11:04:45.507 [main] DEBUG com.browserstack.testOps.Listener - [ TESTHUB ] Processing Request Kind LogCreated
11:04:45.507 [main] DEBUG com.browserstack.testOps.Listener - [ TESTHUB ] Processing Request Kind LogCreated
11:04:45.507 [main] DEBUG com.browserstack.testOps.Listener - [ TESTHUB ] Processing Request Kind LogCreated
11:04:45.507 [main] DEBUG com.browserstack.testOps.Listener - [ TESTHUB ] Processing Request Kind LogCreated
11:04:45.508 [main] DEBUG com.browserstack.testOps.Listener - [ TESTHUB ] Processing Request Kind LogCreated
11:04:45.509 [main] DEBUG com.browserstack.testOps.Listener - [ TESTHUB ] Processing Request Kind LogCreated
11:04:45.509 [main] DEBUG com.browserstack.testOps.Listener - [ TESTHUB ] Processing Request Kind LogCreated
11:04:45.509 [main] DEBUG com.browserstack.testOps.Listener - [ TESTHUB ] Processing Request Kind LogCreated
11:04:45.509 [main] DEBUG com.browserstack.testOps.Listener - [ TESTHUB ] Processing Request Kind LogCreated
11:04:45.509 [main] DEBUG com.browserstack.testOps.Listener - [ TESTHUB ] Processing Request Kind LogCreated
11:04:45.509 [main] DEBUG com.browserstack.testOps.Listener - [ TESTHUB ] Processing Request Kind LogCreated
11:04:45.510 [main] DEBUG com.browserstack.testOps.Listener - [ TESTHUB ] Processing Request Kind LogCreated
11:04:45.510 [main] DEBUG com.browserstack.testOps.Listener - [ TESTHUB ] Processing Request Kind LogCreated
11:04:45.511 [main] DEBUG com.browserstack.testOps.Listener - [ TESTHUB ] Processing Request Kind LogCreated
11:04:45.511 [main] DEBUG com.browserstack.testOps.Listener - [ TESTHUB ] Processing Request Kind LogCreated
11:04:45.511 [main] DEBUG com.browserstack.testOps.Listener - [ TESTHUB ] Processing Request Kind LogCreated
11:04:45.511 [main] DEBUG com.browserstack.testOps.Listener - [ TESTHUB ] Processing Request Kind LogCreated
11:04:45.512 [main] DEBUG com.browserstack.testOps.Listener - [ TESTHUB ] Processing Request Kind LogCreated
11:04:45.512 [main] DEBUG com.browserstack.testOps.Listener - [ TESTHUB ] Processing Request Kind LogCreated
11:04:45.512 [main] DEBUG com.browserstack.testOps.Listener - [ TESTHUB ] Processing Request Kind LogCreated
11:04:45.513 [main] DEBUG com.browserstack.testOps.Listener - [ TESTHUB ] Processing Request Kind LogCreated
11:04:45.513 [main] DEBUG com.browserstack.testOps.Listener - [ TESTHUB ] Processing Request Kind LogCreated
11:04:45.514 [main] DEBUG com.browserstack.testOps.Listener - [ TESTHUB ] Processing Request Kind LogCreated
11:04:45.514 [main] DEBUG com.browserstack.testOps.Listener - [ TESTHUB ] Processing Request Kind LogCreated
11:04:45.514 [main] DEBUG com.browserstack.testOps.Listener - [ TESTHUB ] Processing Request Kind LogCreated
11:04:45.515 [main] DEBUG com.browserstack.testOps.Listener - [ TESTHUB ] Processing Request Kind LogCreated
11:04:45.515 [main] DEBUG com.browserstack.testOps.Listener - [ TESTHUB ] Processing Request Kind LogCreated
11:04:45.515 [main] DEBUG com.browserstack.testOps.Listener - [ TESTHUB ] Processing Request Kind LogCreated
11:04:45.515 [main] DEBUG com.browserstack.testOps.Listener - [ TESTHUB ] Processing Request Kind LogCreated
11:04:45.515 [main] DEBUG com.browserstack.testOps.Listener - [ TESTHUB ] Processing Request Kind LogCreated
11:04:45.516 [main] DEBUG com.browserstack.testOps.Listener - [ TESTHUB ] Processing Request Kind LogCreated
11:04:45.516 [main] DEBUG com.browserstack.testOps.Listener - [ TESTHUB ] Processing Request Kind LogCreated
11:04:45.516 [main] DEBUG com.browserstack.testOps.Listener - [ TESTHUB ] Processing Request Kind LogCreated
11:04:45.516 [main] DEBUG com.browserstack.testOps.Listener - [ TESTHUB ] Processing Request Kind LogCreated
11:04:45.516 [main] DEBUG com.browserstack.testOps.Listener - [ TESTHUB ] Processing Request Kind LogCreated
11:04:45.516 [main] DEBUG com.browserstack.testOps.Listener - [ TESTHUB ] Processing Request Kind LogCreated
11:04:45.519 [main] DEBUG com.browserstack.testOps.Listener - [ TESTHUB ] Processing Request Kind LogCreated
11:04:45.519 [main] DEBUG c.browserstack.utils.LogReportingAPI - [2024-11-05T07:04:45.519679700Z][ OBSERVABILITY ] Processing Logs patching stream
11:04:45.535 [main] DEBUG com.browserstack.testOps.Listener - [ TESTHUB ] Processing Request Kind LogCreated
11:04:45.553 [Default test-2@2] DEBUG com.browserstack.testOps.Listener - [ TESTHUB ] Processing Request Kind LogCreated
11:04:45.553 [Default test-0@0] DEBUG com.browserstack.testOps.Listener - [ TESTHUB ] Processing Request Kind LogCreated
11:04:45.553 [Default test-1@1] DEBUG com.browserstack.testOps.Listener - [ TESTHUB ] Processing Request Kind LogCreated
11:04:45.591 [ConfigureAppium@1] DEBUG c.b.testNgListeners.TestNGUtils - [populateTestDataForBSTestOps] Event Type :: HookRunStarted, Method ClassName :: MargoExpress.Mobile.BaseTest 
11:04:45.591 [ConfigureAppium@2] DEBUG c.b.testNgListeners.TestNGUtils - [populateTestDataForBSTestOps] Event Type :: HookRunStarted, Method ClassName :: MargoExpress.Mobile.BaseTest 
11:04:45.591 [ConfigureAppium@0] DEBUG c.b.testNgListeners.TestNGUtils - [populateTestDataForBSTestOps] Event Type :: HookRunStarted, Method ClassName :: MargoExpress.Mobile.BaseTest 
11:04:45.591 [ConfigureAppium@1] DEBUG c.browserstack.utils.UtilityMethods - [findFileMatcher] Current Path is :: C:\Users\xps\eclipse-workspace\Mobile, TestClass :: MargoExpress\Mobile\BaseTest
11:04:45.591 [ConfigureAppium@2] DEBUG c.browserstack.utils.UtilityMethods - [findFileMatcher] Current Path is :: C:\Users\xps\eclipse-workspace\Mobile, TestClass :: MargoExpress\Mobile\BaseTest
11:04:45.591 [ConfigureAppium@0] DEBUG c.browserstack.utils.UtilityMethods - [findFileMatcher] Current Path is :: C:\Users\xps\eclipse-workspace\Mobile, TestClass :: MargoExpress\Mobile\BaseTest
11:04:45.669 [ConfigureAppium@1] DEBUG c.b.testNgListeners.TestNGUtils - [populateTestDataForBSTestOps] The filename fetched :: C:\Users\xps\eclipse-workspace\Mobile\src\test\java\MargoExpress\Mobile\BaseTest.java, fileSeparator :: \, AbsolutePath :: C:\Users\xps\eclipse-workspace\Mobile\., Normalized Path :: C:\Users\xps\eclipse-workspace\Mobile, File.Separator :: \
11:04:45.669 [ConfigureAppium@1] DEBUG c.b.testNgListeners.TestNGUtils - [populateTestDataForBSTestOps] Replaced File Name is :: Mobile\src\test\java\MargoExpress\Mobile\BaseTest.java, Absolute Path :: C:\Users\xps\eclipse-workspace\Mobile\.., Normalized Path :: C:\Users\xps\eclipse-workspace 
11:04:45.673 [ConfigureAppium@1] DEBUG com.browserstack.testOps.Listener - [ TESTHUB ] Processing Request Kind HookRunStarted
11:04:45.677 [ConfigureAppium@2] DEBUG c.b.testNgListeners.TestNGUtils - [populateTestDataForBSTestOps] The filename fetched :: C:\Users\xps\eclipse-workspace\Mobile\src\test\java\MargoExpress\Mobile\BaseTest.java, fileSeparator :: \, AbsolutePath :: C:\Users\xps\eclipse-workspace\Mobile\., Normalized Path :: C:\Users\xps\eclipse-workspace\Mobile, File.Separator :: \
11:04:45.677 [ConfigureAppium@2] DEBUG c.b.testNgListeners.TestNGUtils - [populateTestDataForBSTestOps] Replaced File Name is :: Mobile\src\test\java\MargoExpress\Mobile\BaseTest.java, Absolute Path :: C:\Users\xps\eclipse-workspace\Mobile\.., Normalized Path :: C:\Users\xps\eclipse-workspace 
11:04:45.677 [ConfigureAppium@0] DEBUG c.b.testNgListeners.TestNGUtils - [populateTestDataForBSTestOps] The filename fetched :: C:\Users\xps\eclipse-workspace\Mobile\src\test\java\MargoExpress\Mobile\BaseTest.java, fileSeparator :: \, AbsolutePath :: C:\Users\xps\eclipse-workspace\Mobile\., Normalized Path :: C:\Users\xps\eclipse-workspace\Mobile, File.Separator :: \
11:04:45.677 [ConfigureAppium@2] DEBUG com.browserstack.testOps.Listener - [ TESTHUB ] Processing Request Kind HookRunStarted
11:04:45.677 [ConfigureAppium@0] DEBUG c.b.testNgListeners.TestNGUtils - [populateTestDataForBSTestOps] Replaced File Name is :: Mobile\src\test\java\MargoExpress\Mobile\BaseTest.java, Absolute Path :: C:\Users\xps\eclipse-workspace\Mobile\.., Normalized Path :: C:\Users\xps\eclipse-workspace 
11:04:45.677 [ConfigureAppium@0] DEBUG com.browserstack.testOps.Listener - [ TESTHUB ] Processing Request Kind HookRunStarted
11:04:47.432 [pool-4-thread-1] DEBUG c.browserstack.utils.RequestBatcher - Time Since Last Batch Processed 1730790287432

11:04:47.437 [pool-5-thread-1] DEBUG c.browserstack.utils.RequestBatcher - Processing Batch 149

11:04:47.440 [pool-5-thread-1] DEBUG c.browserstack.testOps.RequestUtils - [requestToTestOps] Sending Observability request: POST api/v1/batch with request size 35866
11:04:47.442 [pool-5-thread-1] DEBUG c.browserstack.testOps.RequestUtils - [makeRequest] Sending request: POST https://collector-observability.browserstack.com/api/v1/batch with request size 35866
11:04:47.967 [pool-5-thread-1] DEBUG c.browserstack.testOps.RequestUtils - [makeRequest]: Response code: 200
11:04:47.967 [pool-5-thread-1] DEBUG c.browserstack.testOps.RequestUtils - requestToTestOps: Response code: 200
11:04:47.967 [pool-5-thread-1] DEBUG c.browserstack.utils.LogReportingAPI - 
[2024-11-05T07:04:47.967962Z][ TESTHUB ] Batch event successfull!

11:04:48.527 [ConfigureAppium@0] DEBUG c.browserstack.utils.UtilityMethods - [Patch]: SDK enabled, patching remote server
11:04:48.527 [ConfigureAppium@2] DEBUG c.browserstack.utils.UtilityMethods - [Patch]: SDK enabled, patching remote server
11:04:48.527 [ConfigureAppium@1] DEBUG c.browserstack.utils.UtilityMethods - [Patch]: SDK enabled, patching remote server
11:04:48.534 [ConfigureAppium@2] DEBUG c.b.selenium.SeleniumHandler - beforeDriverInit: SDK enabled. Thread ID: 72
11:04:48.534 [ConfigureAppium@0] DEBUG c.b.selenium.SeleniumHandler - beforeDriverInit: SDK enabled. Thread ID: 70
11:04:48.534 [ConfigureAppium@1] DEBUG c.b.selenium.SeleniumHandler - beforeDriverInit: SDK enabled. Thread ID: 71
11:04:48.542 [ConfigureAppium@1] DEBUG c.browserstack.utils.UtilityMethods - [Patch]: SDK enabled, patching remote server
11:04:48.543 [ConfigureAppium@0] DEBUG c.browserstack.utils.UtilityMethods - [Patch]: SDK enabled, patching remote server
11:04:48.543 [ConfigureAppium@2] DEBUG c.browserstack.utils.UtilityMethods - [Patch]: SDK enabled, patching remote server
11:04:49.437 [pool-4-thread-1] DEBUG c.browserstack.utils.RequestBatcher - Time Since Last Batch Processed 2004

11:04:51.444 [pool-4-thread-1] DEBUG c.browserstack.utils.RequestBatcher - Time Since Last Batch Processed 2006

11:04:55.443 [pool-4-thread-1] DEBUG c.browserstack.utils.RequestBatcher - Time Since Last Batch Processed 3999

11:04:59.445 [pool-4-thread-1] DEBUG c.browserstack.utils.RequestBatcher - Time Since Last Batch Processed 4002

11:05:03.445 [pool-4-thread-1] DEBUG c.browserstack.utils.RequestBatcher - Time Since Last Batch Processed 3999

11:05:07.434 [pool-4-thread-1] DEBUG c.browserstack.utils.RequestBatcher - Time Since Last Batch Processed 3988

11:05:07.477 [ConfigureAppium@2] DEBUG c.b.selenium.SeleniumHandler - afterDriverInit: requested
11:05:07.507 [ConfigureAppium@2] DEBUG c.b.utils.SeleniumMethodUtils - getURLFromCommandExecutor: Getting Hub url from HttpCommandExecutor
11:05:07.507 [ConfigureAppium@2] DEBUG c.b.utils.SeleniumMethodUtils - getURLFromCommandExecutor: Found url: https://hub-aps.browserstack.com/wd/hub
11:05:07.507 [ConfigureAppium@2] DEBUG c.b.utils.SeleniumMethodUtils - getURLFromCommandExecutor: Getting Hub url from HttpCommandExecutor
11:05:07.507 [ConfigureAppium@2] DEBUG c.b.utils.SeleniumMethodUtils - getURLFromCommandExecutor: Found url: https://hub-aps.browserstack.com/wd/hub
11:05:07.639 [Default test-2@2] DEBUG c.b.testNgListeners.TestNGUtils - [populateTestDataForBSTestOps] Event Type :: TestRunStarted, Test ClassName :: MargoExpress.Mobile.Ecommerce_Tc_4_Hybrid 
11:05:07.640 [Default test-2@2] DEBUG c.browserstack.utils.UtilityMethods - [findFileMatcher] Current Path is :: C:\Users\xps\eclipse-workspace\Mobile, TestClass :: MargoExpress\Mobile\Ecommerce_Tc_4_Hybrid
11:05:07.694 [Default test-2@2] DEBUG c.b.testNgListeners.TestNGUtils - [populateTestDataForBSTestOps] The filename fetched :: C:\Users\xps\eclipse-workspace\Mobile\src\test\java\MargoExpress\Mobile\Ecommerce_Tc_4_Hybrid.java, fileSeparator :: \, AbsolutePath :: C:\Users\xps\eclipse-workspace\Mobile\., Normalized Path :: C:\Users\xps\eclipse-workspace\Mobile, File.Separator :: \
11:05:07.695 [Default test-2@2] DEBUG c.b.testNgListeners.TestNGUtils - [populateTestDataForBSTestOps] Replaced File Name is :: Mobile\src\test\java\MargoExpress\Mobile\Ecommerce_Tc_4_Hybrid.java, Absolute Path :: C:\Users\xps\eclipse-workspace\Mobile\.., Normalized Path :: C:\Users\xps\eclipse-workspace 
11:05:07.707 [Default test-2@2] DEBUG c.b.utils.SeleniumMethodUtils - getURLFromCommandExecutor: Getting Hub url from HttpCommandExecutor
11:05:07.707 [Default test-2@2] DEBUG c.b.utils.SeleniumMethodUtils - getURLFromCommandExecutor: Found url: https://hub-aps.browserstack.com/wd/hub
11:05:07.708 [Default test-2@2] DEBUG c.b.utils.SeleniumMethodUtils - getURLFromCommandExecutor: Getting Hub url from HttpCommandExecutor
11:05:07.708 [Default test-2@2] DEBUG c.b.utils.SeleniumMethodUtils - getURLFromCommandExecutor: Found url: https://hub-aps.browserstack.com/wd/hub
11:05:07.710 [Default test-2@2] DEBUG com.browserstack.testOps.Listener - [ TESTHUB ] Processing Request Kind TestRunStarted
11:05:08.339 [ConfigureAppium@1] DEBUG c.b.selenium.SeleniumHandler - afterDriverInit: requested
11:05:08.350 [ConfigureAppium@1] DEBUG c.b.utils.SeleniumMethodUtils - getURLFromCommandExecutor: Getting Hub url from HttpCommandExecutor
11:05:08.350 [ConfigureAppium@1] DEBUG c.b.utils.SeleniumMethodUtils - getURLFromCommandExecutor: Found url: https://hub-aps.browserstack.com/wd/hub
11:05:08.350 [ConfigureAppium@1] DEBUG c.b.utils.SeleniumMethodUtils - getURLFromCommandExecutor: Getting Hub url from HttpCommandExecutor
11:05:08.350 [ConfigureAppium@1] DEBUG c.b.utils.SeleniumMethodUtils - getURLFromCommandExecutor: Found url: https://hub-aps.browserstack.com/wd/hub
11:05:08.417 [Default test-1@1] DEBUG c.b.testNgListeners.TestNGUtils - [populateTestDataForBSTestOps] Event Type :: TestRunStarted, Test ClassName :: MargoExpress.Mobile.Ecommerce_Tc_4_Hybrid 
11:05:08.417 [Default test-1@1] DEBUG c.browserstack.utils.UtilityMethods - [findFileMatcher] Current Path is :: C:\Users\xps\eclipse-workspace\Mobile, TestClass :: MargoExpress\Mobile\Ecommerce_Tc_4_Hybrid
11:05:08.457 [Default test-1@1] DEBUG c.b.testNgListeners.TestNGUtils - [populateTestDataForBSTestOps] The filename fetched :: C:\Users\xps\eclipse-workspace\Mobile\src\test\java\MargoExpress\Mobile\Ecommerce_Tc_4_Hybrid.java, fileSeparator :: \, AbsolutePath :: C:\Users\xps\eclipse-workspace\Mobile\., Normalized Path :: C:\Users\xps\eclipse-workspace\Mobile, File.Separator :: \
11:05:08.458 [Default test-1@1] DEBUG c.b.testNgListeners.TestNGUtils - [populateTestDataForBSTestOps] Replaced File Name is :: Mobile\src\test\java\MargoExpress\Mobile\Ecommerce_Tc_4_Hybrid.java, Absolute Path :: C:\Users\xps\eclipse-workspace\Mobile\.., Normalized Path :: C:\Users\xps\eclipse-workspace 
11:05:08.467 [Default test-1@1] DEBUG c.b.utils.SeleniumMethodUtils - getURLFromCommandExecutor: Getting Hub url from HttpCommandExecutor
11:05:08.467 [Default test-1@1] DEBUG c.b.utils.SeleniumMethodUtils - getURLFromCommandExecutor: Found url: https://hub-aps.browserstack.com/wd/hub
11:05:08.467 [Default test-1@1] DEBUG c.b.utils.SeleniumMethodUtils - getURLFromCommandExecutor: Getting Hub url from HttpCommandExecutor
11:05:08.467 [Default test-1@1] DEBUG c.b.utils.SeleniumMethodUtils - getURLFromCommandExecutor: Found url: https://hub-aps.browserstack.com/wd/hub
11:05:08.469 [Default test-1@1] DEBUG com.browserstack.testOps.Listener - [ TESTHUB ] Processing Request Kind TestRunStarted
11:05:09.443 [pool-4-thread-1] DEBUG c.browserstack.utils.RequestBatcher - Time Since Last Batch Processed 2009

11:05:09.444 [pool-5-thread-1] DEBUG c.browserstack.utils.RequestBatcher - Processing Batch 2

11:05:09.445 [pool-5-thread-1] DEBUG c.browserstack.testOps.RequestUtils - [requestToTestOps] Sending Observability request: POST api/v1/batch with request size 6409
11:05:09.446 [pool-5-thread-1] DEBUG c.browserstack.testOps.RequestUtils - [makeRequest] Sending request: POST https://collector-observability.browserstack.com/api/v1/batch with request size 6409
11:05:09.691 [pool-5-thread-1] DEBUG c.browserstack.testOps.RequestUtils - [makeRequest]: Response code: 200
11:05:09.691 [pool-5-thread-1] DEBUG c.browserstack.testOps.RequestUtils - requestToTestOps: Response code: 200
11:05:09.692 [pool-5-thread-1] DEBUG c.browserstack.utils.LogReportingAPI - 
[2024-11-05T07:05:09.692807100Z][ TESTHUB ] Batch event successfull!

11:05:10.617 [ConfigureAppium@0] DEBUG c.b.selenium.SeleniumHandler - afterDriverInit: requested
11:05:10.625 [ConfigureAppium@0] DEBUG c.b.utils.SeleniumMethodUtils - getURLFromCommandExecutor: Getting Hub url from HttpCommandExecutor
11:05:10.625 [ConfigureAppium@0] DEBUG c.b.utils.SeleniumMethodUtils - getURLFromCommandExecutor: Found url: https://hub-aps.browserstack.com/wd/hub
11:05:10.626 [ConfigureAppium@0] DEBUG c.b.utils.SeleniumMethodUtils - getURLFromCommandExecutor: Getting Hub url from HttpCommandExecutor
11:05:10.626 [ConfigureAppium@0] DEBUG c.b.utils.SeleniumMethodUtils - getURLFromCommandExecutor: Found url: https://hub-aps.browserstack.com/wd/hub
11:05:10.708 [Default test-0@0] DEBUG c.b.testNgListeners.TestNGUtils - [populateTestDataForBSTestOps] Event Type :: TestRunStarted, Test ClassName :: MargoExpress.Mobile.Ecommerce_Tc_4_Hybrid 
11:05:10.708 [Default test-0@0] DEBUG c.browserstack.utils.UtilityMethods - [findFileMatcher] Current Path is :: C:\Users\xps\eclipse-workspace\Mobile, TestClass :: MargoExpress\Mobile\Ecommerce_Tc_4_Hybrid
11:05:10.773 [Default test-0@0] DEBUG c.b.testNgListeners.TestNGUtils - [populateTestDataForBSTestOps] The filename fetched :: C:\Users\xps\eclipse-workspace\Mobile\src\test\java\MargoExpress\Mobile\Ecommerce_Tc_4_Hybrid.java, fileSeparator :: \, AbsolutePath :: C:\Users\xps\eclipse-workspace\Mobile\., Normalized Path :: C:\Users\xps\eclipse-workspace\Mobile, File.Separator :: \
11:05:10.774 [Default test-0@0] DEBUG c.b.testNgListeners.TestNGUtils - [populateTestDataForBSTestOps] Replaced File Name is :: Mobile\src\test\java\MargoExpress\Mobile\Ecommerce_Tc_4_Hybrid.java, Absolute Path :: C:\Users\xps\eclipse-workspace\Mobile\.., Normalized Path :: C:\Users\xps\eclipse-workspace 
11:05:10.782 [Default test-0@0] DEBUG c.b.utils.SeleniumMethodUtils - getURLFromCommandExecutor: Getting Hub url from HttpCommandExecutor
11:05:10.783 [Default test-0@0] DEBUG c.b.utils.SeleniumMethodUtils - getURLFromCommandExecutor: Found url: https://hub-aps.browserstack.com/wd/hub
11:05:10.783 [Default test-0@0] DEBUG c.b.utils.SeleniumMethodUtils - getURLFromCommandExecutor: Getting Hub url from HttpCommandExecutor
11:05:10.783 [Default test-0@0] DEBUG c.b.utils.SeleniumMethodUtils - getURLFromCommandExecutor: Found url: https://hub-aps.browserstack.com/wd/hub
11:05:10.785 [Default test-0@0] DEBUG com.browserstack.testOps.Listener - [ TESTHUB ] Processing Request Kind TestRunStarted
11:05:13.437 [pool-4-thread-1] DEBUG c.browserstack.utils.RequestBatcher - Time Since Last Batch Processed 3993

11:05:13.438 [pool-5-thread-1] DEBUG c.browserstack.utils.RequestBatcher - Processing Batch 1

11:05:13.439 [pool-5-thread-1] DEBUG c.browserstack.testOps.RequestUtils - [requestToTestOps] Sending Observability request: POST api/v1/batch with request size 3201
11:05:13.439 [pool-5-thread-1] DEBUG c.browserstack.testOps.RequestUtils - [makeRequest] Sending request: POST https://collector-observability.browserstack.com/api/v1/batch with request size 3201
11:05:13.728 [pool-5-thread-1] DEBUG c.browserstack.testOps.RequestUtils - [makeRequest]: Response code: 200
11:05:13.728 [pool-5-thread-1] DEBUG c.browserstack.testOps.RequestUtils - requestToTestOps: Response code: 200
11:05:13.728 [pool-5-thread-1] DEBUG c.browserstack.utils.LogReportingAPI - 
[2024-11-05T07:05:13.728242900Z][ TESTHUB ] Batch event successfull!

11:05:15.442 [pool-4-thread-1] DEBUG c.browserstack.utils.RequestBatcher - Time Since Last Batch Processed 2004

11:05:17.445 [pool-4-thread-1] DEBUG c.browserstack.utils.RequestBatcher - Time Since Last Batch Processed 2003

11:05:19.547 [FillForm@2] DEBUG c.b.testNgListeners.TestNGUtils - [populateTestDataForBSTestOps] Event Type :: HookRunFinished, Method ClassName :: MargoExpress.Mobile.BaseTest 
11:05:19.548 [FillForm@2] DEBUG c.browserstack.utils.UtilityMethods - [findFileMatcher] Current Path is :: C:\Users\xps\eclipse-workspace\Mobile, TestClass :: MargoExpress\Mobile\BaseTest
11:05:19.601 [FillForm@2] DEBUG c.b.testNgListeners.TestNGUtils - [populateTestDataForBSTestOps] The filename fetched :: C:\Users\xps\eclipse-workspace\Mobile\src\test\java\MargoExpress\Mobile\BaseTest.java, fileSeparator :: \, AbsolutePath :: C:\Users\xps\eclipse-workspace\Mobile\., Normalized Path :: C:\Users\xps\eclipse-workspace\Mobile, File.Separator :: \
11:05:19.601 [FillForm@2] DEBUG c.b.testNgListeners.TestNGUtils - [populateTestDataForBSTestOps] Replaced File Name is :: Mobile\src\test\java\MargoExpress\Mobile\BaseTest.java, Absolute Path :: C:\Users\xps\eclipse-workspace\Mobile\.., Normalized Path :: C:\Users\xps\eclipse-workspace 
11:05:19.607 [FillForm@2] DEBUG c.b.utils.SeleniumMethodUtils - getURLFromCommandExecutor: Getting Hub url from HttpCommandExecutor
11:05:19.608 [FillForm@2] DEBUG c.b.utils.SeleniumMethodUtils - getURLFromCommandExecutor: Found url: https://hub-aps.browserstack.com/wd/hub
11:05:19.608 [FillForm@2] DEBUG c.b.utils.SeleniumMethodUtils - getURLFromCommandExecutor: Getting Hub url from HttpCommandExecutor
11:05:19.608 [FillForm@2] DEBUG c.b.utils.SeleniumMethodUtils - getURLFromCommandExecutor: Found url: https://hub-aps.browserstack.com/wd/hub
11:05:19.608 [FillForm@2] DEBUG com.browserstack.testOps.Listener - [ TESTHUB ] Processing Request Kind HookRunFinished
11:05:19.609 [FillForm@2] DEBUG c.b.testNgListeners.TestNGUtils - [populateTestDataForBSTestOps] Event Type :: TestRunFinished, Test ClassName :: MargoExpress.Mobile.Ecommerce_Tc_4_Hybrid 
11:05:19.609 [FillForm@2] DEBUG c.browserstack.utils.UtilityMethods - [findFileMatcher] Current Path is :: C:\Users\xps\eclipse-workspace\Mobile, TestClass :: MargoExpress\Mobile\Ecommerce_Tc_4_Hybrid
11:05:19.664 [FillForm@2] DEBUG c.b.testNgListeners.TestNGUtils - [populateTestDataForBSTestOps] The filename fetched :: C:\Users\xps\eclipse-workspace\Mobile\src\test\java\MargoExpress\Mobile\Ecommerce_Tc_4_Hybrid.java, fileSeparator :: \, AbsolutePath :: C:\Users\xps\eclipse-workspace\Mobile\., Normalized Path :: C:\Users\xps\eclipse-workspace\Mobile, File.Separator :: \
11:05:19.664 [FillForm@2] DEBUG c.b.testNgListeners.TestNGUtils - [populateTestDataForBSTestOps] Replaced File Name is :: Mobile\src\test\java\MargoExpress\Mobile\Ecommerce_Tc_4_Hybrid.java, Absolute Path :: C:\Users\xps\eclipse-workspace\Mobile\.., Normalized Path :: C:\Users\xps\eclipse-workspace 
11:05:19.673 [FillForm@2] DEBUG c.b.utils.SeleniumMethodUtils - getURLFromCommandExecutor: Getting Hub url from HttpCommandExecutor
11:05:19.673 [FillForm@2] DEBUG c.b.utils.SeleniumMethodUtils - getURLFromCommandExecutor: Found url: https://hub-aps.browserstack.com/wd/hub
11:05:19.673 [FillForm@2] DEBUG c.b.utils.SeleniumMethodUtils - getURLFromCommandExecutor: Getting Hub url from HttpCommandExecutor
11:05:19.673 [FillForm@2] DEBUG c.b.utils.SeleniumMethodUtils - getURLFromCommandExecutor: Found url: https://hub-aps.browserstack.com/wd/hub
11:05:19.677 [FillForm@2] DEBUG com.browserstack.testOps.Listener - [ TESTHUB ] Processing Request Kind TestRunFinished
11:05:19.747 [Default test-2@2] DEBUG c.b.testNgListeners.TestNGUtils - [populateTestDataForBSTestOps] Event Type :: TestRunStarted, Test ClassName :: MargoExpress.Mobile.Ecommerce_Tc_4_Hybrid 
11:05:19.748 [Default test-2@2] DEBUG c.browserstack.utils.UtilityMethods - [findFileMatcher] Current Path is :: C:\Users\xps\eclipse-workspace\Mobile, TestClass :: MargoExpress\Mobile\Ecommerce_Tc_4_Hybrid
11:05:19.803 [Default test-2@2] DEBUG c.b.testNgListeners.TestNGUtils - [populateTestDataForBSTestOps] The filename fetched :: C:\Users\xps\eclipse-workspace\Mobile\src\test\java\MargoExpress\Mobile\Ecommerce_Tc_4_Hybrid.java, fileSeparator :: \, AbsolutePath :: C:\Users\xps\eclipse-workspace\Mobile\., Normalized Path :: C:\Users\xps\eclipse-workspace\Mobile, File.Separator :: \
11:05:19.803 [Default test-2@2] DEBUG c.b.testNgListeners.TestNGUtils - [populateTestDataForBSTestOps] Replaced File Name is :: Mobile\src\test\java\MargoExpress\Mobile\Ecommerce_Tc_4_Hybrid.java, Absolute Path :: C:\Users\xps\eclipse-workspace\Mobile\.., Normalized Path :: C:\Users\xps\eclipse-workspace 
11:05:19.810 [Default test-2@2] DEBUG c.b.utils.SeleniumMethodUtils - getURLFromCommandExecutor: Getting Hub url from HttpCommandExecutor
11:05:19.810 [Default test-2@2] DEBUG c.b.utils.SeleniumMethodUtils - getURLFromCommandExecutor: Found url: https://hub-aps.browserstack.com/wd/hub
11:05:19.810 [Default test-2@2] DEBUG c.b.utils.SeleniumMethodUtils - getURLFromCommandExecutor: Getting Hub url from HttpCommandExecutor
11:05:19.810 [Default test-2@2] DEBUG c.b.utils.SeleniumMethodUtils - getURLFromCommandExecutor: Found url: https://hub-aps.browserstack.com/wd/hub
11:05:19.812 [Default test-2@2] DEBUG com.browserstack.testOps.Listener - [ TESTHUB ] Processing Request Kind TestRunStarted
11:05:20.738 [FillForm@1] DEBUG c.b.testNgListeners.TestNGUtils - [populateTestDataForBSTestOps] Event Type :: HookRunFinished, Method ClassName :: MargoExpress.Mobile.BaseTest 
11:05:20.738 [FillForm@1] DEBUG c.browserstack.utils.UtilityMethods - [findFileMatcher] Current Path is :: C:\Users\xps\eclipse-workspace\Mobile, TestClass :: MargoExpress\Mobile\BaseTest
11:05:20.793 [FillForm@1] DEBUG c.b.testNgListeners.TestNGUtils - [populateTestDataForBSTestOps] The filename fetched :: C:\Users\xps\eclipse-workspace\Mobile\src\test\java\MargoExpress\Mobile\BaseTest.java, fileSeparator :: \, AbsolutePath :: C:\Users\xps\eclipse-workspace\Mobile\., Normalized Path :: C:\Users\xps\eclipse-workspace\Mobile, File.Separator :: \
11:05:20.794 [FillForm@1] DEBUG c.b.testNgListeners.TestNGUtils - [populateTestDataForBSTestOps] Replaced File Name is :: Mobile\src\test\java\MargoExpress\Mobile\BaseTest.java, Absolute Path :: C:\Users\xps\eclipse-workspace\Mobile\.., Normalized Path :: C:\Users\xps\eclipse-workspace 
11:05:20.801 [FillForm@1] DEBUG c.b.utils.SeleniumMethodUtils - getURLFromCommandExecutor: Getting Hub url from HttpCommandExecutor
11:05:20.801 [FillForm@1] DEBUG c.b.utils.SeleniumMethodUtils - getURLFromCommandExecutor: Found url: https://hub-aps.browserstack.com/wd/hub
11:05:20.801 [FillForm@1] DEBUG c.b.utils.SeleniumMethodUtils - getURLFromCommandExecutor: Getting Hub url from HttpCommandExecutor
11:05:20.801 [FillForm@1] DEBUG c.b.utils.SeleniumMethodUtils - getURLFromCommandExecutor: Found url: https://hub-aps.browserstack.com/wd/hub
11:05:20.801 [FillForm@1] DEBUG com.browserstack.testOps.Listener - [ TESTHUB ] Processing Request Kind HookRunFinished
11:05:20.802 [FillForm@1] DEBUG c.b.testNgListeners.TestNGUtils - [populateTestDataForBSTestOps] Event Type :: TestRunFinished, Test ClassName :: MargoExpress.Mobile.Ecommerce_Tc_4_Hybrid 
11:05:20.802 [FillForm@1] DEBUG c.browserstack.utils.UtilityMethods - [findFileMatcher] Current Path is :: C:\Users\xps\eclipse-workspace\Mobile, TestClass :: MargoExpress\Mobile\Ecommerce_Tc_4_Hybrid
11:05:20.858 [FillForm@1] DEBUG c.b.testNgListeners.TestNGUtils - [populateTestDataForBSTestOps] The filename fetched :: C:\Users\xps\eclipse-workspace\Mobile\src\test\java\MargoExpress\Mobile\Ecommerce_Tc_4_Hybrid.java, fileSeparator :: \, AbsolutePath :: C:\Users\xps\eclipse-workspace\Mobile\., Normalized Path :: C:\Users\xps\eclipse-workspace\Mobile, File.Separator :: \
11:05:20.859 [FillForm@1] DEBUG c.b.testNgListeners.TestNGUtils - [populateTestDataForBSTestOps] Replaced File Name is :: Mobile\src\test\java\MargoExpress\Mobile\Ecommerce_Tc_4_Hybrid.java, Absolute Path :: C:\Users\xps\eclipse-workspace\Mobile\.., Normalized Path :: C:\Users\xps\eclipse-workspace 
11:05:20.867 [FillForm@1] DEBUG c.b.utils.SeleniumMethodUtils - getURLFromCommandExecutor: Getting Hub url from HttpCommandExecutor
11:05:20.867 [FillForm@1] DEBUG c.b.utils.SeleniumMethodUtils - getURLFromCommandExecutor: Found url: https://hub-aps.browserstack.com/wd/hub
11:05:20.867 [FillForm@1] DEBUG c.b.utils.SeleniumMethodUtils - getURLFromCommandExecutor: Getting Hub url from HttpCommandExecutor
11:05:20.867 [FillForm@1] DEBUG c.b.utils.SeleniumMethodUtils - getURLFromCommandExecutor: Found url: https://hub-aps.browserstack.com/wd/hub
11:05:20.871 [FillForm@1] DEBUG com.browserstack.testOps.Listener - [ TESTHUB ] Processing Request Kind TestRunFinished
11:05:20.924 [Default test-1@1] DEBUG c.b.testNgListeners.TestNGUtils - [populateTestDataForBSTestOps] Event Type :: TestRunStarted, Test ClassName :: MargoExpress.Mobile.Ecommerce_Tc_4_Hybrid 
11:05:20.924 [Default test-1@1] DEBUG c.browserstack.utils.UtilityMethods - [findFileMatcher] Current Path is :: C:\Users\xps\eclipse-workspace\Mobile, TestClass :: MargoExpress\Mobile\Ecommerce_Tc_4_Hybrid
11:05:20.978 [Default test-1@1] DEBUG c.b.testNgListeners.TestNGUtils - [populateTestDataForBSTestOps] The filename fetched :: C:\Users\xps\eclipse-workspace\Mobile\src\test\java\MargoExpress\Mobile\Ecommerce_Tc_4_Hybrid.java, fileSeparator :: \, AbsolutePath :: C:\Users\xps\eclipse-workspace\Mobile\., Normalized Path :: C:\Users\xps\eclipse-workspace\Mobile, File.Separator :: \
11:05:20.979 [Default test-1@1] DEBUG c.b.testNgListeners.TestNGUtils - [populateTestDataForBSTestOps] Replaced File Name is :: Mobile\src\test\java\MargoExpress\Mobile\Ecommerce_Tc_4_Hybrid.java, Absolute Path :: C:\Users\xps\eclipse-workspace\Mobile\.., Normalized Path :: C:\Users\xps\eclipse-workspace 
11:05:20.985 [Default test-1@1] DEBUG c.b.utils.SeleniumMethodUtils - getURLFromCommandExecutor: Getting Hub url from HttpCommandExecutor
11:05:20.985 [Default test-1@1] DEBUG c.b.utils.SeleniumMethodUtils - getURLFromCommandExecutor: Found url: https://hub-aps.browserstack.com/wd/hub
11:05:20.985 [Default test-1@1] DEBUG c.b.utils.SeleniumMethodUtils - getURLFromCommandExecutor: Getting Hub url from HttpCommandExecutor
11:05:20.985 [Default test-1@1] DEBUG c.b.utils.SeleniumMethodUtils - getURLFromCommandExecutor: Found url: https://hub-aps.browserstack.com/wd/hub
11:05:20.987 [Default test-1@1] DEBUG com.browserstack.testOps.Listener - [ TESTHUB ] Processing Request Kind TestRunStarted
11:05:21.445 [pool-4-thread-1] DEBUG c.browserstack.utils.RequestBatcher - Time Since Last Batch Processed 4000

11:05:21.446 [pool-5-thread-1] DEBUG c.browserstack.utils.RequestBatcher - Processing Batch 6

11:05:21.449 [pool-5-thread-1] DEBUG c.browserstack.testOps.RequestUtils - [requestToTestOps] Sending Observability request: POST api/v1/batch with request size 19311
11:05:21.450 [pool-5-thread-1] DEBUG c.browserstack.testOps.RequestUtils - [makeRequest] Sending request: POST https://collector-observability.browserstack.com/api/v1/batch with request size 19311
11:05:21.672 [pool-5-thread-1] DEBUG c.browserstack.testOps.RequestUtils - [makeRequest]: Response code: 200
11:05:21.672 [pool-5-thread-1] DEBUG c.browserstack.testOps.RequestUtils - requestToTestOps: Response code: 200
11:05:21.673 [pool-5-thread-1] DEBUG c.browserstack.utils.LogReportingAPI - 
[2024-11-05T07:05:21.673185100Z][ TESTHUB ] Batch event successfull!

11:05:22.783 [selectProduct@2] DEBUG c.b.testNgListeners.TestNGUtils - [populateTestDataForBSTestOps] Event Type :: TestRunFinished, Test ClassName :: MargoExpress.Mobile.Ecommerce_Tc_4_Hybrid 
11:05:22.783 [selectProduct@2] DEBUG c.browserstack.utils.UtilityMethods - [findFileMatcher] Current Path is :: C:\Users\xps\eclipse-workspace\Mobile, TestClass :: MargoExpress\Mobile\Ecommerce_Tc_4_Hybrid
11:05:22.838 [selectProduct@2] DEBUG c.b.testNgListeners.TestNGUtils - [populateTestDataForBSTestOps] The filename fetched :: C:\Users\xps\eclipse-workspace\Mobile\src\test\java\MargoExpress\Mobile\Ecommerce_Tc_4_Hybrid.java, fileSeparator :: \, AbsolutePath :: C:\Users\xps\eclipse-workspace\Mobile\., Normalized Path :: C:\Users\xps\eclipse-workspace\Mobile, File.Separator :: \
11:05:22.838 [selectProduct@2] DEBUG c.b.testNgListeners.TestNGUtils - [populateTestDataForBSTestOps] Replaced File Name is :: Mobile\src\test\java\MargoExpress\Mobile\Ecommerce_Tc_4_Hybrid.java, Absolute Path :: C:\Users\xps\eclipse-workspace\Mobile\.., Normalized Path :: C:\Users\xps\eclipse-workspace 
11:05:22.843 [selectProduct@2] DEBUG c.b.utils.SeleniumMethodUtils - getURLFromCommandExecutor: Getting Hub url from HttpCommandExecutor
11:05:22.843 [selectProduct@2] DEBUG c.b.utils.SeleniumMethodUtils - getURLFromCommandExecutor: Found url: https://hub-aps.browserstack.com/wd/hub
11:05:22.843 [selectProduct@2] DEBUG c.b.utils.SeleniumMethodUtils - getURLFromCommandExecutor: Getting Hub url from HttpCommandExecutor
11:05:22.843 [selectProduct@2] DEBUG c.b.utils.SeleniumMethodUtils - getURLFromCommandExecutor: Found url: https://hub-aps.browserstack.com/wd/hub
11:05:22.846 [selectProduct@2] DEBUG com.browserstack.testOps.Listener - [ TESTHUB ] Processing Request Kind TestRunFinished
11:05:22.916 [Default test-2@2] DEBUG c.b.testNgListeners.TestNGUtils - [populateTestDataForBSTestOps] Event Type :: TestRunStarted, Test ClassName :: MargoExpress.Mobile.Ecommerce_Tc_4_Hybrid 
11:05:22.916 [Default test-2@2] DEBUG c.browserstack.utils.UtilityMethods - [findFileMatcher] Current Path is :: C:\Users\xps\eclipse-workspace\Mobile, TestClass :: MargoExpress\Mobile\Ecommerce_Tc_4_Hybrid
11:05:22.964 [Default test-2@2] DEBUG c.b.testNgListeners.TestNGUtils - [populateTestDataForBSTestOps] The filename fetched :: C:\Users\xps\eclipse-workspace\Mobile\src\test\java\MargoExpress\Mobile\Ecommerce_Tc_4_Hybrid.java, fileSeparator :: \, AbsolutePath :: C:\Users\xps\eclipse-workspace\Mobile\., Normalized Path :: C:\Users\xps\eclipse-workspace\Mobile, File.Separator :: \
11:05:22.964 [Default test-2@2] DEBUG c.b.testNgListeners.TestNGUtils - [populateTestDataForBSTestOps] Replaced File Name is :: Mobile\src\test\java\MargoExpress\Mobile\Ecommerce_Tc_4_Hybrid.java, Absolute Path :: C:\Users\xps\eclipse-workspace\Mobile\.., Normalized Path :: C:\Users\xps\eclipse-workspace 
11:05:22.971 [Default test-2@2] DEBUG c.b.utils.SeleniumMethodUtils - getURLFromCommandExecutor: Getting Hub url from HttpCommandExecutor
11:05:22.971 [Default test-2@2] DEBUG c.b.utils.SeleniumMethodUtils - getURLFromCommandExecutor: Found url: https://hub-aps.browserstack.com/wd/hub
11:05:22.971 [Default test-2@2] DEBUG c.b.utils.SeleniumMethodUtils - getURLFromCommandExecutor: Getting Hub url from HttpCommandExecutor
11:05:22.971 [Default test-2@2] DEBUG c.b.utils.SeleniumMethodUtils - getURLFromCommandExecutor: Found url: https://hub-aps.browserstack.com/wd/hub
11:05:22.972 [Default test-2@2] DEBUG com.browserstack.testOps.Listener - [ TESTHUB ] Processing Request Kind TestRunStarted
11:05:23.173 [verifyProductsAddedinCart@2] DEBUG com.browserstack.testOps.Listener - [ TESTHUB ] Processing Request Kind LogCreated
11:05:23.277 [verifyProductsAddedinCart@2] DEBUG com.browserstack.testOps.Listener - [ TESTHUB ] Processing Request Kind LogCreated
11:05:23.505 [verifyProductsAddedinCart@2] DEBUG com.browserstack.testOps.Listener - [ TESTHUB ] Processing Request Kind LogCreated
11:05:23.785 [verifyProductsAddedinCart@2] DEBUG c.b.testNgListeners.TestNGUtils - [populateTestDataForBSTestOps] Event Type :: TestRunFinished, Test ClassName :: MargoExpress.Mobile.Ecommerce_Tc_4_Hybrid 
11:05:23.785 [verifyProductsAddedinCart@2] DEBUG c.browserstack.utils.UtilityMethods - [findFileMatcher] Current Path is :: C:\Users\xps\eclipse-workspace\Mobile, TestClass :: MargoExpress\Mobile\Ecommerce_Tc_4_Hybrid
11:05:23.828 [selectProduct@1] DEBUG c.b.testNgListeners.TestNGUtils - [populateTestDataForBSTestOps] Event Type :: TestRunFinished, Test ClassName :: MargoExpress.Mobile.Ecommerce_Tc_4_Hybrid 
11:05:23.828 [selectProduct@1] DEBUG c.browserstack.utils.UtilityMethods - [findFileMatcher] Current Path is :: C:\Users\xps\eclipse-workspace\Mobile, TestClass :: MargoExpress\Mobile\Ecommerce_Tc_4_Hybrid
11:05:23.836 [verifyProductsAddedinCart@2] DEBUG c.b.testNgListeners.TestNGUtils - [populateTestDataForBSTestOps] The filename fetched :: C:\Users\xps\eclipse-workspace\Mobile\src\test\java\MargoExpress\Mobile\Ecommerce_Tc_4_Hybrid.java, fileSeparator :: \, AbsolutePath :: C:\Users\xps\eclipse-workspace\Mobile\., Normalized Path :: C:\Users\xps\eclipse-workspace\Mobile, File.Separator :: \
11:05:23.836 [verifyProductsAddedinCart@2] DEBUG c.b.testNgListeners.TestNGUtils - [populateTestDataForBSTestOps] Replaced File Name is :: Mobile\src\test\java\MargoExpress\Mobile\Ecommerce_Tc_4_Hybrid.java, Absolute Path :: C:\Users\xps\eclipse-workspace\Mobile\.., Normalized Path :: C:\Users\xps\eclipse-workspace 
11:05:23.842 [verifyProductsAddedinCart@2] DEBUG c.b.utils.SeleniumMethodUtils - getURLFromCommandExecutor: Getting Hub url from HttpCommandExecutor
11:05:23.842 [verifyProductsAddedinCart@2] DEBUG c.b.utils.SeleniumMethodUtils - getURLFromCommandExecutor: Found url: https://hub-aps.browserstack.com/wd/hub
11:05:23.842 [verifyProductsAddedinCart@2] DEBUG c.b.utils.SeleniumMethodUtils - getURLFromCommandExecutor: Getting Hub url from HttpCommandExecutor
11:05:23.842 [verifyProductsAddedinCart@2] DEBUG c.b.utils.SeleniumMethodUtils - getURLFromCommandExecutor: Found url: https://hub-aps.browserstack.com/wd/hub
11:05:23.845 [verifyProductsAddedinCart@2] DEBUG com.browserstack.testOps.Listener - [ TESTHUB ] Processing Request Kind TestRunFinished
11:05:23.875 [selectProduct@1] DEBUG c.b.testNgListeners.TestNGUtils - [populateTestDataForBSTestOps] The filename fetched :: C:\Users\xps\eclipse-workspace\Mobile\src\test\java\MargoExpress\Mobile\Ecommerce_Tc_4_Hybrid.java, fileSeparator :: \, AbsolutePath :: C:\Users\xps\eclipse-workspace\Mobile\., Normalized Path :: C:\Users\xps\eclipse-workspace\Mobile, File.Separator :: \
11:05:23.875 [selectProduct@1] DEBUG c.b.testNgListeners.TestNGUtils - [populateTestDataForBSTestOps] Replaced File Name is :: Mobile\src\test\java\MargoExpress\Mobile\Ecommerce_Tc_4_Hybrid.java, Absolute Path :: C:\Users\xps\eclipse-workspace\Mobile\.., Normalized Path :: C:\Users\xps\eclipse-workspace 
11:05:23.881 [selectProduct@1] DEBUG c.b.utils.SeleniumMethodUtils - getURLFromCommandExecutor: Getting Hub url from HttpCommandExecutor
11:05:23.881 [selectProduct@1] DEBUG c.b.utils.SeleniumMethodUtils - getURLFromCommandExecutor: Found url: https://hub-aps.browserstack.com/wd/hub
11:05:23.881 [selectProduct@1] DEBUG c.b.utils.SeleniumMethodUtils - getURLFromCommandExecutor: Getting Hub url from HttpCommandExecutor
11:05:23.881 [selectProduct@1] DEBUG c.b.utils.SeleniumMethodUtils - getURLFromCommandExecutor: Found url: https://hub-aps.browserstack.com/wd/hub
11:05:23.883 [selectProduct@1] DEBUG com.browserstack.testOps.Listener - [ TESTHUB ] Processing Request Kind TestRunFinished
11:05:23.905 [teardown@2] DEBUG c.b.testNgListeners.TestNGUtils - [populateTestDataForBSTestOps] Event Type :: HookRunStarted, Method ClassName :: MargoExpress.Mobile.BaseTest 
11:05:23.905 [teardown@2] DEBUG c.browserstack.utils.UtilityMethods - [findFileMatcher] Current Path is :: C:\Users\xps\eclipse-workspace\Mobile, TestClass :: MargoExpress\Mobile\BaseTest
11:05:23.930 [Default test-1@1] DEBUG c.b.testNgListeners.TestNGUtils - [populateTestDataForBSTestOps] Event Type :: TestRunStarted, Test ClassName :: MargoExpress.Mobile.Ecommerce_Tc_4_Hybrid 
11:05:23.930 [Default test-1@1] DEBUG c.browserstack.utils.UtilityMethods - [findFileMatcher] Current Path is :: C:\Users\xps\eclipse-workspace\Mobile, TestClass :: MargoExpress\Mobile\Ecommerce_Tc_4_Hybrid
11:05:23.956 [teardown@2] DEBUG c.b.testNgListeners.TestNGUtils - [populateTestDataForBSTestOps] The filename fetched :: C:\Users\xps\eclipse-workspace\Mobile\src\test\java\MargoExpress\Mobile\BaseTest.java, fileSeparator :: \, AbsolutePath :: C:\Users\xps\eclipse-workspace\Mobile\., Normalized Path :: C:\Users\xps\eclipse-workspace\Mobile, File.Separator :: \
11:05:23.956 [teardown@2] DEBUG c.b.testNgListeners.TestNGUtils - [populateTestDataForBSTestOps] Replaced File Name is :: Mobile\src\test\java\MargoExpress\Mobile\BaseTest.java, Absolute Path :: C:\Users\xps\eclipse-workspace\Mobile\.., Normalized Path :: C:\Users\xps\eclipse-workspace 
11:05:23.961 [teardown@2] DEBUG c.b.utils.SeleniumMethodUtils - getURLFromCommandExecutor: Getting Hub url from HttpCommandExecutor
11:05:23.961 [teardown@2] DEBUG c.b.utils.SeleniumMethodUtils - getURLFromCommandExecutor: Found url: https://hub-aps.browserstack.com/wd/hub
11:05:23.961 [teardown@2] DEBUG c.b.utils.SeleniumMethodUtils - getURLFromCommandExecutor: Getting Hub url from HttpCommandExecutor
11:05:23.961 [teardown@2] DEBUG c.b.utils.SeleniumMethodUtils - getURLFromCommandExecutor: Found url: https://hub-aps.browserstack.com/wd/hub
11:05:23.961 [teardown@2] DEBUG com.browserstack.testOps.Listener - [ TESTHUB ] Processing Request Kind HookRunStarted
11:05:23.961 [teardown@2] DEBUG c.browserstack.utils.LogReportingAPI - sendPlatformDetails: Can't send CBT info, as driver or test is not found
11:05:23.978 [Default test-1@1] DEBUG c.b.testNgListeners.TestNGUtils - [populateTestDataForBSTestOps] The filename fetched :: C:\Users\xps\eclipse-workspace\Mobile\src\test\java\MargoExpress\Mobile\Ecommerce_Tc_4_Hybrid.java, fileSeparator :: \, AbsolutePath :: C:\Users\xps\eclipse-workspace\Mobile\., Normalized Path :: C:\Users\xps\eclipse-workspace\Mobile, File.Separator :: \
11:05:23.979 [Default test-1@1] DEBUG c.b.testNgListeners.TestNGUtils - [populateTestDataForBSTestOps] Replaced File Name is :: Mobile\src\test\java\MargoExpress\Mobile\Ecommerce_Tc_4_Hybrid.java, Absolute Path :: C:\Users\xps\eclipse-workspace\Mobile\.., Normalized Path :: C:\Users\xps\eclipse-workspace 
11:05:23.981 [Default test-1@1] DEBUG c.b.utils.SeleniumMethodUtils - getURLFromCommandExecutor: Getting Hub url from HttpCommandExecutor
11:05:23.981 [Default test-1@1] DEBUG c.b.utils.SeleniumMethodUtils - getURLFromCommandExecutor: Found url: https://hub-aps.browserstack.com/wd/hub
11:05:23.982 [Default test-1@1] DEBUG c.b.utils.SeleniumMethodUtils - getURLFromCommandExecutor: Getting Hub url from HttpCommandExecutor
11:05:23.982 [Default test-1@1] DEBUG c.b.utils.SeleniumMethodUtils - getURLFromCommandExecutor: Found url: https://hub-aps.browserstack.com/wd/hub
11:05:23.984 [Default test-1@1] DEBUG com.browserstack.testOps.Listener - [ TESTHUB ] Processing Request Kind TestRunStarted
11:05:24.135 [verifyProductsAddedinCart@1] DEBUG com.browserstack.testOps.Listener - [ TESTHUB ] Processing Request Kind LogCreated
11:05:24.202 [verifyProductsAddedinCart@1] DEBUG com.browserstack.testOps.Listener - [ TESTHUB ] Processing Request Kind LogCreated
11:05:24.357 [verifyProductsAddedinCart@1] DEBUG com.browserstack.testOps.Listener - [ TESTHUB ] Processing Request Kind LogCreated
11:05:24.557 [verifyProductsAddedinCart@1] DEBUG c.b.testNgListeners.TestNGUtils - [populateTestDataForBSTestOps] Event Type :: TestRunFinished, Test ClassName :: MargoExpress.Mobile.Ecommerce_Tc_4_Hybrid 
11:05:24.558 [verifyProductsAddedinCart@1] DEBUG c.browserstack.utils.UtilityMethods - [findFileMatcher] Current Path is :: C:\Users\xps\eclipse-workspace\Mobile, TestClass :: MargoExpress\Mobile\Ecommerce_Tc_4_Hybrid
11:05:24.602 [verifyProductsAddedinCart@1] DEBUG c.b.testNgListeners.TestNGUtils - [populateTestDataForBSTestOps] The filename fetched :: C:\Users\xps\eclipse-workspace\Mobile\src\test\java\MargoExpress\Mobile\Ecommerce_Tc_4_Hybrid.java, fileSeparator :: \, AbsolutePath :: C:\Users\xps\eclipse-workspace\Mobile\., Normalized Path :: C:\Users\xps\eclipse-workspace\Mobile, File.Separator :: \
11:05:24.602 [verifyProductsAddedinCart@1] DEBUG c.b.testNgListeners.TestNGUtils - [populateTestDataForBSTestOps] Replaced File Name is :: Mobile\src\test\java\MargoExpress\Mobile\Ecommerce_Tc_4_Hybrid.java, Absolute Path :: C:\Users\xps\eclipse-workspace\Mobile\.., Normalized Path :: C:\Users\xps\eclipse-workspace 
11:05:24.606 [verifyProductsAddedinCart@1] DEBUG c.b.utils.SeleniumMethodUtils - getURLFromCommandExecutor: Getting Hub url from HttpCommandExecutor
11:05:24.606 [verifyProductsAddedinCart@1] DEBUG c.b.utils.SeleniumMethodUtils - getURLFromCommandExecutor: Found url: https://hub-aps.browserstack.com/wd/hub
11:05:24.606 [verifyProductsAddedinCart@1] DEBUG c.b.utils.SeleniumMethodUtils - getURLFromCommandExecutor: Getting Hub url from HttpCommandExecutor
11:05:24.606 [verifyProductsAddedinCart@1] DEBUG c.b.utils.SeleniumMethodUtils - getURLFromCommandExecutor: Found url: https://hub-aps.browserstack.com/wd/hub
11:05:24.608 [verifyProductsAddedinCart@1] DEBUG com.browserstack.testOps.Listener - [ TESTHUB ] Processing Request Kind TestRunFinished
11:05:24.658 [teardown@1] DEBUG c.b.testNgListeners.TestNGUtils - [populateTestDataForBSTestOps] Event Type :: HookRunStarted, Method ClassName :: MargoExpress.Mobile.BaseTest 
11:05:24.658 [teardown@1] DEBUG c.browserstack.utils.UtilityMethods - [findFileMatcher] Current Path is :: C:\Users\xps\eclipse-workspace\Mobile, TestClass :: MargoExpress\Mobile\BaseTest
11:05:24.714 [teardown@1] DEBUG c.b.testNgListeners.TestNGUtils - [populateTestDataForBSTestOps] The filename fetched :: C:\Users\xps\eclipse-workspace\Mobile\src\test\java\MargoExpress\Mobile\BaseTest.java, fileSeparator :: \, AbsolutePath :: C:\Users\xps\eclipse-workspace\Mobile\., Normalized Path :: C:\Users\xps\eclipse-workspace\Mobile, File.Separator :: \
11:05:24.714 [teardown@1] DEBUG c.b.testNgListeners.TestNGUtils - [populateTestDataForBSTestOps] Replaced File Name is :: Mobile\src\test\java\MargoExpress\Mobile\BaseTest.java, Absolute Path :: C:\Users\xps\eclipse-workspace\Mobile\.., Normalized Path :: C:\Users\xps\eclipse-workspace 
11:05:24.718 [teardown@1] DEBUG c.b.utils.SeleniumMethodUtils - getURLFromCommandExecutor: Getting Hub url from HttpCommandExecutor
11:05:24.718 [teardown@1] DEBUG c.b.utils.SeleniumMethodUtils - getURLFromCommandExecutor: Found url: https://hub-aps.browserstack.com/wd/hub
11:05:24.718 [teardown@1] DEBUG c.b.utils.SeleniumMethodUtils - getURLFromCommandExecutor: Getting Hub url from HttpCommandExecutor
11:05:24.718 [teardown@1] DEBUG c.b.utils.SeleniumMethodUtils - getURLFromCommandExecutor: Found url: https://hub-aps.browserstack.com/wd/hub
11:05:24.718 [teardown@1] DEBUG com.browserstack.testOps.Listener - [ TESTHUB ] Processing Request Kind HookRunStarted
11:05:24.718 [teardown@1] DEBUG c.browserstack.utils.LogReportingAPI - sendPlatformDetails: Can't send CBT info, as driver or test is not found
11:05:25.444 [pool-4-thread-1] DEBUG c.browserstack.utils.RequestBatcher - Time Since Last Batch Processed 3999

11:05:25.444 [pool-5-thread-1] DEBUG c.browserstack.utils.RequestBatcher - Processing Batch 14

11:05:25.446 [pool-5-thread-1] DEBUG c.browserstack.testOps.RequestUtils - [requestToTestOps] Sending Observability request: POST api/v1/batch with request size 43683
11:05:25.448 [pool-5-thread-1] DEBUG c.browserstack.testOps.RequestUtils - [makeRequest] Sending request: POST https://collector-observability.browserstack.com/api/v1/batch with request size 43683
11:05:25.712 [FillForm@0] DEBUG c.b.testNgListeners.TestNGUtils - [populateTestDataForBSTestOps] Event Type :: HookRunFinished, Method ClassName :: MargoExpress.Mobile.BaseTest 
11:05:25.713 [FillForm@0] DEBUG c.browserstack.utils.UtilityMethods - [findFileMatcher] Current Path is :: C:\Users\xps\eclipse-workspace\Mobile, TestClass :: MargoExpress\Mobile\BaseTest
11:05:25.726 [pool-5-thread-1] DEBUG c.browserstack.testOps.RequestUtils - [makeRequest]: Response code: 200
11:05:25.726 [pool-5-thread-1] DEBUG c.browserstack.testOps.RequestUtils - requestToTestOps: Response code: 200
11:05:25.726 [pool-5-thread-1] DEBUG c.browserstack.utils.LogReportingAPI - 
[2024-11-05T07:05:25.726160400Z][ TESTHUB ] Batch event successfull!

11:05:25.761 [FillForm@0] DEBUG c.b.testNgListeners.TestNGUtils - [populateTestDataForBSTestOps] The filename fetched :: C:\Users\xps\eclipse-workspace\Mobile\src\test\java\MargoExpress\Mobile\BaseTest.java, fileSeparator :: \, AbsolutePath :: C:\Users\xps\eclipse-workspace\Mobile\., Normalized Path :: C:\Users\xps\eclipse-workspace\Mobile, File.Separator :: \
11:05:25.761 [FillForm@0] DEBUG c.b.testNgListeners.TestNGUtils - [populateTestDataForBSTestOps] Replaced File Name is :: Mobile\src\test\java\MargoExpress\Mobile\BaseTest.java, Absolute Path :: C:\Users\xps\eclipse-workspace\Mobile\.., Normalized Path :: C:\Users\xps\eclipse-workspace 
11:05:25.765 [FillForm@0] DEBUG c.b.utils.SeleniumMethodUtils - getURLFromCommandExecutor: Getting Hub url from HttpCommandExecutor
11:05:25.765 [FillForm@0] DEBUG c.b.utils.SeleniumMethodUtils - getURLFromCommandExecutor: Found url: https://hub-aps.browserstack.com/wd/hub
11:05:25.765 [FillForm@0] DEBUG c.b.utils.SeleniumMethodUtils - getURLFromCommandExecutor: Getting Hub url from HttpCommandExecutor
11:05:25.765 [FillForm@0] DEBUG c.b.utils.SeleniumMethodUtils - getURLFromCommandExecutor: Found url: https://hub-aps.browserstack.com/wd/hub
11:05:25.765 [FillForm@0] DEBUG com.browserstack.testOps.Listener - [ TESTHUB ] Processing Request Kind HookRunFinished
11:05:25.765 [FillForm@0] DEBUG c.b.testNgListeners.TestNGUtils - [populateTestDataForBSTestOps] Event Type :: TestRunFinished, Test ClassName :: MargoExpress.Mobile.Ecommerce_Tc_4_Hybrid 
11:05:25.765 [FillForm@0] DEBUG c.browserstack.utils.UtilityMethods - [findFileMatcher] Current Path is :: C:\Users\xps\eclipse-workspace\Mobile, TestClass :: MargoExpress\Mobile\Ecommerce_Tc_4_Hybrid
11:05:25.809 [FillForm@0] DEBUG c.b.testNgListeners.TestNGUtils - [populateTestDataForBSTestOps] The filename fetched :: C:\Users\xps\eclipse-workspace\Mobile\src\test\java\MargoExpress\Mobile\Ecommerce_Tc_4_Hybrid.java, fileSeparator :: \, AbsolutePath :: C:\Users\xps\eclipse-workspace\Mobile\., Normalized Path :: C:\Users\xps\eclipse-workspace\Mobile, File.Separator :: \
11:05:25.809 [FillForm@0] DEBUG c.b.testNgListeners.TestNGUtils - [populateTestDataForBSTestOps] Replaced File Name is :: Mobile\src\test\java\MargoExpress\Mobile\Ecommerce_Tc_4_Hybrid.java, Absolute Path :: C:\Users\xps\eclipse-workspace\Mobile\.., Normalized Path :: C:\Users\xps\eclipse-workspace 
11:05:25.814 [FillForm@0] DEBUG c.b.utils.SeleniumMethodUtils - getURLFromCommandExecutor: Getting Hub url from HttpCommandExecutor
11:05:25.814 [FillForm@0] DEBUG c.b.utils.SeleniumMethodUtils - getURLFromCommandExecutor: Found url: https://hub-aps.browserstack.com/wd/hub
11:05:25.815 [FillForm@0] DEBUG c.b.utils.SeleniumMethodUtils - getURLFromCommandExecutor: Getting Hub url from HttpCommandExecutor
11:05:25.815 [FillForm@0] DEBUG c.b.utils.SeleniumMethodUtils - getURLFromCommandExecutor: Found url: https://hub-aps.browserstack.com/wd/hub
11:05:25.816 [FillForm@0] DEBUG com.browserstack.testOps.Listener - [ TESTHUB ] Processing Request Kind TestRunFinished
11:05:25.886 [Default test-0@0] DEBUG c.b.testNgListeners.TestNGUtils - [populateTestDataForBSTestOps] Event Type :: TestRunStarted, Test ClassName :: MargoExpress.Mobile.Ecommerce_Tc_4_Hybrid 
11:05:25.886 [Default test-0@0] DEBUG c.browserstack.utils.UtilityMethods - [findFileMatcher] Current Path is :: C:\Users\xps\eclipse-workspace\Mobile, TestClass :: MargoExpress\Mobile\Ecommerce_Tc_4_Hybrid
11:05:25.933 [Default test-0@0] DEBUG c.b.testNgListeners.TestNGUtils - [populateTestDataForBSTestOps] The filename fetched :: C:\Users\xps\eclipse-workspace\Mobile\src\test\java\MargoExpress\Mobile\Ecommerce_Tc_4_Hybrid.java, fileSeparator :: \, AbsolutePath :: C:\Users\xps\eclipse-workspace\Mobile\., Normalized Path :: C:\Users\xps\eclipse-workspace\Mobile, File.Separator :: \
11:05:25.933 [Default test-0@0] DEBUG c.b.testNgListeners.TestNGUtils - [populateTestDataForBSTestOps] Replaced File Name is :: Mobile\src\test\java\MargoExpress\Mobile\Ecommerce_Tc_4_Hybrid.java, Absolute Path :: C:\Users\xps\eclipse-workspace\Mobile\.., Normalized Path :: C:\Users\xps\eclipse-workspace 
11:05:25.936 [Default test-0@0] DEBUG c.b.utils.SeleniumMethodUtils - getURLFromCommandExecutor: Getting Hub url from HttpCommandExecutor
11:05:25.936 [Default test-0@0] DEBUG c.b.utils.SeleniumMethodUtils - getURLFromCommandExecutor: Found url: https://hub-aps.browserstack.com/wd/hub
11:05:25.936 [Default test-0@0] DEBUG c.b.utils.SeleniumMethodUtils - getURLFromCommandExecutor: Getting Hub url from HttpCommandExecutor
11:05:25.936 [Default test-0@0] DEBUG c.b.utils.SeleniumMethodUtils - getURLFromCommandExecutor: Found url: https://hub-aps.browserstack.com/wd/hub
11:05:25.938 [Default test-0@0] DEBUG com.browserstack.testOps.Listener - [ TESTHUB ] Processing Request Kind TestRunStarted
11:05:26.879 [teardown@2] DEBUG c.b.testNgListeners.TestNGUtils - [populateTestDataForBSTestOps] Event Type :: HookRunFinished, Method ClassName :: MargoExpress.Mobile.BaseTest 
11:05:26.881 [teardown@2] DEBUG c.browserstack.utils.UtilityMethods - [findFileMatcher] Current Path is :: C:\Users\xps\eclipse-workspace\Mobile, TestClass :: MargoExpress\Mobile\BaseTest
11:05:26.884 [teardown@1] DEBUG c.b.testNgListeners.TestNGUtils - [populateTestDataForBSTestOps] Event Type :: HookRunFinished, Method ClassName :: MargoExpress.Mobile.BaseTest 
11:05:26.884 [teardown@1] DEBUG c.browserstack.utils.UtilityMethods - [findFileMatcher] Current Path is :: C:\Users\xps\eclipse-workspace\Mobile, TestClass :: MargoExpress\Mobile\BaseTest
11:05:26.946 [teardown@1] DEBUG c.b.testNgListeners.TestNGUtils - [populateTestDataForBSTestOps] The filename fetched :: C:\Users\xps\eclipse-workspace\Mobile\src\test\java\MargoExpress\Mobile\BaseTest.java, fileSeparator :: \, AbsolutePath :: C:\Users\xps\eclipse-workspace\Mobile\., Normalized Path :: C:\Users\xps\eclipse-workspace\Mobile, File.Separator :: \
11:05:26.946 [teardown@1] DEBUG c.b.testNgListeners.TestNGUtils - [populateTestDataForBSTestOps] Replaced File Name is :: Mobile\src\test\java\MargoExpress\Mobile\BaseTest.java, Absolute Path :: C:\Users\xps\eclipse-workspace\Mobile\.., Normalized Path :: C:\Users\xps\eclipse-workspace 
11:05:26.946 [teardown@1] DEBUG com.browserstack.testOps.Listener - [ TESTHUB ] Processing Request Kind HookRunFinished
11:05:26.947 [teardown@2] DEBUG c.b.testNgListeners.TestNGUtils - [populateTestDataForBSTestOps] The filename fetched :: C:\Users\xps\eclipse-workspace\Mobile\src\test\java\MargoExpress\Mobile\BaseTest.java, fileSeparator :: \, AbsolutePath :: C:\Users\xps\eclipse-workspace\Mobile\., Normalized Path :: C:\Users\xps\eclipse-workspace\Mobile, File.Separator :: \
11:05:26.948 [teardown@2] DEBUG c.b.testNgListeners.TestNGUtils - [populateTestDataForBSTestOps] Replaced File Name is :: Mobile\src\test\java\MargoExpress\Mobile\BaseTest.java, Absolute Path :: C:\Users\xps\eclipse-workspace\Mobile\.., Normalized Path :: C:\Users\xps\eclipse-workspace 
11:05:26.948 [teardown@2] DEBUG com.browserstack.testOps.Listener - [ TESTHUB ] Processing Request Kind HookRunFinished
11:05:26.951 [teardown@2] DEBUG c.b.utils.FunnelInstrumentation - Unable to parse data from processes. Exception: Unexpected token END OF FILE at position 0.
	at browserstack.shaded.org.json.simple.parser.JSONParser.parse(Unknown Source)
	at browserstack.shaded.org.json.simple.parser.JSONParser.parse(Unknown Source)
	at browserstack.shaded.org.json.simple.parser.JSONParser.parse(Unknown Source)
	at com.browserstack.utils.FunnelInstrumentation.getFormattedDataFromProcesses(Unknown Source)
	at com.browserstack.utils.FunnelInstrumentation.createParamsForEvent(Unknown Source)
	at com.browserstack.utils.FunnelInstrumentation.sendSDKEvent(Unknown Source)
	at com.browserstack.testNgListeners.TmpSuiteListener.onFinish(Unknown Source)
	at org.testng.TestRunner.fireEvent(TestRunner.java:873)
	at org.testng.TestRunner.afterRun(TestRunner.java:828)
	at org.testng.TestRunner.run(TestRunner.java:616)
	at org.testng.SuiteRunner.runTest(SuiteRunner.java:421)
	at org.testng.SuiteRunner$SuiteWorker.run(SuiteRunner.java:463)
	at org.testng.internal.thread.ThreadUtil.lambda$execute$0(ThreadUtil.java:64)
	at java.base/java.util.concurrent.FutureTask.run(FutureTask.java:317)
	at java.base/java.util.concurrent.ThreadPoolExecutor.runWorker(ThreadPoolExecutor.java:1144)
	at java.base/java.util.concurrent.ThreadPoolExecutor$Worker.run(ThreadPoolExecutor.java:642)
	at java.base/java.lang.Thread.run(Thread.java:1583)

11:05:26.951 [teardown@1] DEBUG c.b.utils.FunnelInstrumentation - Unable to parse data from processes. Exception: Unexpected token END OF FILE at position 0.
	at browserstack.shaded.org.json.simple.parser.JSONParser.parse(Unknown Source)
	at browserstack.shaded.org.json.simple.parser.JSONParser.parse(Unknown Source)
	at browserstack.shaded.org.json.simple.parser.JSONParser.parse(Unknown Source)
	at com.browserstack.utils.FunnelInstrumentation.getFormattedDataFromProcesses(Unknown Source)
	at com.browserstack.utils.FunnelInstrumentation.createParamsForEvent(Unknown Source)
	at com.browserstack.utils.FunnelInstrumentation.sendSDKEvent(Unknown Source)
	at com.browserstack.testNgListeners.TmpSuiteListener.onFinish(Unknown Source)
	at org.testng.TestRunner.fireEvent(TestRunner.java:873)
	at org.testng.TestRunner.afterRun(TestRunner.java:828)
	at org.testng.TestRunner.run(TestRunner.java:616)
	at org.testng.SuiteRunner.runTest(SuiteRunner.java:421)
	at org.testng.SuiteRunner$SuiteWorker.run(SuiteRunner.java:463)
	at org.testng.internal.thread.ThreadUtil.lambda$execute$0(ThreadUtil.java:64)
	at java.base/java.util.concurrent.FutureTask.run(FutureTask.java:317)
	at java.base/java.util.concurrent.ThreadPoolExecutor.runWorker(ThreadPoolExecutor.java:1144)
	at java.base/java.util.concurrent.ThreadPoolExecutor$Worker.run(ThreadPoolExecutor.java:642)
	at java.base/java.lang.Thread.run(Thread.java:1583)

11:05:26.951 [teardown@2] DEBUG com.browserstack.testOps.UsageStats - getFormattedData: Collecting data for TestObservability
11:05:26.951 [teardown@1] DEBUG com.browserstack.testOps.UsageStats - getFormattedData: Collecting data for TestObservability
11:05:26.951 [teardown@2] DEBUG com.browserstack.testOps.UsageStats - getEventStats: Getting event data for TestObservability
11:05:26.951 [teardown@1] DEBUG com.browserstack.testOps.UsageStats - getEventStats: Getting event data for TestObservability
11:05:26.955 [teardown@1] DEBUG com.browserstack.testOps.UsageStats - [OBSERVABILITY] Failed to parse data from workers
11:05:26.955 [teardown@2] DEBUG com.browserstack.testOps.UsageStats - [OBSERVABILITY] Failed to parse data from workers
11:05:27.030 [teardown@2] DEBUG c.b.utils.FunnelInstrumentation - Sending funnel data for SDKTestSuccessful with data: {"event_type":"SDKTestSuccessful","accessKey":"1XSLBqNLYzWiPhqyqy9L","userName":"roshinsurendran_Sh2ZAM","event_properties":{"isPercyAutoEnabled":false,"language":"java","sdkRunId":"89547b68-2ddf-4c1e-9170-26bdcb3eb8b2","buildIdentifier":"#2","error":"[{\"tests\":{\"MargoExpress.Mobile.Ecommerce_Tc_4_Hybrid-verifyProductsAddedinCart\":\"Unknown mobile command \\\"longClickGesture\\\". Only shell,scrollBackTo,viewportScreenshot,deepLink,startLogsBroadcast,stopLogsBroadcast,acceptAlert,dismissAlert,batteryInfo,deviceInfo,changePermissions,getPermissions,performEditorAction,startScreenStreaming,stopScreenStreaming,getNotifications,listSms,type commands are supported. Build info: version: '4.26.0', revision: '8ccf0219d7' System info: os.name: 'Windows 11', os.arch: 'amd64', os.version: '10.0', java.version: '21.0.3' Driver info: io.appium.java_client.android.AndroidDriver Command: [1a8bcf1aadce64519f9e1b4baece5c6ef8328d99, executeScript {script=mobile: longClickGesture, args=[{elementId=cb8fd4e0-7425-4207-80cd-6620871b5e6c, duration=2000}]}] Capabilities {appium:appActivity: com.androidsample.generalst..., appium:appPackage: com.androidsample.generalstore, appium:automationName: uiautomator2, appium:bundleID: com.androidsample.generalstore, appium:bundleId: com.androidsample.generalstore, appium:chromedriverPort: 18083, appium:chromedriverPorts: [[18133, 18143]], appium:databaseEnabled: false, appium:desired: {appActivity: com.androidsample.generalst..., appPackage: com.androidsample.generalstore, automationName: uiautomator2, bstack:options: {buildIdentifier: #2, hostName: Roshin, localIdentifier: 05_Nov_114_Roshin_zJ5c}, bundleID: com.androidsample.generalstore, bundleId: com.androidsample.generalstore, chromedriverPort: 18083, chromedriverPorts: [[18133, 18143]], deviceName: pixel 8 pro emulator, disableSuppressAccessibilityService: true, goog:chromeOptions: {}, nativeWebScreenshot: true, newCommandTimeout: 0, platformName: Android, skipServerInstallation: true, systemPort: 8203, udid: R5CRC1WYG5Y}, appium:deviceApiLevel: 30, appium:deviceManufacturer: samsung, appium:deviceModel: SM-G991B, appium:deviceName: R5CRC1WYG5Y, appium:deviceScreenDensity: 480, appium:deviceScreenSize: 1080x2400, appium:deviceUDID: R5CRC1WYG5Y, appium:disableSuppressAccessibilityService: true, appium:javascriptEnabled: true, appium:locationContextEnabled: false, appium:nativeWebScreenshot: true, appium:networkConnectionEnabled: true, appium:newCommandTimeout: 0, appium:optimalHubUrl: hub-aps.browserstack.com, appium:pixelRatio: 3, appium:platformVersion: 11, appium:skipServerInstallation: true, appium:statBarHeight: 79, appium:systemPort: 8203, appium:takesScreenshot: true, appium:udid: R5CRC1WYG5Y, appium:viewportRect: {height: 2097, left: 0, top: 79, width: 1080}, appium:warnings: {}, appium:webStorageEnabled: false, bstack:options: {buildIdentifier: #2, hostName: Roshin, localIdentifier: 05_Nov_114_Roshin_zJ5c}, goog:chromeOptions: {}, platformName: ANDROID} Session ID: 1a8bcf1aadce64519f9e1b4baece5c6ef8328d99\"},\"platformVersion\":\"11.0\",\"deviceName\":\"Samsung Galaxy S21\"},{\"tests\":{\"MargoExpress.Mobile.Ecommerce_Tc_4_Hybrid-verifyProductsAddedinCart\":\"Unknown mobile command \\\"longClickGesture\\\". Only shell,scrollBackTo,viewportScreenshot,deepLink,startLogsBroadcast,stopLogsBroadcast,acceptAlert,dismissAlert,batteryInfo,deviceInfo,changePermissions,getPermissions,performEditorAction,startScreenStreaming,stopScreenStreaming,getNotifications,listSms,type commands are supported. Build info: version: '4.26.0', revision: '8ccf0219d7' System info: os.name: 'Windows 11', os.arch: 'amd64', os.version: '10.0', java.version: '21.0.3' Driver info: io.appium.java_client.android.AndroidDriver Command: [8c62dbc3c39a8c872752c3bd4fa8f9649657b116, executeScript {script=mobile: longClickGesture, args=[{elementId=9e91fb72-84f2-45fe-83f8-68e77a993c7c, duration=2000}]}] Capabilities {appium:appActivity: com.androidsample.generalst..., appium:appPackage: com.androidsample.generalstore, appium:automationName: uiautomator2, appium:bundleID: com.androidsample.generalstore, appium:bundleId: com.androidsample.generalstore, appium:chromedriverPort: 18081, appium:chromedriverPorts: [[18111, 18121]], appium:databaseEnabled: false, appium:desired: {appActivity: com.androidsample.generalst..., appPackage: com.androidsample.generalstore, automationName: uiautomator2, bstack:options: {buildIdentifier: #2, hostName: Roshin, localIdentifier: 05_Nov_114_Roshin_zJ5c}, bundleID: com.androidsample.generalstore, bundleId: com.androidsample.generalstore, chromedriverPort: 18081, chromedriverPorts: [[18111, 18121]], deviceName: pixel 8 pro emulator, disableSuppressAccessibilityService: true, goog:chromeOptions: {}, nativeWebScreenshot: true, newCommandTimeout: 0, platformName: Android, skipServerInstallation: true, systemPort: 8201, udid: 23091FDEE006ZG}, appium:deviceApiLevel: 31, appium:deviceManufacturer: Google, appium:deviceModel: Pixel 6 Pro, appium:deviceName: 23091FDEE006ZG, appium:deviceScreenDensity: 560, appium:deviceScreenSize: 1440x3120, appium:deviceUDID: 23091FDEE006ZG, appium:disableSuppressAccessibilityService: true, appium:javascriptEnabled: true, appium:locationContextEnabled: false, appium:nativeWebScreenshot: true, appium:networkConnectionEnabled: true, appium:newCommandTimeout: 0, appium:optimalHubUrl: hub-aps.browserstack.com, appium:pixelRatio: 3.5, appium:platformVersion: 12, appium:skipServerInstallation: true, appium:statBarHeight: 145, appium:systemPort: 8201, appium:takesScreenshot: true, appium:udid: 23091FDEE006ZG, appium:viewportRect: {height: 2789, left: 0, top: 145, width: 1440}, appium:warnings: {}, appium:webStorageEnabled: false, bstack:options: {buildIdentifier: #2, hostName: Roshin, localIdentifier: 05_Nov_114_Roshin_zJ5c}, goog:chromeOptions: {}, platformName: ANDROID} Session ID: 8c62dbc3c39a8c872752c3bd4fa8f9649657b116\"},\"platformVersion\":\"12.0\",\"deviceName\":\"Google Pixel 6 Pro\"}]","testhub_uuid":"ucocfaaonr3ttqmlyvtbozkv7hvkwryna4ihzdhf","detectedAppiumVersion":"null","productMap":{"app_automate":true,"accessibility":false,"automate":false,"percy":false,"observability":true,"turboscale":false},"hostname":"Roshin","measures":{"percy:start":662,"local:start":5821,"sdk:setup":13189},"productUsage":{"testObservability":{"buildHashedId":"ucocfaaonr3ttqmlyvtbozkv7hvkwryna4ihzdhf","manuallySet":false,"enabled":true,"events":{"hookEvents":{"started":{"errors":[],"failedCount":0,"sentCount":5,"triggeredCount":5},"finished":{"triggeredCount":5,"failedCount":0,"errors":[],"sentCount":2},"passed":{"errors":[],"failedCount":0,"sentCount":2,"triggeredCount":5}},"logEvents":{"errors":[],"failedCount":0,"sentCount":152,"triggeredCount":151,"log":{"errors":[],"failedCount":0,"sentCount":152,"triggeredCount":151}},"testEvents":{"started":{"errors":[],"failedCount":0,"sentCount":7,"triggeredCount":8},"finished":{"triggeredCount":7,"failedCount":0,"errors":[],"sentCount":6},"failed":{"errors":[],"failedCount":0,"sentCount":2,"triggeredCount":2},"passed":{"errors":[],"failedCount":0,"sentCount":4,"triggeredCount":5}},"batchEvents":{"triggeredCount":5,"failedCount":0,"errors":[],"sentCount":5},"cbtSessionEvents":{"errors":[],"failedCount":0,"sentCount":0,"triggeredCount":0},"buildEvents":{"started":{"error":null,"triggered":true,"status":"success"},"finished":{"error":null,"triggered":null,"status":null}}}}},"browserStackConfig":{"browserstackLocal":true,"percy":false,"logLevel":"info","staticWebDriver":true,"autoDetectFramework":true,"percyCaptureMode":"MANUAL","browserStackLocalOptions":{"localIdentifier":"05_Nov_114_Roshin_zJ5c","key":"****"},"percyOptions":{},"testContextOptions":{"skipSessionName":false,"skipSessionStatus":false,"serenityOverridePlugin":false},"platforms":[{"os":null,"browser":null,"device":"Samsung Galaxy S22 Ultra","capabilities":{"platformVersion":12.0,"platformName":"android","deviceName":"Samsung Galaxy S22 Ultra"},"browserVersion":null,"osVersion":null,"platformCaps":{"platformVersion":12.0,"platformName":"android","deviceName":"Samsung Galaxy S22 Ultra"},"platformString":"Samsung Galaxy S22 Ultra, 12.0","customVariables":"****"},{"os":null,"browser":null,"device":"Samsung Galaxy S21","capabilities":{"platformVersion":11.0,"platformName":"android","deviceName":"Samsung Galaxy S21"},"browserVersion":null,"osVersion":null,"platformCaps":{"platformVersion":11.0,"platformName":"android","deviceName":"Samsung Galaxy S21"},"platformString":"Samsung Galaxy S21, 11.0","customVariables":"****"},{"os":null,"browser":null,"device":"Google Pixel 6 Pro","capabilities":{"platformVersion":12.0,"platformName":"android","deviceName":"Google Pixel 6 Pro"},"browserVersion":null,"osVersion":null,"platformCaps":{"platformVersion":12.0,"platformName":"android","deviceName":"Google Pixel 6 Pro"},"platformString":"Google Pixel 6 Pro, 12.0","customVariables":"****"}],"parallelsPerPlatform":1,"framework":"testng","accessibility":false,"accessibilityOptions":{},"turboScaleOptions":{},"disableAutoCaptureLogs":true,"testObservability":true,"browserstackAutomation":true,"turboScale":false,"testObservabilityOptions":{},"gradleMConfig":null,"proxySettings":null},"percyBuildId":null,"product":"[app-automate, observability]","buildName":"browserstack build","os":"Windows 11","languageVersion":"21.0.3","appiumVersion":"9.3.0","frameworkDetectionInstrumentation":{"parseLoadClass":11,"ret-org.openqa.selenium.remote.RemoteWebDriver":358,"retransformClasses":358,"parseDependencies":20},"userFramework":"testng","detectedDependencies":"testng","referrer":"testng-javaagent\/1.26.4","locationTrigger":"onFinish","language_framework":"java_testng","detectedFramework":"testng","testOrchestration":{"abortBuildOnFailure":{"enabled":false},"retryTestsOnFailure":{"enabled":false},"userConfig":{}},"detectedSeleniumVersion":"4.26.0","seleniumVersion":"4.26.0"}}
11:05:27.035 [teardown@1] DEBUG c.b.utils.FunnelInstrumentation - Sending funnel data for SDKTestSuccessful with data: {"event_type":"SDKTestSuccessful","accessKey":"1XSLBqNLYzWiPhqyqy9L","userName":"roshinsurendran_Sh2ZAM","event_properties":{"isPercyAutoEnabled":false,"language":"java","sdkRunId":"89547b68-2ddf-4c1e-9170-26bdcb3eb8b2","buildIdentifier":"#2","error":"[{\"tests\":{\"MargoExpress.Mobile.Ecommerce_Tc_4_Hybrid-verifyProductsAddedinCart\":\"Unknown mobile command \\\"longClickGesture\\\". Only shell,scrollBackTo,viewportScreenshot,deepLink,startLogsBroadcast,stopLogsBroadcast,acceptAlert,dismissAlert,batteryInfo,deviceInfo,changePermissions,getPermissions,performEditorAction,startScreenStreaming,stopScreenStreaming,getNotifications,listSms,type commands are supported. Build info: version: '4.26.0', revision: '8ccf0219d7' System info: os.name: 'Windows 11', os.arch: 'amd64', os.version: '10.0', java.version: '21.0.3' Driver info: io.appium.java_client.android.AndroidDriver Command: [1a8bcf1aadce64519f9e1b4baece5c6ef8328d99, executeScript {script=mobile: longClickGesture, args=[{elementId=cb8fd4e0-7425-4207-80cd-6620871b5e6c, duration=2000}]}] Capabilities {appium:appActivity: com.androidsample.generalst..., appium:appPackage: com.androidsample.generalstore, appium:automationName: uiautomator2, appium:bundleID: com.androidsample.generalstore, appium:bundleId: com.androidsample.generalstore, appium:chromedriverPort: 18083, appium:chromedriverPorts: [[18133, 18143]], appium:databaseEnabled: false, appium:desired: {appActivity: com.androidsample.generalst..., appPackage: com.androidsample.generalstore, automationName: uiautomator2, bstack:options: {buildIdentifier: #2, hostName: Roshin, localIdentifier: 05_Nov_114_Roshin_zJ5c}, bundleID: com.androidsample.generalstore, bundleId: com.androidsample.generalstore, chromedriverPort: 18083, chromedriverPorts: [[18133, 18143]], deviceName: pixel 8 pro emulator, disableSuppressAccessibilityService: true, goog:chromeOptions: {}, nativeWebScreenshot: true, newCommandTimeout: 0, platformName: Android, skipServerInstallation: true, systemPort: 8203, udid: R5CRC1WYG5Y}, appium:deviceApiLevel: 30, appium:deviceManufacturer: samsung, appium:deviceModel: SM-G991B, appium:deviceName: R5CRC1WYG5Y, appium:deviceScreenDensity: 480, appium:deviceScreenSize: 1080x2400, appium:deviceUDID: R5CRC1WYG5Y, appium:disableSuppressAccessibilityService: true, appium:javascriptEnabled: true, appium:locationContextEnabled: false, appium:nativeWebScreenshot: true, appium:networkConnectionEnabled: true, appium:newCommandTimeout: 0, appium:optimalHubUrl: hub-aps.browserstack.com, appium:pixelRatio: 3, appium:platformVersion: 11, appium:skipServerInstallation: true, appium:statBarHeight: 79, appium:systemPort: 8203, appium:takesScreenshot: true, appium:udid: R5CRC1WYG5Y, appium:viewportRect: {height: 2097, left: 0, top: 79, width: 1080}, appium:warnings: {}, appium:webStorageEnabled: false, bstack:options: {buildIdentifier: #2, hostName: Roshin, localIdentifier: 05_Nov_114_Roshin_zJ5c}, goog:chromeOptions: {}, platformName: ANDROID} Session ID: 1a8bcf1aadce64519f9e1b4baece5c6ef8328d99\"},\"platformVersion\":\"11.0\",\"deviceName\":\"Samsung Galaxy S21\"},{\"tests\":{\"MargoExpress.Mobile.Ecommerce_Tc_4_Hybrid-verifyProductsAddedinCart\":\"Unknown mobile command \\\"longClickGesture\\\". Only shell,scrollBackTo,viewportScreenshot,deepLink,startLogsBroadcast,stopLogsBroadcast,acceptAlert,dismissAlert,batteryInfo,deviceInfo,changePermissions,getPermissions,performEditorAction,startScreenStreaming,stopScreenStreaming,getNotifications,listSms,type commands are supported. Build info: version: '4.26.0', revision: '8ccf0219d7' System info: os.name: 'Windows 11', os.arch: 'amd64', os.version: '10.0', java.version: '21.0.3' Driver info: io.appium.java_client.android.AndroidDriver Command: [8c62dbc3c39a8c872752c3bd4fa8f9649657b116, executeScript {script=mobile: longClickGesture, args=[{elementId=9e91fb72-84f2-45fe-83f8-68e77a993c7c, duration=2000}]}] Capabilities {appium:appActivity: com.androidsample.generalst..., appium:appPackage: com.androidsample.generalstore, appium:automationName: uiautomator2, appium:bundleID: com.androidsample.generalstore, appium:bundleId: com.androidsample.generalstore, appium:chromedriverPort: 18081, appium:chromedriverPorts: [[18111, 18121]], appium:databaseEnabled: false, appium:desired: {appActivity: com.androidsample.generalst..., appPackage: com.androidsample.generalstore, automationName: uiautomator2, bstack:options: {buildIdentifier: #2, hostName: Roshin, localIdentifier: 05_Nov_114_Roshin_zJ5c}, bundleID: com.androidsample.generalstore, bundleId: com.androidsample.generalstore, chromedriverPort: 18081, chromedriverPorts: [[18111, 18121]], deviceName: pixel 8 pro emulator, disableSuppressAccessibilityService: true, goog:chromeOptions: {}, nativeWebScreenshot: true, newCommandTimeout: 0, platformName: Android, skipServerInstallation: true, systemPort: 8201, udid: 23091FDEE006ZG}, appium:deviceApiLevel: 31, appium:deviceManufacturer: Google, appium:deviceModel: Pixel 6 Pro, appium:deviceName: 23091FDEE006ZG, appium:deviceScreenDensity: 560, appium:deviceScreenSize: 1440x3120, appium:deviceUDID: 23091FDEE006ZG, appium:disableSuppressAccessibilityService: true, appium:javascriptEnabled: true, appium:locationContextEnabled: false, appium:nativeWebScreenshot: true, appium:networkConnectionEnabled: true, appium:newCommandTimeout: 0, appium:optimalHubUrl: hub-aps.browserstack.com, appium:pixelRatio: 3.5, appium:platformVersion: 12, appium:skipServerInstallation: true, appium:statBarHeight: 145, appium:systemPort: 8201, appium:takesScreenshot: true, appium:udid: 23091FDEE006ZG, appium:viewportRect: {height: 2789, left: 0, top: 145, width: 1440}, appium:warnings: {}, appium:webStorageEnabled: false, bstack:options: {buildIdentifier: #2, hostName: Roshin, localIdentifier: 05_Nov_114_Roshin_zJ5c}, goog:chromeOptions: {}, platformName: ANDROID} Session ID: 8c62dbc3c39a8c872752c3bd4fa8f9649657b116\"},\"platformVersion\":\"12.0\",\"deviceName\":\"Google Pixel 6 Pro\"}]","testhub_uuid":"ucocfaaonr3ttqmlyvtbozkv7hvkwryna4ihzdhf","detectedAppiumVersion":"null","productMap":{"app_automate":true,"accessibility":false,"automate":false,"percy":false,"observability":true,"turboscale":false},"hostname":"Roshin","measures":{"percy:start":662,"local:start":5821,"sdk:setup":13189},"productUsage":{"testObservability":{"buildHashedId":"ucocfaaonr3ttqmlyvtbozkv7hvkwryna4ihzdhf","manuallySet":false,"enabled":true,"events":{"hookEvents":{"started":{"errors":[],"failedCount":0,"sentCount":5,"triggeredCount":5},"finished":{"triggeredCount":5,"failedCount":0,"errors":[],"sentCount":2},"passed":{"errors":[],"failedCount":0,"sentCount":2,"triggeredCount":5}},"logEvents":{"errors":[],"failedCount":0,"sentCount":152,"triggeredCount":151,"log":{"errors":[],"failedCount":0,"sentCount":152,"triggeredCount":151}},"testEvents":{"started":{"errors":[],"failedCount":0,"sentCount":7,"triggeredCount":8},"finished":{"triggeredCount":7,"failedCount":0,"errors":[],"sentCount":6},"failed":{"errors":[],"failedCount":0,"sentCount":2,"triggeredCount":2},"passed":{"errors":[],"failedCount":0,"sentCount":4,"triggeredCount":5}},"batchEvents":{"triggeredCount":5,"failedCount":0,"errors":[],"sentCount":5},"cbtSessionEvents":{"errors":[],"failedCount":0,"sentCount":0,"triggeredCount":0},"buildEvents":{"started":{"error":null,"triggered":true,"status":"success"},"finished":{"error":null,"triggered":null,"status":null}}}}},"browserStackConfig":{"browserstackLocal":true,"percy":false,"logLevel":"info","staticWebDriver":true,"autoDetectFramework":true,"percyCaptureMode":"MANUAL","browserStackLocalOptions":{"localIdentifier":"05_Nov_114_Roshin_zJ5c","key":"****"},"percyOptions":{},"testContextOptions":{"skipSessionName":false,"skipSessionStatus":false,"serenityOverridePlugin":false},"platforms":[{"os":null,"browser":null,"device":"Samsung Galaxy S22 Ultra","capabilities":{"platformVersion":12.0,"platformName":"android","deviceName":"Samsung Galaxy S22 Ultra"},"browserVersion":null,"osVersion":null,"platformCaps":{"platformVersion":12.0,"platformName":"android","deviceName":"Samsung Galaxy S22 Ultra"},"platformString":"Samsung Galaxy S22 Ultra, 12.0","customVariables":"****"},{"os":null,"browser":null,"device":"Samsung Galaxy S21","capabilities":{"platformVersion":11.0,"platformName":"android","deviceName":"Samsung Galaxy S21"},"browserVersion":null,"osVersion":null,"platformCaps":{"platformVersion":11.0,"platformName":"android","deviceName":"Samsung Galaxy S21"},"platformString":"Samsung Galaxy S21, 11.0","customVariables":"****"},{"os":null,"browser":null,"device":"Google Pixel 6 Pro","capabilities":{"platformVersion":12.0,"platformName":"android","deviceName":"Google Pixel 6 Pro"},"browserVersion":null,"osVersion":null,"platformCaps":{"platformVersion":12.0,"platformName":"android","deviceName":"Google Pixel 6 Pro"},"platformString":"Google Pixel 6 Pro, 12.0","customVariables":"****"}],"parallelsPerPlatform":1,"framework":"testng","accessibility":false,"accessibilityOptions":{},"turboScaleOptions":{},"disableAutoCaptureLogs":true,"testObservability":true,"browserstackAutomation":true,"turboScale":false,"testObservabilityOptions":{},"gradleMConfig":null,"proxySettings":null},"percyBuildId":null,"product":"[app-automate, observability]","buildName":"browserstack build","os":"Windows 11","languageVersion":"21.0.3","appiumVersion":"9.3.0","frameworkDetectionInstrumentation":{"parseLoadClass":11,"ret-org.openqa.selenium.remote.RemoteWebDriver":358,"retransformClasses":358,"parseDependencies":20},"userFramework":"testng","detectedDependencies":"testng","referrer":"testng-javaagent\/1.26.4","locationTrigger":"onFinish","language_framework":"java_testng","detectedFramework":"testng","testOrchestration":{"abortBuildOnFailure":{"enabled":false},"retryTestsOnFailure":{"enabled":false},"userConfig":{}},"detectedSeleniumVersion":"4.26.0","seleniumVersion":"4.26.0"}}
11:05:27.587 [teardown@2] DEBUG c.b.utils.FunnelInstrumentation - API Event SDKTestSuccessful response - {"message":"SDK Event recorded successfully"}
11:05:27.588 [teardown@2] DEBUG c.browserstack.utils.LogReportingAPI - sendSync failed - driver not alive
11:05:27.590 [teardown@2] DEBUG com.browserstack.testOps.Listener - [ TESTHUB ] Processing Request Kind LogCreated
11:05:27.590 [teardown@2] DEBUG com.browserstack.testOps.Listener - [ TESTHUB ] Processing Request Kind LogCreated
11:05:27.591 [teardown@2] DEBUG com.browserstack.testOps.Listener - [ TESTHUB ] Processing Request Kind LogCreated
11:05:27.593 [teardown@2] DEBUG com.browserstack.testOps.Listener - [ TESTHUB ] Processing Request Kind LogCreated
11:05:27.646 [teardown@1] DEBUG c.b.utils.FunnelInstrumentation - API Event SDKTestSuccessful response - {"message":"SDK Event recorded successfully"}
11:05:27.647 [teardown@1] DEBUG c.browserstack.utils.LogReportingAPI - sendSync failed - driver not alive
11:05:27.647 [teardown@1] DEBUG com.browserstack.testOps.Listener - [ TESTHUB ] Processing Request Kind LogCreated
11:05:27.647 [teardown@1] DEBUG com.browserstack.testOps.Listener - [ TESTHUB ] Processing Request Kind LogCreated
11:05:27.647 [teardown@1] DEBUG com.browserstack.testOps.Listener - [ TESTHUB ] Processing Request Kind LogCreated
11:05:27.647 [teardown@1] DEBUG com.browserstack.testOps.Listener - [ TESTHUB ] Processing Request Kind LogCreated
11:05:29.317 [selectProduct@0] DEBUG c.b.testNgListeners.TestNGUtils - [populateTestDataForBSTestOps] Event Type :: TestRunFinished, Test ClassName :: MargoExpress.Mobile.Ecommerce_Tc_4_Hybrid 
11:05:29.317 [selectProduct@0] DEBUG c.browserstack.utils.UtilityMethods - [findFileMatcher] Current Path is :: C:\Users\xps\eclipse-workspace\Mobile, TestClass :: MargoExpress\Mobile\Ecommerce_Tc_4_Hybrid
11:05:29.370 [selectProduct@0] DEBUG c.b.testNgListeners.TestNGUtils - [populateTestDataForBSTestOps] The filename fetched :: C:\Users\xps\eclipse-workspace\Mobile\src\test\java\MargoExpress\Mobile\Ecommerce_Tc_4_Hybrid.java, fileSeparator :: \, AbsolutePath :: C:\Users\xps\eclipse-workspace\Mobile\., Normalized Path :: C:\Users\xps\eclipse-workspace\Mobile, File.Separator :: \
11:05:29.370 [selectProduct@0] DEBUG c.b.testNgListeners.TestNGUtils - [populateTestDataForBSTestOps] Replaced File Name is :: Mobile\src\test\java\MargoExpress\Mobile\Ecommerce_Tc_4_Hybrid.java, Absolute Path :: C:\Users\xps\eclipse-workspace\Mobile\.., Normalized Path :: C:\Users\xps\eclipse-workspace 
11:05:29.375 [selectProduct@0] DEBUG c.b.utils.SeleniumMethodUtils - getURLFromCommandExecutor: Getting Hub url from HttpCommandExecutor
11:05:29.375 [selectProduct@0] DEBUG c.b.utils.SeleniumMethodUtils - getURLFromCommandExecutor: Found url: https://hub-aps.browserstack.com/wd/hub
11:05:29.375 [selectProduct@0] DEBUG c.b.utils.SeleniumMethodUtils - getURLFromCommandExecutor: Getting Hub url from HttpCommandExecutor
11:05:29.375 [selectProduct@0] DEBUG c.b.utils.SeleniumMethodUtils - getURLFromCommandExecutor: Found url: https://hub-aps.browserstack.com/wd/hub
11:05:29.377 [selectProduct@0] DEBUG com.browserstack.testOps.Listener - [ TESTHUB ] Processing Request Kind TestRunFinished
11:05:29.432 [pool-4-thread-1] DEBUG c.browserstack.utils.RequestBatcher - Time Since Last Batch Processed 3988

11:05:29.432 [pool-5-thread-1] DEBUG c.browserstack.utils.RequestBatcher - Processing Batch 14

11:05:29.434 [pool-5-thread-1] DEBUG c.browserstack.testOps.RequestUtils - [requestToTestOps] Sending Observability request: POST api/v1/batch with request size 27840
11:05:29.435 [pool-5-thread-1] DEBUG c.browserstack.testOps.RequestUtils - [makeRequest] Sending request: POST https://collector-observability.browserstack.com/api/v1/batch with request size 27840
11:05:29.441 [Default test-0@0] DEBUG c.b.testNgListeners.TestNGUtils - [populateTestDataForBSTestOps] Event Type :: TestRunStarted, Test ClassName :: MargoExpress.Mobile.Ecommerce_Tc_4_Hybrid 
11:05:29.441 [Default test-0@0] DEBUG c.browserstack.utils.UtilityMethods - [findFileMatcher] Current Path is :: C:\Users\xps\eclipse-workspace\Mobile, TestClass :: MargoExpress\Mobile\Ecommerce_Tc_4_Hybrid
11:05:29.483 [Default test-0@0] DEBUG c.b.testNgListeners.TestNGUtils - [populateTestDataForBSTestOps] The filename fetched :: C:\Users\xps\eclipse-workspace\Mobile\src\test\java\MargoExpress\Mobile\Ecommerce_Tc_4_Hybrid.java, fileSeparator :: \, AbsolutePath :: C:\Users\xps\eclipse-workspace\Mobile\., Normalized Path :: C:\Users\xps\eclipse-workspace\Mobile, File.Separator :: \
11:05:29.483 [Default test-0@0] DEBUG c.b.testNgListeners.TestNGUtils - [populateTestDataForBSTestOps] Replaced File Name is :: Mobile\src\test\java\MargoExpress\Mobile\Ecommerce_Tc_4_Hybrid.java, Absolute Path :: C:\Users\xps\eclipse-workspace\Mobile\.., Normalized Path :: C:\Users\xps\eclipse-workspace 
11:05:29.487 [Default test-0@0] DEBUG c.b.utils.SeleniumMethodUtils - getURLFromCommandExecutor: Getting Hub url from HttpCommandExecutor
11:05:29.487 [Default test-0@0] DEBUG c.b.utils.SeleniumMethodUtils - getURLFromCommandExecutor: Found url: https://hub-aps.browserstack.com/wd/hub
11:05:29.487 [Default test-0@0] DEBUG c.b.utils.SeleniumMethodUtils - getURLFromCommandExecutor: Getting Hub url from HttpCommandExecutor
11:05:29.487 [Default test-0@0] DEBUG c.b.utils.SeleniumMethodUtils - getURLFromCommandExecutor: Found url: https://hub-aps.browserstack.com/wd/hub
11:05:29.488 [Default test-0@0] DEBUG com.browserstack.testOps.Listener - [ TESTHUB ] Processing Request Kind TestRunStarted
11:05:29.656 [pool-5-thread-1] DEBUG c.browserstack.testOps.RequestUtils - [makeRequest]: Response code: 200
11:05:29.657 [pool-5-thread-1] DEBUG c.browserstack.testOps.RequestUtils - requestToTestOps: Response code: 200
11:05:29.657 [pool-5-thread-1] DEBUG c.browserstack.utils.LogReportingAPI - 
[2024-11-05T07:05:29.657935Z][ TESTHUB ] Batch event successfull!

11:05:29.696 [verifyProductsAddedinCart@0] DEBUG com.browserstack.testOps.Listener - [ TESTHUB ] Processing Request Kind LogCreated
11:05:29.797 [verifyProductsAddedinCart@0] DEBUG com.browserstack.testOps.Listener - [ TESTHUB ] Processing Request Kind LogCreated
11:05:30.074 [verifyProductsAddedinCart@0] DEBUG com.browserstack.testOps.Listener - [ TESTHUB ] Processing Request Kind LogCreated
11:05:30.383 [verifyProductsAddedinCart@0] DEBUG c.b.testNgListeners.TestNGUtils - [populateTestDataForBSTestOps] Event Type :: TestRunFinished, Test ClassName :: MargoExpress.Mobile.Ecommerce_Tc_4_Hybrid 
11:05:30.383 [verifyProductsAddedinCart@0] DEBUG c.browserstack.utils.UtilityMethods - [findFileMatcher] Current Path is :: C:\Users\xps\eclipse-workspace\Mobile, TestClass :: MargoExpress\Mobile\Ecommerce_Tc_4_Hybrid
11:05:30.451 [verifyProductsAddedinCart@0] DEBUG c.b.testNgListeners.TestNGUtils - [populateTestDataForBSTestOps] The filename fetched :: C:\Users\xps\eclipse-workspace\Mobile\src\test\java\MargoExpress\Mobile\Ecommerce_Tc_4_Hybrid.java, fileSeparator :: \, AbsolutePath :: C:\Users\xps\eclipse-workspace\Mobile\., Normalized Path :: C:\Users\xps\eclipse-workspace\Mobile, File.Separator :: \
11:05:30.451 [verifyProductsAddedinCart@0] DEBUG c.b.testNgListeners.TestNGUtils - [populateTestDataForBSTestOps] Replaced File Name is :: Mobile\src\test\java\MargoExpress\Mobile\Ecommerce_Tc_4_Hybrid.java, Absolute Path :: C:\Users\xps\eclipse-workspace\Mobile\.., Normalized Path :: C:\Users\xps\eclipse-workspace 
11:05:30.456 [verifyProductsAddedinCart@0] DEBUG c.b.utils.SeleniumMethodUtils - getURLFromCommandExecutor: Getting Hub url from HttpCommandExecutor
11:05:30.456 [verifyProductsAddedinCart@0] DEBUG c.b.utils.SeleniumMethodUtils - getURLFromCommandExecutor: Found url: https://hub-aps.browserstack.com/wd/hub
11:05:30.456 [verifyProductsAddedinCart@0] DEBUG c.b.utils.SeleniumMethodUtils - getURLFromCommandExecutor: Getting Hub url from HttpCommandExecutor
11:05:30.456 [verifyProductsAddedinCart@0] DEBUG c.b.utils.SeleniumMethodUtils - getURLFromCommandExecutor: Found url: https://hub-aps.browserstack.com/wd/hub
11:05:30.458 [verifyProductsAddedinCart@0] DEBUG com.browserstack.testOps.Listener - [ TESTHUB ] Processing Request Kind TestRunFinished
11:05:30.523 [teardown@0] DEBUG c.b.testNgListeners.TestNGUtils - [populateTestDataForBSTestOps] Event Type :: HookRunStarted, Method ClassName :: MargoExpress.Mobile.BaseTest 
11:05:30.524 [teardown@0] DEBUG c.browserstack.utils.UtilityMethods - [findFileMatcher] Current Path is :: C:\Users\xps\eclipse-workspace\Mobile, TestClass :: MargoExpress\Mobile\BaseTest
11:05:30.577 [teardown@0] DEBUG c.b.testNgListeners.TestNGUtils - [populateTestDataForBSTestOps] The filename fetched :: C:\Users\xps\eclipse-workspace\Mobile\src\test\java\MargoExpress\Mobile\BaseTest.java, fileSeparator :: \, AbsolutePath :: C:\Users\xps\eclipse-workspace\Mobile\., Normalized Path :: C:\Users\xps\eclipse-workspace\Mobile, File.Separator :: \
11:05:30.577 [teardown@0] DEBUG c.b.testNgListeners.TestNGUtils - [populateTestDataForBSTestOps] Replaced File Name is :: Mobile\src\test\java\MargoExpress\Mobile\BaseTest.java, Absolute Path :: C:\Users\xps\eclipse-workspace\Mobile\.., Normalized Path :: C:\Users\xps\eclipse-workspace 
11:05:30.580 [teardown@0] DEBUG c.b.utils.SeleniumMethodUtils - getURLFromCommandExecutor: Getting Hub url from HttpCommandExecutor
11:05:30.580 [teardown@0] DEBUG c.b.utils.SeleniumMethodUtils - getURLFromCommandExecutor: Found url: https://hub-aps.browserstack.com/wd/hub
11:05:30.581 [teardown@0] DEBUG c.b.utils.SeleniumMethodUtils - getURLFromCommandExecutor: Getting Hub url from HttpCommandExecutor
11:05:30.581 [teardown@0] DEBUG c.b.utils.SeleniumMethodUtils - getURLFromCommandExecutor: Found url: https://hub-aps.browserstack.com/wd/hub
11:05:30.581 [teardown@0] DEBUG com.browserstack.testOps.Listener - [ TESTHUB ] Processing Request Kind HookRunStarted
11:05:30.581 [teardown@0] DEBUG c.browserstack.utils.LogReportingAPI - sendPlatformDetails: Can't send CBT info, as driver or test is not found
11:05:31.437 [pool-4-thread-1] DEBUG c.browserstack.utils.RequestBatcher - Time Since Last Batch Processed 2005

11:05:31.438 [pool-5-thread-1] DEBUG c.browserstack.utils.RequestBatcher - Processing Batch 6

11:05:31.439 [pool-5-thread-1] DEBUG c.browserstack.testOps.RequestUtils - [requestToTestOps] Sending Observability request: POST api/v1/batch with request size 18622
11:05:31.440 [pool-5-thread-1] DEBUG c.browserstack.testOps.RequestUtils - [makeRequest] Sending request: POST https://collector-observability.browserstack.com/api/v1/batch with request size 18622
11:05:31.661 [pool-5-thread-1] DEBUG c.browserstack.testOps.RequestUtils - [makeRequest]: Response code: 200
11:05:31.661 [pool-5-thread-1] DEBUG c.browserstack.testOps.RequestUtils - requestToTestOps: Response code: 200
11:05:31.662 [pool-5-thread-1] DEBUG c.browserstack.utils.LogReportingAPI - 
[2024-11-05T07:05:31.661493900Z][ TESTHUB ] Batch event successfull!

11:05:32.912 [teardown@0] DEBUG c.b.testNgListeners.TestNGUtils - [populateTestDataForBSTestOps] Event Type :: HookRunFinished, Method ClassName :: MargoExpress.Mobile.BaseTest 
11:05:32.912 [teardown@0] DEBUG c.browserstack.utils.UtilityMethods - [findFileMatcher] Current Path is :: C:\Users\xps\eclipse-workspace\Mobile, TestClass :: MargoExpress\Mobile\BaseTest
11:05:32.969 [teardown@0] DEBUG c.b.testNgListeners.TestNGUtils - [populateTestDataForBSTestOps] The filename fetched :: C:\Users\xps\eclipse-workspace\Mobile\src\test\java\MargoExpress\Mobile\BaseTest.java, fileSeparator :: \, AbsolutePath :: C:\Users\xps\eclipse-workspace\Mobile\., Normalized Path :: C:\Users\xps\eclipse-workspace\Mobile, File.Separator :: \
11:05:32.969 [teardown@0] DEBUG c.b.testNgListeners.TestNGUtils - [populateTestDataForBSTestOps] Replaced File Name is :: Mobile\src\test\java\MargoExpress\Mobile\BaseTest.java, Absolute Path :: C:\Users\xps\eclipse-workspace\Mobile\.., Normalized Path :: C:\Users\xps\eclipse-workspace 
11:05:32.970 [teardown@0] DEBUG com.browserstack.testOps.Listener - [ TESTHUB ] Processing Request Kind HookRunFinished
11:05:32.972 [teardown@0] DEBUG c.b.utils.FunnelInstrumentation - Unable to parse data from processes. Exception: Unexpected token END OF FILE at position 0.
	at browserstack.shaded.org.json.simple.parser.JSONParser.parse(Unknown Source)
	at browserstack.shaded.org.json.simple.parser.JSONParser.parse(Unknown Source)
	at browserstack.shaded.org.json.simple.parser.JSONParser.parse(Unknown Source)
	at com.browserstack.utils.FunnelInstrumentation.getFormattedDataFromProcesses(Unknown Source)
	at com.browserstack.utils.FunnelInstrumentation.createParamsForEvent(Unknown Source)
	at com.browserstack.utils.FunnelInstrumentation.sendSDKEvent(Unknown Source)
	at com.browserstack.testNgListeners.TmpSuiteListener.onFinish(Unknown Source)
	at org.testng.TestRunner.fireEvent(TestRunner.java:873)
	at org.testng.TestRunner.afterRun(TestRunner.java:828)
	at org.testng.TestRunner.run(TestRunner.java:616)
	at org.testng.SuiteRunner.runTest(SuiteRunner.java:421)
	at org.testng.SuiteRunner$SuiteWorker.run(SuiteRunner.java:463)
	at org.testng.internal.thread.ThreadUtil.lambda$execute$0(ThreadUtil.java:64)
	at java.base/java.util.concurrent.FutureTask.run(FutureTask.java:317)
	at java.base/java.util.concurrent.ThreadPoolExecutor.runWorker(ThreadPoolExecutor.java:1144)
	at java.base/java.util.concurrent.ThreadPoolExecutor$Worker.run(ThreadPoolExecutor.java:642)
	at java.base/java.lang.Thread.run(Thread.java:1583)

11:05:32.972 [teardown@0] DEBUG com.browserstack.testOps.UsageStats - getFormattedData: Collecting data for TestObservability
11:05:32.972 [teardown@0] DEBUG com.browserstack.testOps.UsageStats - getEventStats: Getting event data for TestObservability
11:05:32.972 [teardown@0] DEBUG com.browserstack.testOps.UsageStats - [OBSERVABILITY] Failed to parse data from workers
11:05:32.979 [teardown@0] DEBUG c.b.utils.FunnelInstrumentation - Sending funnel data for SDKTestSuccessful with data: {"event_type":"SDKTestSuccessful","accessKey":"1XSLBqNLYzWiPhqyqy9L","userName":"roshinsurendran_Sh2ZAM","event_properties":{"isPercyAutoEnabled":false,"language":"java","sdkRunId":"89547b68-2ddf-4c1e-9170-26bdcb3eb8b2","buildIdentifier":"#2","error":"[{\"tests\":{\"MargoExpress.Mobile.Ecommerce_Tc_4_Hybrid-verifyProductsAddedinCart\":\"Unknown mobile command \\\"longClickGesture\\\". Only shell,scrollBackTo,viewportScreenshot,deepLink,startLogsBroadcast,stopLogsBroadcast,acceptAlert,dismissAlert,batteryInfo,deviceInfo,changePermissions,getPermissions,performEditorAction,startScreenStreaming,stopScreenStreaming,getNotifications,listSms,type commands are supported. Build info: version: '4.26.0', revision: '8ccf0219d7' System info: os.name: 'Windows 11', os.arch: 'amd64', os.version: '10.0', java.version: '21.0.3' Driver info: io.appium.java_client.android.AndroidDriver Command: [5a6fba29f9579b278930c3482d069ae94668bf0c, executeScript {script=mobile: longClickGesture, args=[{elementId=5de332a8-3a9e-46e9-91cb-bf4642c2fa2d, duration=2000}]}] Capabilities {appium:appActivity: com.androidsample.generalst..., appium:appPackage: com.androidsample.generalstore, appium:automationName: uiautomator2, appium:bundleID: com.androidsample.generalstore, appium:bundleId: com.androidsample.generalstore, appium:chromedriverPort: 18086, appium:chromedriverPorts: [[18166, 18176]], appium:databaseEnabled: false, appium:desired: {appActivity: com.androidsample.generalst..., appPackage: com.androidsample.generalstore, automationName: uiautomator2, bstack:options: {buildIdentifier: #2, hostName: Roshin, localIdentifier: 05_Nov_114_Roshin_zJ5c}, bundleID: com.androidsample.generalstore, bundleId: com.androidsample.generalstore, chromedriverPort: 18086, chromedriverPorts: [[18166, 18176]], deviceName: pixel 8 pro emulator, disableSuppressAccessibilityService: true, goog:chromeOptions: {}, nativeWebScreenshot: true, newCommandTimeout: 0, platformName: Android, skipServerInstallation: true, systemPort: 8206, udid: R5CT30ZSWWM}, appium:deviceApiLevel: 31, appium:deviceManufacturer: samsung, appium:deviceModel: SM-S908E, appium:deviceName: R5CT30ZSWWM, appium:deviceScreenDensity: 450, appium:deviceScreenSize: 1080x2316, appium:deviceUDID: R5CT30ZSWWM, appium:disableSuppressAccessibilityService: true, appium:javascriptEnabled: true, appium:locationContextEnabled: false, appium:nativeWebScreenshot: true, appium:networkConnectionEnabled: true, appium:newCommandTimeout: 0, appium:optimalHubUrl: hub-aps.browserstack.com, appium:pixelRatio: 2.8125, appium:platformVersion: 12, appium:skipServerInstallation: true, appium:statBarHeight: 75, appium:systemPort: 8206, appium:takesScreenshot: true, appium:udid: R5CT30ZSWWM, appium:viewportRect: {height: 2031, left: 0, top: 75, width: 1080}, appium:warnings: {}, appium:webStorageEnabled: false, bstack:options: {buildIdentifier: #2, hostName: Roshin, localIdentifier: 05_Nov_114_Roshin_zJ5c}, goog:chromeOptions: {}, platformName: ANDROID} Session ID: 5a6fba29f9579b278930c3482d069ae94668bf0c\"},\"platformVersion\":\"12.0\",\"deviceName\":\"Samsung Galaxy S22 Ultra\"},{\"tests\":{\"MargoExpress.Mobile.Ecommerce_Tc_4_Hybrid-verifyProductsAddedinCart\":\"Unknown mobile command \\\"longClickGesture\\\". Only shell,scrollBackTo,viewportScreenshot,deepLink,startLogsBroadcast,stopLogsBroadcast,acceptAlert,dismissAlert,batteryInfo,deviceInfo,changePermissions,getPermissions,performEditorAction,startScreenStreaming,stopScreenStreaming,getNotifications,listSms,type commands are supported. Build info: version: '4.26.0', revision: '8ccf0219d7' System info: os.name: 'Windows 11', os.arch: 'amd64', os.version: '10.0', java.version: '21.0.3' Driver info: io.appium.java_client.android.AndroidDriver Command: [1a8bcf1aadce64519f9e1b4baece5c6ef8328d99, executeScript {script=mobile: longClickGesture, args=[{elementId=cb8fd4e0-7425-4207-80cd-6620871b5e6c, duration=2000}]}] Capabilities {appium:appActivity: com.androidsample.generalst..., appium:appPackage: com.androidsample.generalstore, appium:automationName: uiautomator2, appium:bundleID: com.androidsample.generalstore, appium:bundleId: com.androidsample.generalstore, appium:chromedriverPort: 18083, appium:chromedriverPorts: [[18133, 18143]], appium:databaseEnabled: false, appium:desired: {appActivity: com.androidsample.generalst..., appPackage: com.androidsample.generalstore, automationName: uiautomator2, bstack:options: {buildIdentifier: #2, hostName: Roshin, localIdentifier: 05_Nov_114_Roshin_zJ5c}, bundleID: com.androidsample.generalstore, bundleId: com.androidsample.generalstore, chromedriverPort: 18083, chromedriverPorts: [[18133, 18143]], deviceName: pixel 8 pro emulator, disableSuppressAccessibilityService: true, goog:chromeOptions: {}, nativeWebScreenshot: true, newCommandTimeout: 0, platformName: Android, skipServerInstallation: true, systemPort: 8203, udid: R5CRC1WYG5Y}, appium:deviceApiLevel: 30, appium:deviceManufacturer: samsung, appium:deviceModel: SM-G991B, appium:deviceName: R5CRC1WYG5Y, appium:deviceScreenDensity: 480, appium:deviceScreenSize: 1080x2400, appium:deviceUDID: R5CRC1WYG5Y, appium:disableSuppressAccessibilityService: true, appium:javascriptEnabled: true, appium:locationContextEnabled: false, appium:nativeWebScreenshot: true, appium:networkConnectionEnabled: true, appium:newCommandTimeout: 0, appium:optimalHubUrl: hub-aps.browserstack.com, appium:pixelRatio: 3, appium:platformVersion: 11, appium:skipServerInstallation: true, appium:statBarHeight: 79, appium:systemPort: 8203, appium:takesScreenshot: true, appium:udid: R5CRC1WYG5Y, appium:viewportRect: {height: 2097, left: 0, top: 79, width: 1080}, appium:warnings: {}, appium:webStorageEnabled: false, bstack:options: {buildIdentifier: #2, hostName: Roshin, localIdentifier: 05_Nov_114_Roshin_zJ5c}, goog:chromeOptions: {}, platformName: ANDROID} Session ID: 1a8bcf1aadce64519f9e1b4baece5c6ef8328d99\"},\"platformVersion\":\"11.0\",\"deviceName\":\"Samsung Galaxy S21\"},{\"tests\":{\"MargoExpress.Mobile.Ecommerce_Tc_4_Hybrid-verifyProductsAddedinCart\":\"Unknown mobile command \\\"longClickGesture\\\". Only shell,scrollBackTo,viewportScreenshot,deepLink,startLogsBroadcast,stopLogsBroadcast,acceptAlert,dismissAlert,batteryInfo,deviceInfo,changePermissions,getPermissions,performEditorAction,startScreenStreaming,stopScreenStreaming,getNotifications,listSms,type commands are supported. Build info: version: '4.26.0', revision: '8ccf0219d7' System info: os.name: 'Windows 11', os.arch: 'amd64', os.version: '10.0', java.version: '21.0.3' Driver info: io.appium.java_client.android.AndroidDriver Command: [8c62dbc3c39a8c872752c3bd4fa8f9649657b116, executeScript {script=mobile: longClickGesture, args=[{elementId=9e91fb72-84f2-45fe-83f8-68e77a993c7c, duration=2000}]}] Capabilities {appium:appActivity: com.androidsample.generalst..., appium:appPackage: com.androidsample.generalstore, appium:automationName: uiautomator2, appium:bundleID: com.androidsample.generalstore, appium:bundleId: com.androidsample.generalstore, appium:chromedriverPort: 18081, appium:chromedriverPorts: [[18111, 18121]], appium:databaseEnabled: false, appium:desired: {appActivity: com.androidsample.generalst..., appPackage: com.androidsample.generalstore, automationName: uiautomator2, bstack:options: {buildIdentifier: #2, hostName: Roshin, localIdentifier: 05_Nov_114_Roshin_zJ5c}, bundleID: com.androidsample.generalstore, bundleId: com.androidsample.generalstore, chromedriverPort: 18081, chromedriverPorts: [[18111, 18121]], deviceName: pixel 8 pro emulator, disableSuppressAccessibilityService: true, goog:chromeOptions: {}, nativeWebScreenshot: true, newCommandTimeout: 0, platformName: Android, skipServerInstallation: true, systemPort: 8201, udid: 23091FDEE006ZG}, appium:deviceApiLevel: 31, appium:deviceManufacturer: Google, appium:deviceModel: Pixel 6 Pro, appium:deviceName: 23091FDEE006ZG, appium:deviceScreenDensity: 560, appium:deviceScreenSize: 1440x3120, appium:deviceUDID: 23091FDEE006ZG, appium:disableSuppressAccessibilityService: true, appium:javascriptEnabled: true, appium:locationContextEnabled: false, appium:nativeWebScreenshot: true, appium:networkConnectionEnabled: true, appium:newCommandTimeout: 0, appium:optimalHubUrl: hub-aps.browserstack.com, appium:pixelRatio: 3.5, appium:platformVersion: 12, appium:skipServerInstallation: true, appium:statBarHeight: 145, appium:systemPort: 8201, appium:takesScreenshot: true, appium:udid: 23091FDEE006ZG, appium:viewportRect: {height: 2789, left: 0, top: 145, width: 1440}, appium:warnings: {}, appium:webStorageEnabled: false, bstack:options: {buildIdentifier: #2, hostName: Roshin, localIdentifier: 05_Nov_114_Roshin_zJ5c}, goog:chromeOptions: {}, platformName: ANDROID} Session ID: 8c62dbc3c39a8c872752c3bd4fa8f9649657b116\"},\"platformVersion\":\"12.0\",\"deviceName\":\"Google Pixel 6 Pro\"}]","testhub_uuid":"ucocfaaonr3ttqmlyvtbozkv7hvkwryna4ihzdhf","detectedAppiumVersion":"null","productMap":{"app_automate":true,"accessibility":false,"automate":false,"percy":false,"observability":true,"turboscale":false},"hostname":"Roshin","measures":{"percy:start":662,"local:start":5821,"sdk:setup":13189},"productUsage":{"testObservability":{"buildHashedId":"ucocfaaonr3ttqmlyvtbozkv7hvkwryna4ihzdhf","manuallySet":false,"enabled":true,"events":{"hookEvents":{"started":{"errors":[],"failedCount":0,"sentCount":6,"triggeredCount":6},"finished":{"triggeredCount":6,"failedCount":0,"errors":[],"sentCount":5},"passed":{"errors":[],"failedCount":0,"sentCount":5,"triggeredCount":6}},"logEvents":{"errors":[],"failedCount":0,"sentCount":163,"triggeredCount":162,"log":{"errors":[],"failedCount":0,"sentCount":163,"triggeredCount":162}},"testEvents":{"started":{"errors":[],"failedCount":0,"sentCount":9,"triggeredCount":9},"finished":{"triggeredCount":9,"failedCount":0,"errors":[],"sentCount":9},"failed":{"errors":[],"failedCount":0,"sentCount":3,"triggeredCount":3},"passed":{"errors":[],"failedCount":0,"sentCount":6,"triggeredCount":6}},"batchEvents":{"triggeredCount":7,"failedCount":0,"errors":[],"sentCount":7},"cbtSessionEvents":{"errors":[],"failedCount":0,"sentCount":0,"triggeredCount":0},"buildEvents":{"started":{"error":null,"triggered":true,"status":"success"},"finished":{"error":null,"triggered":null,"status":null}}}}},"browserStackConfig":{"browserstackLocal":true,"percy":false,"logLevel":"info","staticWebDriver":true,"autoDetectFramework":true,"percyCaptureMode":"MANUAL","browserStackLocalOptions":{"localIdentifier":"05_Nov_114_Roshin_zJ5c","key":"****"},"percyOptions":{},"testContextOptions":{"skipSessionName":false,"skipSessionStatus":false,"serenityOverridePlugin":false},"platforms":[{"os":null,"browser":null,"device":"Samsung Galaxy S22 Ultra","capabilities":{"platformVersion":12.0,"platformName":"android","deviceName":"Samsung Galaxy S22 Ultra"},"browserVersion":null,"osVersion":null,"platformCaps":{"platformVersion":12.0,"platformName":"android","deviceName":"Samsung Galaxy S22 Ultra"},"platformString":"Samsung Galaxy S22 Ultra, 12.0","customVariables":"****"},{"os":null,"browser":null,"device":"Samsung Galaxy S21","capabilities":{"platformVersion":11.0,"platformName":"android","deviceName":"Samsung Galaxy S21"},"browserVersion":null,"osVersion":null,"platformCaps":{"platformVersion":11.0,"platformName":"android","deviceName":"Samsung Galaxy S21"},"platformString":"Samsung Galaxy S21, 11.0","customVariables":"****"},{"os":null,"browser":null,"device":"Google Pixel 6 Pro","capabilities":{"platformVersion":12.0,"platformName":"android","deviceName":"Google Pixel 6 Pro"},"browserVersion":null,"osVersion":null,"platformCaps":{"platformVersion":12.0,"platformName":"android","deviceName":"Google Pixel 6 Pro"},"platformString":"Google Pixel 6 Pro, 12.0","customVariables":"****"}],"parallelsPerPlatform":1,"framework":"testng","accessibility":false,"accessibilityOptions":{},"turboScaleOptions":{},"disableAutoCaptureLogs":true,"testObservability":true,"browserstackAutomation":true,"turboScale":false,"testObservabilityOptions":{},"gradleMConfig":null,"proxySettings":null},"percyBuildId":null,"product":"[app-automate, observability]","buildName":"browserstack build","os":"Windows 11","languageVersion":"21.0.3","appiumVersion":"9.3.0","frameworkDetectionInstrumentation":{"parseLoadClass":11,"ret-org.openqa.selenium.remote.RemoteWebDriver":358,"retransformClasses":358,"parseDependencies":20},"userFramework":"testng","detectedDependencies":"testng","referrer":"testng-javaagent\/1.26.4","locationTrigger":"onFinish","language_framework":"java_testng","detectedFramework":"testng","testOrchestration":{"abortBuildOnFailure":{"enabled":false},"retryTestsOnFailure":{"enabled":false},"userConfig":{}},"detectedSeleniumVersion":"4.26.0","seleniumVersion":"4.26.0"}}
11:05:33.584 [teardown@0] DEBUG c.b.utils.FunnelInstrumentation - API Event SDKTestSuccessful response - {"message":"SDK Event recorded successfully"}
11:05:33.585 [teardown@0] DEBUG c.browserstack.utils.LogReportingAPI - sendSync failed - driver not alive
11:05:33.586 [teardown@0] DEBUG com.browserstack.testOps.Listener - [ TESTHUB ] Processing Request Kind LogCreated
11:05:33.586 [teardown@0] DEBUG com.browserstack.testOps.Listener - [ TESTHUB ] Processing Request Kind LogCreated
11:05:33.587 [teardown@0] DEBUG com.browserstack.testOps.Listener - [ TESTHUB ] Processing Request Kind LogCreated
11:05:33.587 [teardown@0] DEBUG com.browserstack.testOps.Listener - [ TESTHUB ] Processing Request Kind LogCreated
11:05:33.602 [main] DEBUG com.browserstack.testOps.Listener - [ TESTHUB ] Processing Request Kind LogCreated
11:05:33.642 [main] DEBUG com.browserstack.testOps.Listener - [ TESTHUB ] Processing Request Kind LogCreated
11:05:33.643 [main] DEBUG com.browserstack.testOps.Listener - [ TESTHUB ] Processing Request Kind LogCreated
11:05:33.644 [main] DEBUG com.browserstack.testOps.Listener - [ TESTHUB ] Processing Request Kind LogCreated
11:05:33.644 [main] DEBUG com.browserstack.testOps.Listener - [ TESTHUB ] Processing Request Kind LogCreated
11:05:33.644 [main] DEBUG com.browserstack.testOps.Listener - [ TESTHUB ] Processing Request Kind LogCreated
11:05:33.644 [main] DEBUG com.browserstack.testOps.Listener - [ TESTHUB ] Processing Request Kind LogCreated
11:05:33.644 [main] DEBUG com.browserstack.testOps.Listener - [ TESTHUB ] Processing Request Kind LogCreated
11:05:33.646 [main] DEBUG com.browserstack.testOps.Listener - [ TESTHUB ] Processing Request Kind LogCreated
11:05:33.649 [main] DEBUG com.browserstack.testOps.Listener - [ TESTHUB ] Processing Request Kind LogCreated
11:05:33.650 [main] DEBUG com.browserstack.testOps.Listener - [ TESTHUB ] Processing Request Kind LogCreated
11:05:33.650 [main] DEBUG com.browserstack.testOps.Listener - [ TESTHUB ] Processing Request Kind LogCreated
11:05:33.650 [main] DEBUG com.browserstack.testOps.Listener - [ TESTHUB ] Processing Request Kind LogCreated
11:05:33.650 [main] DEBUG com.browserstack.testOps.Listener - [ TESTHUB ] Processing Request Kind LogCreated
11:05:33.650 [main] DEBUG com.browserstack.testOps.Listener - [ TESTHUB ] Processing Request Kind LogCreated
11:05:33.650 [main] DEBUG com.browserstack.testOps.Listener - [ TESTHUB ] Processing Request Kind LogCreated
11:05:33.651 [main] DEBUG com.browserstack.testOps.Listener - [ TESTHUB ] Processing Request Kind LogCreated
11:05:33.651 [main] DEBUG com.browserstack.testOps.Listener - [ TESTHUB ] Processing Request Kind LogCreated
11:05:33.651 [main] DEBUG com.browserstack.testOps.Listener - [ TESTHUB ] Processing Request Kind LogCreated
11:05:33.651 [main] DEBUG com.browserstack.testOps.Listener - [ TESTHUB ] Processing Request Kind LogCreated
11:05:33.652 [main] DEBUG com.browserstack.testOps.Listener - [ TESTHUB ] Processing Request Kind LogCreated
11:05:33.652 [main] DEBUG com.browserstack.testOps.Listener - [ TESTHUB ] Processing Request Kind LogCreated
11:05:33.653 [main] DEBUG com.browserstack.testOps.Listener - [ TESTHUB ] Processing Request Kind LogCreated
11:05:33.658 [main] DEBUG com.browserstack.testOps.Listener - [ TESTHUB ] Processing Request Kind LogCreated
11:05:33.668 [main] DEBUG com.browserstack.testOps.Listener - [ TESTHUB ] Processing Request Kind LogCreated
11:05:33.674 [main] DEBUG com.browserstack.testOps.Listener - [ TESTHUB ] Processing Request Kind LogCreated
11:05:33.685 [main] DEBUG com.browserstack.testOps.Listener - [ TESTHUB ] Processing Request Kind LogCreated
11:05:33.686 [main] DEBUG com.browserstack.testOps.Listener - [ TESTHUB ] Processing Request Kind LogCreated
11:05:33.686 [Thread-0] DEBUG c.browserstack.BrowserStackJavaAgent - Starting final execution
11:05:33.687 [Thread-0] DEBUG c.b.u.ObservabilityUtilityMethods - Processing batch requests with type: Global
11:05:33.687 [Thread-0] DEBUG c.browserstack.utils.LogReportingAPI - [2024-11-05T07:05:33.687300Z][ OBSERVABILITY ] Processing stop observability
11:05:33.687 [pool-5-thread-1] DEBUG c.browserstack.utils.RequestBatcher - Processing Batch 33

11:05:33.688 [pool-5-thread-1] DEBUG c.browserstack.testOps.RequestUtils - [requestToTestOps] Sending Observability request: POST api/v1/batch with request size 14504
11:05:33.688 [pool-5-thread-1] DEBUG c.browserstack.testOps.RequestUtils - [makeRequest] Sending request: POST https://collector-observability.browserstack.com/api/v1/batch with request size 14504
11:05:33.908 [pool-5-thread-1] DEBUG c.browserstack.testOps.RequestUtils - [makeRequest]: Response code: 200
11:05:33.908 [pool-5-thread-1] DEBUG c.browserstack.testOps.RequestUtils - requestToTestOps: Response code: 200
11:05:33.909 [pool-5-thread-1] DEBUG c.browserstack.utils.LogReportingAPI - 
[2024-11-05T07:05:33.909685Z][ TESTHUB ] Batch event successfull!

11:05:33.909 [Thread-0] DEBUG c.browserstack.testOps.RequestUtils - [ TESTHUB ] Processing Request Kind stopBuildUpstream
11:05:33.909 [Thread-0] DEBUG c.browserstack.testOps.RequestUtils - [requestToTestOps] Sending Observability request: PUT api/v1/builds/ucocfaaonr3ttqmlyvtbozkv7hvkwryna4ihzdhf/stop with request size 65
11:05:33.910 [Thread-0] DEBUG c.browserstack.testOps.RequestUtils - [makeRequest] Sending request: PUT https://collector-observability.browserstack.com/api/v1/builds/ucocfaaonr3ttqmlyvtbozkv7hvkwryna4ihzdhf/stop with request size 65
11:05:34.128 [Thread-0] DEBUG c.browserstack.testOps.RequestUtils - [makeRequest]: Response code: 200
11:05:34.129 [Thread-0] DEBUG c.browserstack.testOps.RequestUtils - requestToTestOps: Response code: 200
11:05:34.129 [Thread-0] DEBUG com.browserstack.testOps.Listener - Testhub stop response: 
11:05:36.186 [Thread-0] DEBUG c.b.utils.FunnelInstrumentation - Unable to parse data from processes. Exception: Unexpected token END OF FILE at position 0.
	at browserstack.shaded.org.json.simple.parser.JSONParser.parse(Unknown Source)
	at browserstack.shaded.org.json.simple.parser.JSONParser.parse(Unknown Source)
	at browserstack.shaded.org.json.simple.parser.JSONParser.parse(Unknown Source)
	at com.browserstack.utils.FunnelInstrumentation.getFormattedDataFromProcesses(Unknown Source)
	at com.browserstack.utils.FunnelInstrumentation.createParamsForEvent(Unknown Source)
	at com.browserstack.utils.FunnelInstrumentation.sendSDKEvent(Unknown Source)
	at com.browserstack.BrowserStackJavaAgent$FinalExecution.run(Unknown Source)

11:05:36.186 [Thread-0] DEBUG com.browserstack.testOps.UsageStats - getFormattedData: Collecting data for TestObservability
11:05:36.186 [Thread-0] DEBUG com.browserstack.testOps.UsageStats - getEventStats: Getting event data for TestObservability
11:05:36.186 [Thread-0] DEBUG com.browserstack.testOps.UsageStats - [OBSERVABILITY] Failed to parse data from workers
11:05:36.192 [Thread-0] DEBUG c.b.utils.FunnelInstrumentation - Sending funnel data for SDKTestSuccessful with data: {"event_type":"SDKTestSuccessful","accessKey":"1XSLBqNLYzWiPhqyqy9L","userName":"roshinsurendran_Sh2ZAM","event_properties":{"isPercyAutoEnabled":false,"language":"java","sdkRunId":"89547b68-2ddf-4c1e-9170-26bdcb3eb8b2","buildIdentifier":"#2","error":"[{\"tests\":{\"MargoExpress.Mobile.Ecommerce_Tc_4_Hybrid-verifyProductsAddedinCart\":\"Unknown mobile command \\\"longClickGesture\\\". Only shell,scrollBackTo,viewportScreenshot,deepLink,startLogsBroadcast,stopLogsBroadcast,acceptAlert,dismissAlert,batteryInfo,deviceInfo,changePermissions,getPermissions,performEditorAction,startScreenStreaming,stopScreenStreaming,getNotifications,listSms,type commands are supported. Build info: version: '4.26.0', revision: '8ccf0219d7' System info: os.name: 'Windows 11', os.arch: 'amd64', os.version: '10.0', java.version: '21.0.3' Driver info: io.appium.java_client.android.AndroidDriver Command: [5a6fba29f9579b278930c3482d069ae94668bf0c, executeScript {script=mobile: longClickGesture, args=[{elementId=5de332a8-3a9e-46e9-91cb-bf4642c2fa2d, duration=2000}]}] Capabilities {appium:appActivity: com.androidsample.generalst..., appium:appPackage: com.androidsample.generalstore, appium:automationName: uiautomator2, appium:bundleID: com.androidsample.generalstore, appium:bundleId: com.androidsample.generalstore, appium:chromedriverPort: 18086, appium:chromedriverPorts: [[18166, 18176]], appium:databaseEnabled: false, appium:desired: {appActivity: com.androidsample.generalst..., appPackage: com.androidsample.generalstore, automationName: uiautomator2, bstack:options: {buildIdentifier: #2, hostName: Roshin, localIdentifier: 05_Nov_114_Roshin_zJ5c}, bundleID: com.androidsample.generalstore, bundleId: com.androidsample.generalstore, chromedriverPort: 18086, chromedriverPorts: [[18166, 18176]], deviceName: pixel 8 pro emulator, disableSuppressAccessibilityService: true, goog:chromeOptions: {}, nativeWebScreenshot: true, newCommandTimeout: 0, platformName: Android, skipServerInstallation: true, systemPort: 8206, udid: R5CT30ZSWWM}, appium:deviceApiLevel: 31, appium:deviceManufacturer: samsung, appium:deviceModel: SM-S908E, appium:deviceName: R5CT30ZSWWM, appium:deviceScreenDensity: 450, appium:deviceScreenSize: 1080x2316, appium:deviceUDID: R5CT30ZSWWM, appium:disableSuppressAccessibilityService: true, appium:javascriptEnabled: true, appium:locationContextEnabled: false, appium:nativeWebScreenshot: true, appium:networkConnectionEnabled: true, appium:newCommandTimeout: 0, appium:optimalHubUrl: hub-aps.browserstack.com, appium:pixelRatio: 2.8125, appium:platformVersion: 12, appium:skipServerInstallation: true, appium:statBarHeight: 75, appium:systemPort: 8206, appium:takesScreenshot: true, appium:udid: R5CT30ZSWWM, appium:viewportRect: {height: 2031, left: 0, top: 75, width: 1080}, appium:warnings: {}, appium:webStorageEnabled: false, bstack:options: {buildIdentifier: #2, hostName: Roshin, localIdentifier: 05_Nov_114_Roshin_zJ5c}, goog:chromeOptions: {}, platformName: ANDROID} Session ID: 5a6fba29f9579b278930c3482d069ae94668bf0c\"},\"platformVersion\":\"12.0\",\"deviceName\":\"Samsung Galaxy S22 Ultra\"},{\"tests\":{\"MargoExpress.Mobile.Ecommerce_Tc_4_Hybrid-verifyProductsAddedinCart\":\"Unknown mobile command \\\"longClickGesture\\\". Only shell,scrollBackTo,viewportScreenshot,deepLink,startLogsBroadcast,stopLogsBroadcast,acceptAlert,dismissAlert,batteryInfo,deviceInfo,changePermissions,getPermissions,performEditorAction,startScreenStreaming,stopScreenStreaming,getNotifications,listSms,type commands are supported. Build info: version: '4.26.0', revision: '8ccf0219d7' System info: os.name: 'Windows 11', os.arch: 'amd64', os.version: '10.0', java.version: '21.0.3' Driver info: io.appium.java_client.android.AndroidDriver Command: [1a8bcf1aadce64519f9e1b4baece5c6ef8328d99, executeScript {script=mobile: longClickGesture, args=[{elementId=cb8fd4e0-7425-4207-80cd-6620871b5e6c, duration=2000}]}] Capabilities {appium:appActivity: com.androidsample.generalst..., appium:appPackage: com.androidsample.generalstore, appium:automationName: uiautomator2, appium:bundleID: com.androidsample.generalstore, appium:bundleId: com.androidsample.generalstore, appium:chromedriverPort: 18083, appium:chromedriverPorts: [[18133, 18143]], appium:databaseEnabled: false, appium:desired: {appActivity: com.androidsample.generalst..., appPackage: com.androidsample.generalstore, automationName: uiautomator2, bstack:options: {buildIdentifier: #2, hostName: Roshin, localIdentifier: 05_Nov_114_Roshin_zJ5c}, bundleID: com.androidsample.generalstore, bundleId: com.androidsample.generalstore, chromedriverPort: 18083, chromedriverPorts: [[18133, 18143]], deviceName: pixel 8 pro emulator, disableSuppressAccessibilityService: true, goog:chromeOptions: {}, nativeWebScreenshot: true, newCommandTimeout: 0, platformName: Android, skipServerInstallation: true, systemPort: 8203, udid: R5CRC1WYG5Y}, appium:deviceApiLevel: 30, appium:deviceManufacturer: samsung, appium:deviceModel: SM-G991B, appium:deviceName: R5CRC1WYG5Y, appium:deviceScreenDensity: 480, appium:deviceScreenSize: 1080x2400, appium:deviceUDID: R5CRC1WYG5Y, appium:disableSuppressAccessibilityService: true, appium:javascriptEnabled: true, appium:locationContextEnabled: false, appium:nativeWebScreenshot: true, appium:networkConnectionEnabled: true, appium:newCommandTimeout: 0, appium:optimalHubUrl: hub-aps.browserstack.com, appium:pixelRatio: 3, appium:platformVersion: 11, appium:skipServerInstallation: true, appium:statBarHeight: 79, appium:systemPort: 8203, appium:takesScreenshot: true, appium:udid: R5CRC1WYG5Y, appium:viewportRect: {height: 2097, left: 0, top: 79, width: 1080}, appium:warnings: {}, appium:webStorageEnabled: false, bstack:options: {buildIdentifier: #2, hostName: Roshin, localIdentifier: 05_Nov_114_Roshin_zJ5c}, goog:chromeOptions: {}, platformName: ANDROID} Session ID: 1a8bcf1aadce64519f9e1b4baece5c6ef8328d99\"},\"platformVersion\":\"11.0\",\"deviceName\":\"Samsung Galaxy S21\"},{\"tests\":{\"MargoExpress.Mobile.Ecommerce_Tc_4_Hybrid-verifyProductsAddedinCart\":\"Unknown mobile command \\\"longClickGesture\\\". Only shell,scrollBackTo,viewportScreenshot,deepLink,startLogsBroadcast,stopLogsBroadcast,acceptAlert,dismissAlert,batteryInfo,deviceInfo,changePermissions,getPermissions,performEditorAction,startScreenStreaming,stopScreenStreaming,getNotifications,listSms,type commands are supported. Build info: version: '4.26.0', revision: '8ccf0219d7' System info: os.name: 'Windows 11', os.arch: 'amd64', os.version: '10.0', java.version: '21.0.3' Driver info: io.appium.java_client.android.AndroidDriver Command: [8c62dbc3c39a8c872752c3bd4fa8f9649657b116, executeScript {script=mobile: longClickGesture, args=[{elementId=9e91fb72-84f2-45fe-83f8-68e77a993c7c, duration=2000}]}] Capabilities {appium:appActivity: com.androidsample.generalst..., appium:appPackage: com.androidsample.generalstore, appium:automationName: uiautomator2, appium:bundleID: com.androidsample.generalstore, appium:bundleId: com.androidsample.generalstore, appium:chromedriverPort: 18081, appium:chromedriverPorts: [[18111, 18121]], appium:databaseEnabled: false, appium:desired: {appActivity: com.androidsample.generalst..., appPackage: com.androidsample.generalstore, automationName: uiautomator2, bstack:options: {buildIdentifier: #2, hostName: Roshin, localIdentifier: 05_Nov_114_Roshin_zJ5c}, bundleID: com.androidsample.generalstore, bundleId: com.androidsample.generalstore, chromedriverPort: 18081, chromedriverPorts: [[18111, 18121]], deviceName: pixel 8 pro emulator, disableSuppressAccessibilityService: true, goog:chromeOptions: {}, nativeWebScreenshot: true, newCommandTimeout: 0, platformName: Android, skipServerInstallation: true, systemPort: 8201, udid: 23091FDEE006ZG}, appium:deviceApiLevel: 31, appium:deviceManufacturer: Google, appium:deviceModel: Pixel 6 Pro, appium:deviceName: 23091FDEE006ZG, appium:deviceScreenDensity: 560, appium:deviceScreenSize: 1440x3120, appium:deviceUDID: 23091FDEE006ZG, appium:disableSuppressAccessibilityService: true, appium:javascriptEnabled: true, appium:locationContextEnabled: false, appium:nativeWebScreenshot: true, appium:networkConnectionEnabled: true, appium:newCommandTimeout: 0, appium:optimalHubUrl: hub-aps.browserstack.com, appium:pixelRatio: 3.5, appium:platformVersion: 12, appium:skipServerInstallation: true, appium:statBarHeight: 145, appium:systemPort: 8201, appium:takesScreenshot: true, appium:udid: 23091FDEE006ZG, appium:viewportRect: {height: 2789, left: 0, top: 145, width: 1440}, appium:warnings: {}, appium:webStorageEnabled: false, bstack:options: {buildIdentifier: #2, hostName: Roshin, localIdentifier: 05_Nov_114_Roshin_zJ5c}, goog:chromeOptions: {}, platformName: ANDROID} Session ID: 8c62dbc3c39a8c872752c3bd4fa8f9649657b116\"},\"platformVersion\":\"12.0\",\"deviceName\":\"Google Pixel 6 Pro\"}]","testhub_uuid":"ucocfaaonr3ttqmlyvtbozkv7hvkwryna4ihzdhf","detectedAppiumVersion":"null","productMap":{"app_automate":true,"accessibility":false,"automate":false,"percy":false,"observability":true,"turboscale":false},"hostname":"Roshin","measures":{"percy:start":662,"local:start":5821,"sdk:setup":13189,"percy:stop":0,"local:stop":2054},"productUsage":{"testObservability":{"buildHashedId":"ucocfaaonr3ttqmlyvtbozkv7hvkwryna4ihzdhf","manuallySet":false,"enabled":true,"events":{"hookEvents":{"started":{"errors":[],"failedCount":0,"sentCount":6,"triggeredCount":6},"finished":{"triggeredCount":6,"failedCount":0,"errors":[],"sentCount":6},"passed":{"errors":[],"failedCount":0,"sentCount":6,"triggeredCount":6}},"logEvents":{"errors":[],"failedCount":0,"sentCount":195,"triggeredCount":194,"log":{"errors":[],"failedCount":0,"sentCount":195,"triggeredCount":194}},"testEvents":{"started":{"errors":[],"failedCount":0,"sentCount":9,"triggeredCount":9},"finished":{"triggeredCount":9,"failedCount":0,"errors":[],"sentCount":9},"failed":{"errors":[],"failedCount":0,"sentCount":3,"triggeredCount":3},"passed":{"errors":[],"failedCount":0,"sentCount":6,"triggeredCount":6}},"batchEvents":{"triggeredCount":8,"failedCount":0,"errors":[],"sentCount":8},"cbtSessionEvents":{"errors":[],"failedCount":0,"sentCount":0,"triggeredCount":0},"buildEvents":{"started":{"error":null,"triggered":true,"status":"success"},"finished":{"error":null,"triggered":true,"status":"success"}}}}},"browserStackConfig":{"browserstackLocal":true,"percy":false,"logLevel":"info","staticWebDriver":true,"autoDetectFramework":true,"percyCaptureMode":"MANUAL","browserStackLocalOptions":{"localIdentifier":"05_Nov_114_Roshin_zJ5c","key":"****"},"percyOptions":{},"testContextOptions":{"skipSessionName":false,"skipSessionStatus":false,"serenityOverridePlugin":false},"platforms":[{"os":null,"browser":null,"device":"Samsung Galaxy S22 Ultra","capabilities":{"platformVersion":12.0,"platformName":"android","deviceName":"Samsung Galaxy S22 Ultra"},"browserVersion":null,"osVersion":null,"platformCaps":{"platformVersion":12.0,"platformName":"android","deviceName":"Samsung Galaxy S22 Ultra"},"platformString":"Samsung Galaxy S22 Ultra, 12.0","customVariables":"****"},{"os":null,"browser":null,"device":"Samsung Galaxy S21","capabilities":{"platformVersion":11.0,"platformName":"android","deviceName":"Samsung Galaxy S21"},"browserVersion":null,"osVersion":null,"platformCaps":{"platformVersion":11.0,"platformName":"android","deviceName":"Samsung Galaxy S21"},"platformString":"Samsung Galaxy S21, 11.0","customVariables":"****"},{"os":null,"browser":null,"device":"Google Pixel 6 Pro","capabilities":{"platformVersion":12.0,"platformName":"android","deviceName":"Google Pixel 6 Pro"},"browserVersion":null,"osVersion":null,"platformCaps":{"platformVersion":12.0,"platformName":"android","deviceName":"Google Pixel 6 Pro"},"platformString":"Google Pixel 6 Pro, 12.0","customVariables":"****"}],"parallelsPerPlatform":1,"framework":"testng","accessibility":false,"accessibilityOptions":{},"turboScaleOptions":{},"disableAutoCaptureLogs":true,"testObservability":true,"browserstackAutomation":true,"turboScale":false,"testObservabilityOptions":{},"gradleMConfig":null,"proxySettings":null},"percyBuildId":null,"product":"[app-automate, observability]","buildName":"browserstack build","os":"Windows 11","languageVersion":"21.0.3","appiumVersion":"9.3.0","frameworkDetectionInstrumentation":{"parseLoadClass":11,"ret-org.openqa.selenium.remote.RemoteWebDriver":358,"retransformClasses":358,"parseDependencies":20},"userFramework":"testng","detectedDependencies":"testng","referrer":"testng-javaagent\/1.26.4","locationTrigger":"BSTACK_BUILD_END","language_framework":"java_testng","detectedFramework":"testng","testOrchestration":{"abortBuildOnFailure":{"enabled":false},"retryTestsOnFailure":{"enabled":false},"userConfig":{}},"detectedSeleniumVersion":"4.26.0","seleniumVersion":"4.26.0"}}
11:05:36.802 [Thread-0] DEBUG c.b.utils.FunnelInstrumentation - API Event SDKTestSuccessful response - {"message":"SDK Event recorded successfully"}
11:05:38.177 [Thread-0] DEBUG c.browserstack.utils.UtilityMethods - Browserstack Gradle Config File does not exist.
11:05:38.852 [Thread-0] DEBUG c.browserstack.utils.UtilityMethods - Server side buildName(browserstack build  2) is not same as client side buildName(browserstack build #2)
11:07:29.728 [main] DEBUG c.b.config.BrowserStackConfig - Cli Config passed - {}
11:07:30.075 [main] DEBUG c.b.logger.BrowserstackLoggerFactory - Log Level set to TRACE for logger com.browserstack
11:07:30.075 [main] DEBUG c.b.logger.BrowserstackLoggerFactory - Log Level set to INFO for logger stdoutPrinter
11:07:30.132 [main] DEBUG c.b.utils.FrameworkDetectionUtils - Java command - org.testng.remote.RemoteTestNG -serport 57772 -protocol json -d C:\Users\xps\eclipse-workspace\Mobile\test-output C:\Users\xps\AppData\Local\Temp\testng-eclipse--1208028718\testng-customsuite.xml
11:07:30.132 [main] DEBUG c.b.utils.FrameworkDetectionUtils - testng suite xml path C:\Users\xps\AppData\Local\Temp\testng-eclipse--1208028718\testng-customsuite.xml
11:07:30.150 [main] DEBUG c.b.utils.FrameworkDetectionUtils - Test classes detected: MargoExpress.Mobile.Ecommerce_Tc_3
11:07:30.180 [main] DEBUG c.b.utils.FrameworkDetectionUtils - Runner: testng, Engine: none
11:07:30.200 [main] DEBUG c.b.utils.FrameworkDetectionUtils - Runner: testng, Engine: none from dependencies
11:07:30.201 [main] DEBUG c.b.utils.FrameworkDetectionUtils - Detected final framework as: testng
11:07:30.201 [main] DEBUG c.browserstack.BrowserStackJavaAgent - JavaAgent Version 1.26.4
11:07:30.205 [main] DEBUG c.b.utils.ExitSignalHandler - Registered handler for INT
11:07:30.205 [main] DEBUG c.b.utils.ExitSignalHandler - Registered handler for TERM
11:07:30.205 [main] DEBUG c.b.utils.ExitSignalHandler - Unable to attach signal handler for HUP Unknown signal: HUP
11:07:30.205 [main] DEBUG c.b.utils.ExitSignalHandler - Registered handler for ABRT
11:07:30.893 [Thread-1] DEBUG c.browserstack.utils.UtilityMethods - NEXT HUBS ARE: ["hub-aps.browserstack.com","hub-euw.browserstack.com","hub-apse.browserstack.com"]
11:07:31.249 [main] DEBUG c.browserstack.utils.UtilityMethods - EXECUTION TIME OF hub-aps.browserstack.com HUB IS: 351ms
11:07:32.208 [main] DEBUG c.browserstack.utils.UtilityMethods - EXECUTION TIME OF hub-euw.browserstack.com HUB IS: 948ms
11:07:34.183 [main] DEBUG c.browserstack.utils.UtilityMethods - EXECUTION TIME OF hub-apse.browserstack.com HUB IS: 1972ms
11:07:34.185 [main] DEBUG c.browserstack.utils.UtilityMethods - NEAREST HUB ALLOCATED IS - hub-aps.browserstack.com
11:07:34.199 [main] DEBUG c.b.utils.FunnelInstrumentation - Sending funnel data for SDKTestAttempted with data: {"event_type":"SDKTestAttempted","accessKey":"1XSLBqNLYzWiPhqyqy9L","userName":"roshinsurendran_Sh2ZAM","event_properties":{"product":"[app-automate, observability]","buildName":"browserstack build","os":"Windows 11","languageVersion":"21.0.3","appiumVersion":"9.3.0","frameworkDetectionInstrumentation":{"parseLoadClass":27,"parseDependencies":19},"language":"java","sdkRunId":"049ffe2f-0593-48ca-a77a-5ff290d699a0","buildIdentifier":"#3","userFramework":"testng","testhub_uuid":"","detectedAppiumVersion":"null","detectedDependencies":"testng","productMap":{"app_automate":true,"accessibility":false,"automate":false,"percy":false,"observability":true,"turboscale":false},"referrer":"testng-javaagent\/1.26.4","hostname":"Roshin","language_framework":"java_testng","detectedFramework":"testng","detectedSeleniumVersion":"4.26.0","seleniumVersion":"4.26.0"}}
11:07:35.078 [main] DEBUG c.b.utils.FunnelInstrumentation - API Event SDKTestAttempted response - {"message":"SDK Event recorded successfully"}
11:07:35.285 [main] DEBUG c.browserstack.testOps.RequestUtils - [ TESTHUB ] Processing Request Kind launchTestSession
11:07:35.285 [main] DEBUG c.browserstack.testOps.RequestUtils - [requestToTestOps] Sending Observability request: POST api/v2/builds with request size 1246
11:07:35.285 [main] DEBUG c.browserstack.testOps.RequestUtils - [makeRequest] Sending request: POST https://collector-observability.browserstack.com/api/v2/builds with request size 1246
11:07:36.206 [main] DEBUG c.browserstack.testOps.RequestUtils - [makeRequest]: Response code: 200
11:07:36.206 [main] DEBUG c.browserstack.testOps.RequestUtils - requestToTestOps: Response code: 200
11:07:36.207 [main] DEBUG com.browserstack.testOps.Listener - BROWSERSTACK_TESTHUB_UUID : tv0y26m57nauy8dl1gcvdrymrgagz4r8u1ytgks2
11:07:36.208 [main] DEBUG com.browserstack.testOps.Listener - [ TESTHUB ] Build creation successfull
11:07:36.223 [main] DEBUG com.browserstack.PercyFactory - Fetching token for BrowserStack Sample
11:07:36.970 [main] DEBUG com.browserstack.LocalFactory - Starting BrowserStack Local with identifier 05_Nov_117_Roshin_kXhF
11:07:43.319 [main] DEBUG c.b.t.XMLSuiteClassListener - Number of parallels - 3 and number of platforms - 3
11:07:43.515 [main] DEBUG com.browserstack.testOps.Listener - [ TESTHUB ] Processing Request Kind LogCreated
11:07:43.519 [main] DEBUG com.browserstack.testOps.Listener - [ TESTHUB ] Processing Request Kind LogCreated
11:07:43.520 [main] DEBUG com.browserstack.testOps.Listener - [ TESTHUB ] Processing Request Kind LogCreated
11:07:43.520 [main] DEBUG com.browserstack.testOps.Listener - [ TESTHUB ] Processing Request Kind LogCreated
11:07:43.521 [main] DEBUG com.browserstack.testOps.Listener - [ TESTHUB ] Processing Request Kind LogCreated
11:07:43.521 [main] DEBUG com.browserstack.testOps.Listener - [ TESTHUB ] Processing Request Kind LogCreated
11:07:43.521 [main] DEBUG com.browserstack.testOps.Listener - [ TESTHUB ] Processing Request Kind LogCreated
11:07:43.521 [main] DEBUG com.browserstack.testOps.Listener - [ TESTHUB ] Processing Request Kind LogCreated
11:07:43.527 [main] DEBUG com.browserstack.testOps.Listener - [ TESTHUB ] Processing Request Kind LogCreated
11:07:43.532 [main] DEBUG com.browserstack.testOps.Listener - [ TESTHUB ] Processing Request Kind LogCreated
11:07:43.532 [main] DEBUG com.browserstack.testOps.Listener - [ TESTHUB ] Processing Request Kind LogCreated
11:07:43.534 [main] DEBUG com.browserstack.testOps.Listener - [ TESTHUB ] Processing Request Kind LogCreated
11:07:43.534 [main] DEBUG com.browserstack.testOps.Listener - [ TESTHUB ] Processing Request Kind LogCreated
11:07:43.534 [main] DEBUG com.browserstack.testOps.Listener - [ TESTHUB ] Processing Request Kind LogCreated
11:07:43.534 [main] DEBUG com.browserstack.testOps.Listener - [ TESTHUB ] Processing Request Kind LogCreated
11:07:43.535 [main] DEBUG com.browserstack.testOps.Listener - [ TESTHUB ] Processing Request Kind LogCreated
11:07:43.536 [main] DEBUG com.browserstack.testOps.Listener - [ TESTHUB ] Processing Request Kind LogCreated
11:07:43.536 [main] DEBUG com.browserstack.testOps.Listener - [ TESTHUB ] Processing Request Kind LogCreated
11:07:43.537 [main] DEBUG com.browserstack.testOps.Listener - [ TESTHUB ] Processing Request Kind LogCreated
11:07:43.537 [main] DEBUG com.browserstack.testOps.Listener - [ TESTHUB ] Processing Request Kind LogCreated
11:07:43.538 [main] DEBUG com.browserstack.testOps.Listener - [ TESTHUB ] Processing Request Kind LogCreated
11:07:43.538 [main] DEBUG com.browserstack.testOps.Listener - [ TESTHUB ] Processing Request Kind LogCreated
11:07:43.539 [main] DEBUG com.browserstack.testOps.Listener - [ TESTHUB ] Processing Request Kind LogCreated
11:07:43.539 [main] DEBUG com.browserstack.testOps.Listener - [ TESTHUB ] Processing Request Kind LogCreated
11:07:43.540 [main] DEBUG com.browserstack.testOps.Listener - [ TESTHUB ] Processing Request Kind LogCreated
11:07:43.540 [main] DEBUG com.browserstack.testOps.Listener - [ TESTHUB ] Processing Request Kind LogCreated
11:07:43.542 [main] DEBUG com.browserstack.testOps.Listener - [ TESTHUB ] Processing Request Kind LogCreated
11:07:43.542 [main] DEBUG com.browserstack.testOps.Listener - [ TESTHUB ] Processing Request Kind LogCreated
11:07:43.542 [main] DEBUG com.browserstack.testOps.Listener - [ TESTHUB ] Processing Request Kind LogCreated
11:07:43.542 [main] DEBUG com.browserstack.testOps.Listener - [ TESTHUB ] Processing Request Kind LogCreated
11:07:43.545 [main] DEBUG com.browserstack.testOps.Listener - [ TESTHUB ] Processing Request Kind LogCreated
11:07:43.545 [main] DEBUG com.browserstack.testOps.Listener - [ TESTHUB ] Processing Request Kind LogCreated
11:07:43.545 [main] DEBUG com.browserstack.testOps.Listener - [ TESTHUB ] Processing Request Kind LogCreated
11:07:43.546 [main] DEBUG com.browserstack.testOps.Listener - [ TESTHUB ] Processing Request Kind LogCreated
11:07:43.547 [main] DEBUG com.browserstack.testOps.Listener - [ TESTHUB ] Processing Request Kind LogCreated
11:07:43.547 [main] DEBUG com.browserstack.testOps.Listener - [ TESTHUB ] Processing Request Kind LogCreated
11:07:43.548 [main] DEBUG com.browserstack.testOps.Listener - [ TESTHUB ] Processing Request Kind LogCreated
11:07:43.548 [main] DEBUG com.browserstack.testOps.Listener - [ TESTHUB ] Processing Request Kind LogCreated
11:07:43.548 [main] DEBUG com.browserstack.testOps.Listener - [ TESTHUB ] Processing Request Kind LogCreated
11:07:43.552 [main] DEBUG com.browserstack.testOps.Listener - [ TESTHUB ] Processing Request Kind LogCreated
11:07:43.552 [main] DEBUG com.browserstack.testOps.Listener - [ TESTHUB ] Processing Request Kind LogCreated
11:07:43.552 [main] DEBUG com.browserstack.testOps.Listener - [ TESTHUB ] Processing Request Kind LogCreated
11:07:43.552 [main] DEBUG com.browserstack.testOps.Listener - [ TESTHUB ] Processing Request Kind LogCreated
11:07:43.554 [main] DEBUG com.browserstack.testOps.Listener - [ TESTHUB ] Processing Request Kind LogCreated
11:07:43.554 [main] DEBUG com.browserstack.testOps.Listener - [ TESTHUB ] Processing Request Kind LogCreated
11:07:43.554 [main] DEBUG com.browserstack.testOps.Listener - [ TESTHUB ] Processing Request Kind LogCreated
11:07:43.554 [main] DEBUG com.browserstack.testOps.Listener - [ TESTHUB ] Processing Request Kind LogCreated
11:07:43.564 [main] DEBUG com.browserstack.testOps.Listener - [ TESTHUB ] Processing Request Kind LogCreated
11:07:43.565 [main] DEBUG com.browserstack.testOps.Listener - [ TESTHUB ] Processing Request Kind LogCreated
11:07:43.565 [main] DEBUG com.browserstack.testOps.Listener - [ TESTHUB ] Processing Request Kind LogCreated
11:07:43.565 [main] DEBUG com.browserstack.testOps.Listener - [ TESTHUB ] Processing Request Kind LogCreated
11:07:43.566 [main] DEBUG com.browserstack.testOps.Listener - [ TESTHUB ] Processing Request Kind LogCreated
11:07:43.566 [main] DEBUG com.browserstack.testOps.Listener - [ TESTHUB ] Processing Request Kind LogCreated
11:07:43.566 [main] DEBUG com.browserstack.testOps.Listener - [ TESTHUB ] Processing Request Kind LogCreated
11:07:43.566 [main] DEBUG com.browserstack.testOps.Listener - [ TESTHUB ] Processing Request Kind LogCreated
11:07:43.567 [main] DEBUG com.browserstack.testOps.Listener - [ TESTHUB ] Processing Request Kind LogCreated
11:07:43.567 [main] DEBUG com.browserstack.testOps.Listener - [ TESTHUB ] Processing Request Kind LogCreated
11:07:43.567 [main] DEBUG com.browserstack.testOps.Listener - [ TESTHUB ] Processing Request Kind LogCreated
11:07:43.567 [main] DEBUG com.browserstack.testOps.Listener - [ TESTHUB ] Processing Request Kind LogCreated
11:07:43.567 [main] DEBUG com.browserstack.testOps.Listener - [ TESTHUB ] Processing Request Kind LogCreated
11:07:43.568 [main] DEBUG com.browserstack.testOps.Listener - [ TESTHUB ] Processing Request Kind LogCreated
11:07:43.568 [main] DEBUG com.browserstack.testOps.Listener - [ TESTHUB ] Processing Request Kind LogCreated
11:07:43.568 [main] DEBUG com.browserstack.testOps.Listener - [ TESTHUB ] Processing Request Kind LogCreated
11:07:43.569 [main] DEBUG com.browserstack.testOps.Listener - [ TESTHUB ] Processing Request Kind LogCreated
11:07:43.569 [main] DEBUG com.browserstack.testOps.Listener - [ TESTHUB ] Processing Request Kind LogCreated
11:07:43.569 [main] DEBUG com.browserstack.testOps.Listener - [ TESTHUB ] Processing Request Kind LogCreated
11:07:43.569 [main] DEBUG com.browserstack.testOps.Listener - [ TESTHUB ] Processing Request Kind LogCreated
11:07:43.569 [main] DEBUG com.browserstack.testOps.Listener - [ TESTHUB ] Processing Request Kind LogCreated
11:07:43.569 [main] DEBUG com.browserstack.testOps.Listener - [ TESTHUB ] Processing Request Kind LogCreated
11:07:43.570 [main] DEBUG com.browserstack.testOps.Listener - [ TESTHUB ] Processing Request Kind LogCreated
11:07:43.570 [main] DEBUG com.browserstack.testOps.Listener - [ TESTHUB ] Processing Request Kind LogCreated
11:07:43.571 [main] DEBUG com.browserstack.testOps.Listener - [ TESTHUB ] Processing Request Kind LogCreated
11:07:43.571 [main] DEBUG com.browserstack.testOps.Listener - [ TESTHUB ] Processing Request Kind LogCreated
11:07:43.572 [main] DEBUG com.browserstack.testOps.Listener - [ TESTHUB ] Processing Request Kind LogCreated
11:07:43.572 [main] DEBUG com.browserstack.testOps.Listener - [ TESTHUB ] Processing Request Kind LogCreated
11:07:43.572 [main] DEBUG com.browserstack.testOps.Listener - [ TESTHUB ] Processing Request Kind LogCreated
11:07:43.572 [main] DEBUG com.browserstack.testOps.Listener - [ TESTHUB ] Processing Request Kind LogCreated
11:07:43.573 [main] DEBUG com.browserstack.testOps.Listener - [ TESTHUB ] Processing Request Kind LogCreated
11:07:43.573 [main] DEBUG com.browserstack.testOps.Listener - [ TESTHUB ] Processing Request Kind LogCreated
11:07:43.573 [main] DEBUG com.browserstack.testOps.Listener - [ TESTHUB ] Processing Request Kind LogCreated
11:07:43.573 [main] DEBUG com.browserstack.testOps.Listener - [ TESTHUB ] Processing Request Kind LogCreated
11:07:43.574 [main] DEBUG com.browserstack.testOps.Listener - [ TESTHUB ] Processing Request Kind LogCreated
11:07:43.574 [main] DEBUG com.browserstack.testOps.Listener - [ TESTHUB ] Processing Request Kind LogCreated
11:07:43.574 [main] DEBUG com.browserstack.testOps.Listener - [ TESTHUB ] Processing Request Kind LogCreated
11:07:43.574 [main] DEBUG com.browserstack.testOps.Listener - [ TESTHUB ] Processing Request Kind LogCreated
11:07:43.574 [main] DEBUG com.browserstack.testOps.Listener - [ TESTHUB ] Processing Request Kind LogCreated
11:07:43.575 [main] DEBUG com.browserstack.testOps.Listener - [ TESTHUB ] Processing Request Kind LogCreated
11:07:43.575 [main] DEBUG com.browserstack.testOps.Listener - [ TESTHUB ] Processing Request Kind LogCreated
11:07:43.575 [main] DEBUG com.browserstack.testOps.Listener - [ TESTHUB ] Processing Request Kind LogCreated
11:07:43.576 [main] DEBUG com.browserstack.testOps.Listener - [ TESTHUB ] Processing Request Kind LogCreated
11:07:43.576 [main] DEBUG com.browserstack.testOps.Listener - [ TESTHUB ] Processing Request Kind LogCreated
11:07:43.576 [main] DEBUG com.browserstack.testOps.Listener - [ TESTHUB ] Processing Request Kind LogCreated
11:07:43.576 [main] DEBUG com.browserstack.testOps.Listener - [ TESTHUB ] Processing Request Kind LogCreated
11:07:43.576 [main] DEBUG com.browserstack.testOps.Listener - [ TESTHUB ] Processing Request Kind LogCreated
11:07:43.581 [main] DEBUG com.browserstack.testOps.Listener - [ TESTHUB ] Processing Request Kind LogCreated
11:07:43.581 [main] DEBUG com.browserstack.testOps.Listener - [ TESTHUB ] Processing Request Kind LogCreated
11:07:43.582 [main] DEBUG com.browserstack.testOps.Listener - [ TESTHUB ] Processing Request Kind LogCreated
11:07:43.582 [main] DEBUG com.browserstack.testOps.Listener - [ TESTHUB ] Processing Request Kind LogCreated
11:07:43.582 [main] DEBUG com.browserstack.testOps.Listener - [ TESTHUB ] Processing Request Kind LogCreated
11:07:43.582 [main] DEBUG com.browserstack.testOps.Listener - [ TESTHUB ] Processing Request Kind LogCreated
11:07:43.583 [main] DEBUG com.browserstack.testOps.Listener - [ TESTHUB ] Processing Request Kind LogCreated
11:07:43.583 [main] DEBUG com.browserstack.testOps.Listener - [ TESTHUB ] Processing Request Kind LogCreated
11:07:43.584 [main] DEBUG com.browserstack.testOps.Listener - [ TESTHUB ] Processing Request Kind LogCreated
11:07:43.584 [main] DEBUG com.browserstack.testOps.Listener - [ TESTHUB ] Processing Request Kind LogCreated
11:07:43.584 [main] DEBUG com.browserstack.testOps.Listener - [ TESTHUB ] Processing Request Kind LogCreated
11:07:43.584 [main] DEBUG com.browserstack.testOps.Listener - [ TESTHUB ] Processing Request Kind LogCreated
11:07:43.584 [main] DEBUG com.browserstack.testOps.Listener - [ TESTHUB ] Processing Request Kind LogCreated
11:07:43.584 [main] DEBUG com.browserstack.testOps.Listener - [ TESTHUB ] Processing Request Kind LogCreated
11:07:43.585 [main] DEBUG com.browserstack.testOps.Listener - [ TESTHUB ] Processing Request Kind LogCreated
11:07:43.586 [main] DEBUG com.browserstack.testOps.Listener - [ TESTHUB ] Processing Request Kind LogCreated
11:07:43.586 [main] DEBUG com.browserstack.testOps.Listener - [ TESTHUB ] Processing Request Kind LogCreated
11:07:43.586 [main] DEBUG com.browserstack.testOps.Listener - [ TESTHUB ] Processing Request Kind LogCreated
11:07:43.587 [main] DEBUG com.browserstack.testOps.Listener - [ TESTHUB ] Processing Request Kind LogCreated
11:07:43.587 [main] DEBUG com.browserstack.testOps.Listener - [ TESTHUB ] Processing Request Kind LogCreated
11:07:43.587 [main] DEBUG com.browserstack.testOps.Listener - [ TESTHUB ] Processing Request Kind LogCreated
11:07:43.587 [main] DEBUG com.browserstack.testOps.Listener - [ TESTHUB ] Processing Request Kind LogCreated
11:07:43.588 [main] DEBUG com.browserstack.testOps.Listener - [ TESTHUB ] Processing Request Kind LogCreated
11:07:43.588 [main] DEBUG com.browserstack.testOps.Listener - [ TESTHUB ] Processing Request Kind LogCreated
11:07:43.589 [main] DEBUG com.browserstack.testOps.Listener - [ TESTHUB ] Processing Request Kind LogCreated
11:07:43.589 [main] DEBUG com.browserstack.testOps.Listener - [ TESTHUB ] Processing Request Kind LogCreated
11:07:43.589 [main] DEBUG com.browserstack.testOps.Listener - [ TESTHUB ] Processing Request Kind LogCreated
11:07:43.589 [main] DEBUG com.browserstack.testOps.Listener - [ TESTHUB ] Processing Request Kind LogCreated
11:07:43.590 [main] DEBUG com.browserstack.testOps.Listener - [ TESTHUB ] Processing Request Kind LogCreated
11:07:43.590 [main] DEBUG com.browserstack.testOps.Listener - [ TESTHUB ] Processing Request Kind LogCreated
11:07:43.590 [main] DEBUG com.browserstack.testOps.Listener - [ TESTHUB ] Processing Request Kind LogCreated
11:07:43.590 [main] DEBUG com.browserstack.testOps.Listener - [ TESTHUB ] Processing Request Kind LogCreated
11:07:43.590 [main] DEBUG com.browserstack.testOps.Listener - [ TESTHUB ] Processing Request Kind LogCreated
11:07:43.592 [main] DEBUG com.browserstack.testOps.Listener - [ TESTHUB ] Processing Request Kind LogCreated
11:07:43.592 [main] DEBUG com.browserstack.testOps.Listener - [ TESTHUB ] Processing Request Kind LogCreated
11:07:43.593 [main] DEBUG com.browserstack.testOps.Listener - [ TESTHUB ] Processing Request Kind LogCreated
11:07:43.593 [main] DEBUG com.browserstack.testOps.Listener - [ TESTHUB ] Processing Request Kind LogCreated
11:07:43.593 [main] DEBUG com.browserstack.testOps.Listener - [ TESTHUB ] Processing Request Kind LogCreated
11:07:43.593 [main] DEBUG com.browserstack.testOps.Listener - [ TESTHUB ] Processing Request Kind LogCreated
11:07:43.594 [main] DEBUG com.browserstack.testOps.Listener - [ TESTHUB ] Processing Request Kind LogCreated
11:07:43.594 [main] DEBUG com.browserstack.testOps.Listener - [ TESTHUB ] Processing Request Kind LogCreated
11:07:43.594 [main] DEBUG com.browserstack.testOps.Listener - [ TESTHUB ] Processing Request Kind LogCreated
11:07:43.594 [main] DEBUG com.browserstack.testOps.Listener - [ TESTHUB ] Processing Request Kind LogCreated
11:07:43.594 [main] DEBUG com.browserstack.testOps.Listener - [ TESTHUB ] Processing Request Kind LogCreated
11:07:43.594 [main] DEBUG com.browserstack.testOps.Listener - [ TESTHUB ] Processing Request Kind LogCreated
11:07:43.594 [main] DEBUG com.browserstack.testOps.Listener - [ TESTHUB ] Processing Request Kind LogCreated
11:07:43.594 [main] DEBUG com.browserstack.testOps.Listener - [ TESTHUB ] Processing Request Kind LogCreated
11:07:43.598 [main] DEBUG com.browserstack.testOps.Listener - [ TESTHUB ] Processing Request Kind LogCreated
11:07:43.599 [main] DEBUG c.browserstack.utils.LogReportingAPI - [2024-11-05T07:07:43.599379800Z][ OBSERVABILITY ] Processing Logs patching stream
11:07:43.615 [main] DEBUG com.browserstack.testOps.Listener - [ TESTHUB ] Processing Request Kind LogCreated
11:07:43.636 [Default test-2@2] DEBUG com.browserstack.testOps.Listener - [ TESTHUB ] Processing Request Kind LogCreated
11:07:43.636 [Default test-0@0] DEBUG com.browserstack.testOps.Listener - [ TESTHUB ] Processing Request Kind LogCreated
11:07:43.636 [Default test-1@1] DEBUG com.browserstack.testOps.Listener - [ TESTHUB ] Processing Request Kind LogCreated
11:07:43.667 [ConfigureAppium@2] DEBUG c.b.testNgListeners.TestNGUtils - [populateTestDataForBSTestOps] Event Type :: HookRunStarted, Method ClassName :: MargoExpress.Mobile.BaseTest 
11:07:43.667 [ConfigureAppium@2] DEBUG c.browserstack.utils.UtilityMethods - [findFileMatcher] Current Path is :: C:\Users\xps\eclipse-workspace\Mobile, TestClass :: MargoExpress\Mobile\BaseTest
11:07:43.667 [ConfigureAppium@0] DEBUG c.b.testNgListeners.TestNGUtils - [populateTestDataForBSTestOps] Event Type :: HookRunStarted, Method ClassName :: MargoExpress.Mobile.BaseTest 
11:07:43.667 [ConfigureAppium@1] DEBUG c.b.testNgListeners.TestNGUtils - [populateTestDataForBSTestOps] Event Type :: HookRunStarted, Method ClassName :: MargoExpress.Mobile.BaseTest 
11:07:43.667 [ConfigureAppium@1] DEBUG c.browserstack.utils.UtilityMethods - [findFileMatcher] Current Path is :: C:\Users\xps\eclipse-workspace\Mobile, TestClass :: MargoExpress\Mobile\BaseTest
11:07:43.667 [ConfigureAppium@0] DEBUG c.browserstack.utils.UtilityMethods - [findFileMatcher] Current Path is :: C:\Users\xps\eclipse-workspace\Mobile, TestClass :: MargoExpress\Mobile\BaseTest
11:07:43.749 [ConfigureAppium@2] DEBUG c.b.testNgListeners.TestNGUtils - [populateTestDataForBSTestOps] The filename fetched :: C:\Users\xps\eclipse-workspace\Mobile\src\test\java\MargoExpress\Mobile\BaseTest.java, fileSeparator :: \, AbsolutePath :: C:\Users\xps\eclipse-workspace\Mobile\., Normalized Path :: C:\Users\xps\eclipse-workspace\Mobile, File.Separator :: \
11:07:43.750 [ConfigureAppium@2] DEBUG c.b.testNgListeners.TestNGUtils - [populateTestDataForBSTestOps] Replaced File Name is :: Mobile\src\test\java\MargoExpress\Mobile\BaseTest.java, Absolute Path :: C:\Users\xps\eclipse-workspace\Mobile\.., Normalized Path :: C:\Users\xps\eclipse-workspace 
11:07:43.751 [ConfigureAppium@1] DEBUG c.b.testNgListeners.TestNGUtils - [populateTestDataForBSTestOps] The filename fetched :: C:\Users\xps\eclipse-workspace\Mobile\src\test\java\MargoExpress\Mobile\BaseTest.java, fileSeparator :: \, AbsolutePath :: C:\Users\xps\eclipse-workspace\Mobile\., Normalized Path :: C:\Users\xps\eclipse-workspace\Mobile, File.Separator :: \
11:07:43.751 [ConfigureAppium@1] DEBUG c.b.testNgListeners.TestNGUtils - [populateTestDataForBSTestOps] Replaced File Name is :: Mobile\src\test\java\MargoExpress\Mobile\BaseTest.java, Absolute Path :: C:\Users\xps\eclipse-workspace\Mobile\.., Normalized Path :: C:\Users\xps\eclipse-workspace 
11:07:43.752 [ConfigureAppium@0] DEBUG c.b.testNgListeners.TestNGUtils - [populateTestDataForBSTestOps] The filename fetched :: C:\Users\xps\eclipse-workspace\Mobile\src\test\java\MargoExpress\Mobile\BaseTest.java, fileSeparator :: \, AbsolutePath :: C:\Users\xps\eclipse-workspace\Mobile\., Normalized Path :: C:\Users\xps\eclipse-workspace\Mobile, File.Separator :: \
11:07:43.752 [ConfigureAppium@0] DEBUG c.b.testNgListeners.TestNGUtils - [populateTestDataForBSTestOps] Replaced File Name is :: Mobile\src\test\java\MargoExpress\Mobile\BaseTest.java, Absolute Path :: C:\Users\xps\eclipse-workspace\Mobile\.., Normalized Path :: C:\Users\xps\eclipse-workspace 
11:07:43.752 [ConfigureAppium@1] DEBUG com.browserstack.testOps.Listener - [ TESTHUB ] Processing Request Kind HookRunStarted
11:07:43.752 [ConfigureAppium@2] DEBUG com.browserstack.testOps.Listener - [ TESTHUB ] Processing Request Kind HookRunStarted
11:07:43.752 [ConfigureAppium@0] DEBUG com.browserstack.testOps.Listener - [ TESTHUB ] Processing Request Kind HookRunStarted
11:07:45.517 [pool-4-thread-1] DEBUG c.browserstack.utils.RequestBatcher - Time Since Last Batch Processed 1730790465517

11:07:45.523 [pool-5-thread-1] DEBUG c.browserstack.utils.RequestBatcher - Processing Batch 149

11:07:45.526 [pool-5-thread-1] DEBUG c.browserstack.testOps.RequestUtils - [requestToTestOps] Sending Observability request: POST api/v1/batch with request size 35631
11:07:45.527 [pool-5-thread-1] DEBUG c.browserstack.testOps.RequestUtils - [makeRequest] Sending request: POST https://collector-observability.browserstack.com/api/v1/batch with request size 35631
11:07:46.120 [pool-5-thread-1] DEBUG c.browserstack.testOps.RequestUtils - [makeRequest]: Response code: 200
11:07:46.120 [pool-5-thread-1] DEBUG c.browserstack.testOps.RequestUtils - requestToTestOps: Response code: 200
11:07:46.121 [pool-5-thread-1] DEBUG c.browserstack.utils.LogReportingAPI - 
[2024-11-05T07:07:46.120452400Z][ TESTHUB ] Batch event successfull!

11:07:46.573 [ConfigureAppium@1] DEBUG c.browserstack.utils.UtilityMethods - [Patch]: SDK enabled, patching remote server
11:07:46.573 [ConfigureAppium@2] DEBUG c.browserstack.utils.UtilityMethods - [Patch]: SDK enabled, patching remote server
11:07:46.573 [ConfigureAppium@0] DEBUG c.browserstack.utils.UtilityMethods - [Patch]: SDK enabled, patching remote server
11:07:46.576 [ConfigureAppium@0] DEBUG c.b.selenium.SeleniumHandler - beforeDriverInit: SDK enabled. Thread ID: 70
11:07:46.576 [ConfigureAppium@1] DEBUG c.b.selenium.SeleniumHandler - beforeDriverInit: SDK enabled. Thread ID: 71
11:07:46.576 [ConfigureAppium@2] DEBUG c.b.selenium.SeleniumHandler - beforeDriverInit: SDK enabled. Thread ID: 72
11:07:46.587 [ConfigureAppium@0] DEBUG c.browserstack.utils.UtilityMethods - [Patch]: SDK enabled, patching remote server
11:07:46.587 [ConfigureAppium@1] DEBUG c.browserstack.utils.UtilityMethods - [Patch]: SDK enabled, patching remote server
11:07:46.587 [ConfigureAppium@2] DEBUG c.browserstack.utils.UtilityMethods - [Patch]: SDK enabled, patching remote server
11:07:47.522 [pool-4-thread-1] DEBUG c.browserstack.utils.RequestBatcher - Time Since Last Batch Processed 2004

11:07:51.530 [pool-4-thread-1] DEBUG c.browserstack.utils.RequestBatcher - Time Since Last Batch Processed 4007

11:07:55.518 [pool-4-thread-1] DEBUG c.browserstack.utils.RequestBatcher - Time Since Last Batch Processed 3987

11:07:57.522 [pool-4-thread-1] DEBUG c.browserstack.utils.RequestBatcher - Time Since Last Batch Processed 2004

11:07:59.523 [pool-4-thread-1] DEBUG c.browserstack.utils.RequestBatcher - Time Since Last Batch Processed 2001

11:08:01.530 [pool-4-thread-1] DEBUG c.browserstack.utils.RequestBatcher - Time Since Last Batch Processed 2007

11:08:05.009 [ConfigureAppium@1] DEBUG c.b.selenium.SeleniumHandler - afterDriverInit: requested
11:08:05.041 [ConfigureAppium@1] DEBUG c.b.utils.SeleniumMethodUtils - getURLFromCommandExecutor: Getting Hub url from HttpCommandExecutor
11:08:05.041 [ConfigureAppium@1] DEBUG c.b.utils.SeleniumMethodUtils - getURLFromCommandExecutor: Found url: https://hub-aps.browserstack.com/wd/hub
11:08:05.041 [ConfigureAppium@1] DEBUG c.b.utils.SeleniumMethodUtils - getURLFromCommandExecutor: Getting Hub url from HttpCommandExecutor
11:08:05.041 [ConfigureAppium@1] DEBUG c.b.utils.SeleniumMethodUtils - getURLFromCommandExecutor: Found url: https://hub-aps.browserstack.com/wd/hub
11:08:05.142 [Default test-1@1] DEBUG c.b.testNgListeners.TestNGUtils - [populateTestDataForBSTestOps] Event Type :: TestRunStarted, Test ClassName :: MargoExpress.Mobile.Ecommerce_Tc_3 
11:08:05.142 [Default test-1@1] DEBUG c.browserstack.utils.UtilityMethods - [findFileMatcher] Current Path is :: C:\Users\xps\eclipse-workspace\Mobile, TestClass :: MargoExpress\Mobile\Ecommerce_Tc_3
11:08:05.212 [Default test-1@1] DEBUG c.b.testNgListeners.TestNGUtils - [populateTestDataForBSTestOps] The filename fetched :: C:\Users\xps\eclipse-workspace\Mobile\src\test\java\MargoExpress\Mobile\Ecommerce_Tc_3.java, fileSeparator :: \, AbsolutePath :: C:\Users\xps\eclipse-workspace\Mobile\., Normalized Path :: C:\Users\xps\eclipse-workspace\Mobile, File.Separator :: \
11:08:05.212 [Default test-1@1] DEBUG c.b.testNgListeners.TestNGUtils - [populateTestDataForBSTestOps] Replaced File Name is :: Mobile\src\test\java\MargoExpress\Mobile\Ecommerce_Tc_3.java, Absolute Path :: C:\Users\xps\eclipse-workspace\Mobile\.., Normalized Path :: C:\Users\xps\eclipse-workspace 
11:08:05.226 [Default test-1@1] DEBUG c.b.utils.SeleniumMethodUtils - getURLFromCommandExecutor: Getting Hub url from HttpCommandExecutor
11:08:05.226 [Default test-1@1] DEBUG c.b.utils.SeleniumMethodUtils - getURLFromCommandExecutor: Found url: https://hub-aps.browserstack.com/wd/hub
11:08:05.226 [Default test-1@1] DEBUG c.b.utils.SeleniumMethodUtils - getURLFromCommandExecutor: Getting Hub url from HttpCommandExecutor
11:08:05.226 [Default test-1@1] DEBUG c.b.utils.SeleniumMethodUtils - getURLFromCommandExecutor: Found url: https://hub-aps.browserstack.com/wd/hub
11:08:05.230 [Default test-1@1] DEBUG com.browserstack.testOps.Listener - [ TESTHUB ] Processing Request Kind TestRunStarted
11:08:05.525 [pool-4-thread-1] DEBUG c.browserstack.utils.RequestBatcher - Time Since Last Batch Processed 3995

11:08:05.525 [pool-5-thread-1] DEBUG c.browserstack.utils.RequestBatcher - Processing Batch 1

11:08:05.526 [pool-5-thread-1] DEBUG c.browserstack.testOps.RequestUtils - [requestToTestOps] Sending Observability request: POST api/v1/batch with request size 3154
11:08:05.526 [pool-5-thread-1] DEBUG c.browserstack.testOps.RequestUtils - [makeRequest] Sending request: POST https://collector-observability.browserstack.com/api/v1/batch with request size 3154
11:08:05.799 [pool-5-thread-1] DEBUG c.browserstack.testOps.RequestUtils - [makeRequest]: Response code: 200
11:08:05.799 [pool-5-thread-1] DEBUG c.browserstack.testOps.RequestUtils - requestToTestOps: Response code: 200
11:08:05.800 [pool-5-thread-1] DEBUG c.browserstack.utils.LogReportingAPI - 
[2024-11-05T07:08:05.799113300Z][ TESTHUB ] Batch event successfull!

11:08:07.139 [ConfigureAppium@0] DEBUG c.b.selenium.SeleniumHandler - afterDriverInit: requested
11:08:07.172 [ConfigureAppium@0] DEBUG c.b.utils.SeleniumMethodUtils - getURLFromCommandExecutor: Getting Hub url from HttpCommandExecutor
11:08:07.172 [ConfigureAppium@0] DEBUG c.b.utils.SeleniumMethodUtils - getURLFromCommandExecutor: Found url: https://hub-aps.browserstack.com/wd/hub
11:08:07.172 [ConfigureAppium@0] DEBUG c.b.utils.SeleniumMethodUtils - getURLFromCommandExecutor: Getting Hub url from HttpCommandExecutor
11:08:07.172 [ConfigureAppium@0] DEBUG c.b.utils.SeleniumMethodUtils - getURLFromCommandExecutor: Found url: https://hub-aps.browserstack.com/wd/hub
11:08:07.260 [Default test-0@0] DEBUG c.b.testNgListeners.TestNGUtils - [populateTestDataForBSTestOps] Event Type :: TestRunStarted, Test ClassName :: MargoExpress.Mobile.Ecommerce_Tc_3 
11:08:07.261 [Default test-0@0] DEBUG c.browserstack.utils.UtilityMethods - [findFileMatcher] Current Path is :: C:\Users\xps\eclipse-workspace\Mobile, TestClass :: MargoExpress\Mobile\Ecommerce_Tc_3
11:08:07.349 [Default test-0@0] DEBUG c.b.testNgListeners.TestNGUtils - [populateTestDataForBSTestOps] The filename fetched :: C:\Users\xps\eclipse-workspace\Mobile\src\test\java\MargoExpress\Mobile\Ecommerce_Tc_3.java, fileSeparator :: \, AbsolutePath :: C:\Users\xps\eclipse-workspace\Mobile\., Normalized Path :: C:\Users\xps\eclipse-workspace\Mobile, File.Separator :: \
11:08:07.350 [Default test-0@0] DEBUG c.b.testNgListeners.TestNGUtils - [populateTestDataForBSTestOps] Replaced File Name is :: Mobile\src\test\java\MargoExpress\Mobile\Ecommerce_Tc_3.java, Absolute Path :: C:\Users\xps\eclipse-workspace\Mobile\.., Normalized Path :: C:\Users\xps\eclipse-workspace 
11:08:07.363 [Default test-0@0] DEBUG c.b.utils.SeleniumMethodUtils - getURLFromCommandExecutor: Getting Hub url from HttpCommandExecutor
11:08:07.364 [Default test-0@0] DEBUG c.b.utils.SeleniumMethodUtils - getURLFromCommandExecutor: Found url: https://hub-aps.browserstack.com/wd/hub
11:08:07.364 [Default test-0@0] DEBUG c.b.utils.SeleniumMethodUtils - getURLFromCommandExecutor: Getting Hub url from HttpCommandExecutor
11:08:07.364 [Default test-0@0] DEBUG c.b.utils.SeleniumMethodUtils - getURLFromCommandExecutor: Found url: https://hub-aps.browserstack.com/wd/hub
11:08:07.366 [Default test-0@0] DEBUG com.browserstack.testOps.Listener - [ TESTHUB ] Processing Request Kind TestRunStarted
11:08:07.529 [pool-4-thread-1] DEBUG c.browserstack.utils.RequestBatcher - Time Since Last Batch Processed 2004

11:08:07.530 [pool-5-thread-1] DEBUG c.browserstack.utils.RequestBatcher - Processing Batch 1

11:08:07.530 [pool-5-thread-1] DEBUG c.browserstack.testOps.RequestUtils - [requestToTestOps] Sending Observability request: POST api/v1/batch with request size 3159
11:08:07.532 [pool-5-thread-1] DEBUG c.browserstack.testOps.RequestUtils - [makeRequest] Sending request: POST https://collector-observability.browserstack.com/api/v1/batch with request size 3159
11:08:07.849 [pool-5-thread-1] DEBUG c.browserstack.testOps.RequestUtils - [makeRequest]: Response code: 200
11:08:07.849 [pool-5-thread-1] DEBUG c.browserstack.testOps.RequestUtils - requestToTestOps: Response code: 200
11:08:07.850 [pool-5-thread-1] DEBUG c.browserstack.utils.LogReportingAPI - 
[2024-11-05T07:08:07.850915100Z][ TESTHUB ] Batch event successfull!

11:08:08.092 [ConfigureAppium@2] DEBUG c.b.selenium.SeleniumHandler - afterDriverInit: requested
11:08:08.108 [ConfigureAppium@2] DEBUG c.b.utils.SeleniumMethodUtils - getURLFromCommandExecutor: Getting Hub url from HttpCommandExecutor
11:08:08.108 [ConfigureAppium@2] DEBUG c.b.utils.SeleniumMethodUtils - getURLFromCommandExecutor: Found url: https://hub-aps.browserstack.com/wd/hub
11:08:08.108 [ConfigureAppium@2] DEBUG c.b.utils.SeleniumMethodUtils - getURLFromCommandExecutor: Getting Hub url from HttpCommandExecutor
11:08:08.108 [ConfigureAppium@2] DEBUG c.b.utils.SeleniumMethodUtils - getURLFromCommandExecutor: Found url: https://hub-aps.browserstack.com/wd/hub
11:08:08.424 [Default test-2@2] DEBUG c.b.testNgListeners.TestNGUtils - [populateTestDataForBSTestOps] Event Type :: TestRunStarted, Test ClassName :: MargoExpress.Mobile.Ecommerce_Tc_3 
11:08:08.424 [Default test-2@2] DEBUG c.browserstack.utils.UtilityMethods - [findFileMatcher] Current Path is :: C:\Users\xps\eclipse-workspace\Mobile, TestClass :: MargoExpress\Mobile\Ecommerce_Tc_3
11:08:08.483 [Default test-2@2] DEBUG c.b.testNgListeners.TestNGUtils - [populateTestDataForBSTestOps] The filename fetched :: C:\Users\xps\eclipse-workspace\Mobile\src\test\java\MargoExpress\Mobile\Ecommerce_Tc_3.java, fileSeparator :: \, AbsolutePath :: C:\Users\xps\eclipse-workspace\Mobile\., Normalized Path :: C:\Users\xps\eclipse-workspace\Mobile, File.Separator :: \
11:08:08.484 [Default test-2@2] DEBUG c.b.testNgListeners.TestNGUtils - [populateTestDataForBSTestOps] Replaced File Name is :: Mobile\src\test\java\MargoExpress\Mobile\Ecommerce_Tc_3.java, Absolute Path :: C:\Users\xps\eclipse-workspace\Mobile\.., Normalized Path :: C:\Users\xps\eclipse-workspace 
11:08:08.497 [Default test-2@2] DEBUG c.b.utils.SeleniumMethodUtils - getURLFromCommandExecutor: Getting Hub url from HttpCommandExecutor
11:08:08.497 [Default test-2@2] DEBUG c.b.utils.SeleniumMethodUtils - getURLFromCommandExecutor: Found url: https://hub-aps.browserstack.com/wd/hub
11:08:08.498 [Default test-2@2] DEBUG c.b.utils.SeleniumMethodUtils - getURLFromCommandExecutor: Getting Hub url from HttpCommandExecutor
11:08:08.498 [Default test-2@2] DEBUG c.b.utils.SeleniumMethodUtils - getURLFromCommandExecutor: Found url: https://hub-aps.browserstack.com/wd/hub
11:08:08.501 [Default test-2@2] DEBUG com.browserstack.testOps.Listener - [ TESTHUB ] Processing Request Kind TestRunStarted
11:08:11.529 [pool-4-thread-1] DEBUG c.browserstack.utils.RequestBatcher - Time Since Last Batch Processed 3999

11:08:11.529 [pool-5-thread-1] DEBUG c.browserstack.utils.RequestBatcher - Processing Batch 1

11:08:11.530 [pool-5-thread-1] DEBUG c.browserstack.testOps.RequestUtils - [requestToTestOps] Sending Observability request: POST api/v1/batch with request size 3172
11:08:11.530 [pool-5-thread-1] DEBUG c.browserstack.testOps.RequestUtils - [makeRequest] Sending request: POST https://collector-observability.browserstack.com/api/v1/batch with request size 3172
11:08:11.760 [pool-5-thread-1] DEBUG c.browserstack.testOps.RequestUtils - [makeRequest]: Response code: 200
11:08:11.760 [pool-5-thread-1] DEBUG c.browserstack.testOps.RequestUtils - requestToTestOps: Response code: 200
11:08:11.761 [pool-5-thread-1] DEBUG c.browserstack.utils.LogReportingAPI - 
[2024-11-05T07:08:11.761389500Z][ TESTHUB ] Batch event successfull!

11:08:15.519 [pool-4-thread-1] DEBUG c.browserstack.utils.RequestBatcher - Time Since Last Batch Processed 3990

11:08:17.397 [FillForm@1] DEBUG c.b.testNgListeners.TestNGUtils - [populateTestDataForBSTestOps] Event Type :: HookRunFinished, Method ClassName :: MargoExpress.Mobile.BaseTest 
11:08:17.398 [FillForm@1] DEBUG c.browserstack.utils.UtilityMethods - [findFileMatcher] Current Path is :: C:\Users\xps\eclipse-workspace\Mobile, TestClass :: MargoExpress\Mobile\BaseTest
11:08:17.465 [FillForm@1] DEBUG c.b.testNgListeners.TestNGUtils - [populateTestDataForBSTestOps] The filename fetched :: C:\Users\xps\eclipse-workspace\Mobile\src\test\java\MargoExpress\Mobile\BaseTest.java, fileSeparator :: \, AbsolutePath :: C:\Users\xps\eclipse-workspace\Mobile\., Normalized Path :: C:\Users\xps\eclipse-workspace\Mobile, File.Separator :: \
11:08:17.465 [FillForm@1] DEBUG c.b.testNgListeners.TestNGUtils - [populateTestDataForBSTestOps] Replaced File Name is :: Mobile\src\test\java\MargoExpress\Mobile\BaseTest.java, Absolute Path :: C:\Users\xps\eclipse-workspace\Mobile\.., Normalized Path :: C:\Users\xps\eclipse-workspace 
11:08:17.469 [FillForm@1] DEBUG c.b.utils.SeleniumMethodUtils - getURLFromCommandExecutor: Getting Hub url from HttpCommandExecutor
11:08:17.469 [FillForm@1] DEBUG c.b.utils.SeleniumMethodUtils - getURLFromCommandExecutor: Found url: https://hub-aps.browserstack.com/wd/hub
11:08:17.469 [FillForm@1] DEBUG c.b.utils.SeleniumMethodUtils - getURLFromCommandExecutor: Getting Hub url from HttpCommandExecutor
11:08:17.469 [FillForm@1] DEBUG c.b.utils.SeleniumMethodUtils - getURLFromCommandExecutor: Found url: https://hub-aps.browserstack.com/wd/hub
11:08:17.470 [FillForm@1] DEBUG com.browserstack.testOps.Listener - [ TESTHUB ] Processing Request Kind HookRunFinished
11:08:17.470 [FillForm@1] DEBUG c.b.testNgListeners.TestNGUtils - [populateTestDataForBSTestOps] Event Type :: TestRunFinished, Test ClassName :: MargoExpress.Mobile.Ecommerce_Tc_3 
11:08:17.470 [FillForm@1] DEBUG c.browserstack.utils.UtilityMethods - [findFileMatcher] Current Path is :: C:\Users\xps\eclipse-workspace\Mobile, TestClass :: MargoExpress\Mobile\Ecommerce_Tc_3
11:08:17.526 [pool-4-thread-1] DEBUG c.browserstack.utils.RequestBatcher - Time Since Last Batch Processed 2007

11:08:17.526 [FillForm@1] DEBUG c.b.testNgListeners.TestNGUtils - [populateTestDataForBSTestOps] The filename fetched :: C:\Users\xps\eclipse-workspace\Mobile\src\test\java\MargoExpress\Mobile\Ecommerce_Tc_3.java, fileSeparator :: \, AbsolutePath :: C:\Users\xps\eclipse-workspace\Mobile\., Normalized Path :: C:\Users\xps\eclipse-workspace\Mobile, File.Separator :: \
11:08:17.526 [FillForm@1] DEBUG c.b.testNgListeners.TestNGUtils - [populateTestDataForBSTestOps] Replaced File Name is :: Mobile\src\test\java\MargoExpress\Mobile\Ecommerce_Tc_3.java, Absolute Path :: C:\Users\xps\eclipse-workspace\Mobile\.., Normalized Path :: C:\Users\xps\eclipse-workspace 
11:08:17.526 [pool-5-thread-1] DEBUG c.browserstack.utils.RequestBatcher - Processing Batch 1

11:08:17.527 [pool-5-thread-1] DEBUG c.browserstack.testOps.RequestUtils - [requestToTestOps] Sending Observability request: POST api/v1/batch with request size 3228
11:08:17.527 [pool-5-thread-1] DEBUG c.browserstack.testOps.RequestUtils - [makeRequest] Sending request: POST https://collector-observability.browserstack.com/api/v1/batch with request size 3228
11:08:17.532 [FillForm@1] DEBUG c.b.utils.SeleniumMethodUtils - getURLFromCommandExecutor: Getting Hub url from HttpCommandExecutor
11:08:17.532 [FillForm@1] DEBUG c.b.utils.SeleniumMethodUtils - getURLFromCommandExecutor: Found url: https://hub-aps.browserstack.com/wd/hub
11:08:17.532 [FillForm@1] DEBUG c.b.utils.SeleniumMethodUtils - getURLFromCommandExecutor: Getting Hub url from HttpCommandExecutor
11:08:17.532 [FillForm@1] DEBUG c.b.utils.SeleniumMethodUtils - getURLFromCommandExecutor: Found url: https://hub-aps.browserstack.com/wd/hub
11:08:17.536 [FillForm@1] DEBUG com.browserstack.testOps.Listener - [ TESTHUB ] Processing Request Kind TestRunFinished
11:08:17.594 [Default test-1@1] DEBUG c.b.testNgListeners.TestNGUtils - [populateTestDataForBSTestOps] Event Type :: TestRunStarted, Test ClassName :: MargoExpress.Mobile.Ecommerce_Tc_3 
11:08:17.595 [Default test-1@1] DEBUG c.browserstack.utils.UtilityMethods - [findFileMatcher] Current Path is :: C:\Users\xps\eclipse-workspace\Mobile, TestClass :: MargoExpress\Mobile\Ecommerce_Tc_3
11:08:17.650 [Default test-1@1] DEBUG c.b.testNgListeners.TestNGUtils - [populateTestDataForBSTestOps] The filename fetched :: C:\Users\xps\eclipse-workspace\Mobile\src\test\java\MargoExpress\Mobile\Ecommerce_Tc_3.java, fileSeparator :: \, AbsolutePath :: C:\Users\xps\eclipse-workspace\Mobile\., Normalized Path :: C:\Users\xps\eclipse-workspace\Mobile, File.Separator :: \
11:08:17.651 [Default test-1@1] DEBUG c.b.testNgListeners.TestNGUtils - [populateTestDataForBSTestOps] Replaced File Name is :: Mobile\src\test\java\MargoExpress\Mobile\Ecommerce_Tc_3.java, Absolute Path :: C:\Users\xps\eclipse-workspace\Mobile\.., Normalized Path :: C:\Users\xps\eclipse-workspace 
11:08:17.656 [Default test-1@1] DEBUG c.b.utils.SeleniumMethodUtils - getURLFromCommandExecutor: Getting Hub url from HttpCommandExecutor
11:08:17.656 [Default test-1@1] DEBUG c.b.utils.SeleniumMethodUtils - getURLFromCommandExecutor: Found url: https://hub-aps.browserstack.com/wd/hub
11:08:17.656 [Default test-1@1] DEBUG c.b.utils.SeleniumMethodUtils - getURLFromCommandExecutor: Getting Hub url from HttpCommandExecutor
11:08:17.656 [Default test-1@1] DEBUG c.b.utils.SeleniumMethodUtils - getURLFromCommandExecutor: Found url: https://hub-aps.browserstack.com/wd/hub
11:08:17.659 [Default test-1@1] DEBUG com.browserstack.testOps.Listener - [ TESTHUB ] Processing Request Kind TestRunStarted
11:08:17.752 [pool-5-thread-1] DEBUG c.browserstack.testOps.RequestUtils - [makeRequest]: Response code: 200
11:08:17.752 [pool-5-thread-1] DEBUG c.browserstack.testOps.RequestUtils - requestToTestOps: Response code: 200
11:08:17.752 [pool-5-thread-1] DEBUG c.browserstack.utils.LogReportingAPI - 
[2024-11-05T07:08:17.752158700Z][ TESTHUB ] Batch event successfull!

11:08:19.529 [pool-4-thread-1] DEBUG c.browserstack.utils.RequestBatcher - Time Since Last Batch Processed 2003

11:08:19.530 [pool-5-thread-1] DEBUG c.browserstack.utils.RequestBatcher - Processing Batch 2

11:08:19.531 [pool-5-thread-1] DEBUG c.browserstack.testOps.RequestUtils - [requestToTestOps] Sending Observability request: POST api/v1/batch with request size 6304
11:08:19.531 [pool-5-thread-1] DEBUG c.browserstack.testOps.RequestUtils - [makeRequest] Sending request: POST https://collector-observability.browserstack.com/api/v1/batch with request size 6304
11:08:19.827 [pool-5-thread-1] DEBUG c.browserstack.testOps.RequestUtils - [makeRequest]: Response code: 200
11:08:19.827 [pool-5-thread-1] DEBUG c.browserstack.testOps.RequestUtils - requestToTestOps: Response code: 200
11:08:19.827 [pool-5-thread-1] DEBUG c.browserstack.utils.LogReportingAPI - 
[2024-11-05T07:08:19.827354100Z][ TESTHUB ] Batch event successfull!

11:08:20.029 [FillForm@2] DEBUG c.b.testNgListeners.TestNGUtils - [populateTestDataForBSTestOps] Event Type :: HookRunFinished, Method ClassName :: MargoExpress.Mobile.BaseTest 
11:08:20.030 [FillForm@2] DEBUG c.browserstack.utils.UtilityMethods - [findFileMatcher] Current Path is :: C:\Users\xps\eclipse-workspace\Mobile, TestClass :: MargoExpress\Mobile\BaseTest
11:08:20.085 [FillForm@2] DEBUG c.b.testNgListeners.TestNGUtils - [populateTestDataForBSTestOps] The filename fetched :: C:\Users\xps\eclipse-workspace\Mobile\src\test\java\MargoExpress\Mobile\BaseTest.java, fileSeparator :: \, AbsolutePath :: C:\Users\xps\eclipse-workspace\Mobile\., Normalized Path :: C:\Users\xps\eclipse-workspace\Mobile, File.Separator :: \
11:08:20.085 [FillForm@2] DEBUG c.b.testNgListeners.TestNGUtils - [populateTestDataForBSTestOps] Replaced File Name is :: Mobile\src\test\java\MargoExpress\Mobile\BaseTest.java, Absolute Path :: C:\Users\xps\eclipse-workspace\Mobile\.., Normalized Path :: C:\Users\xps\eclipse-workspace 
11:08:20.090 [FillForm@2] DEBUG c.b.utils.SeleniumMethodUtils - getURLFromCommandExecutor: Getting Hub url from HttpCommandExecutor
11:08:20.090 [FillForm@2] DEBUG c.b.utils.SeleniumMethodUtils - getURLFromCommandExecutor: Found url: https://hub-aps.browserstack.com/wd/hub
11:08:20.090 [FillForm@2] DEBUG c.b.utils.SeleniumMethodUtils - getURLFromCommandExecutor: Getting Hub url from HttpCommandExecutor
11:08:20.091 [FillForm@2] DEBUG c.b.utils.SeleniumMethodUtils - getURLFromCommandExecutor: Found url: https://hub-aps.browserstack.com/wd/hub
11:08:20.091 [FillForm@2] DEBUG com.browserstack.testOps.Listener - [ TESTHUB ] Processing Request Kind HookRunFinished
11:08:20.091 [FillForm@2] DEBUG c.b.testNgListeners.TestNGUtils - [populateTestDataForBSTestOps] Event Type :: TestRunFinished, Test ClassName :: MargoExpress.Mobile.Ecommerce_Tc_3 
11:08:20.091 [FillForm@2] DEBUG c.browserstack.utils.UtilityMethods - [findFileMatcher] Current Path is :: C:\Users\xps\eclipse-workspace\Mobile, TestClass :: MargoExpress\Mobile\Ecommerce_Tc_3
11:08:20.147 [FillForm@2] DEBUG c.b.testNgListeners.TestNGUtils - [populateTestDataForBSTestOps] The filename fetched :: C:\Users\xps\eclipse-workspace\Mobile\src\test\java\MargoExpress\Mobile\Ecommerce_Tc_3.java, fileSeparator :: \, AbsolutePath :: C:\Users\xps\eclipse-workspace\Mobile\., Normalized Path :: C:\Users\xps\eclipse-workspace\Mobile, File.Separator :: \
11:08:20.147 [FillForm@2] DEBUG c.b.testNgListeners.TestNGUtils - [populateTestDataForBSTestOps] Replaced File Name is :: Mobile\src\test\java\MargoExpress\Mobile\Ecommerce_Tc_3.java, Absolute Path :: C:\Users\xps\eclipse-workspace\Mobile\.., Normalized Path :: C:\Users\xps\eclipse-workspace 
11:08:20.153 [FillForm@2] DEBUG c.b.utils.SeleniumMethodUtils - getURLFromCommandExecutor: Getting Hub url from HttpCommandExecutor
11:08:20.153 [FillForm@2] DEBUG c.b.utils.SeleniumMethodUtils - getURLFromCommandExecutor: Found url: https://hub-aps.browserstack.com/wd/hub
11:08:20.153 [FillForm@2] DEBUG c.b.utils.SeleniumMethodUtils - getURLFromCommandExecutor: Getting Hub url from HttpCommandExecutor
11:08:20.153 [FillForm@2] DEBUG c.b.utils.SeleniumMethodUtils - getURLFromCommandExecutor: Found url: https://hub-aps.browserstack.com/wd/hub
11:08:20.155 [FillForm@2] DEBUG com.browserstack.testOps.Listener - [ TESTHUB ] Processing Request Kind TestRunFinished
11:08:20.212 [Default test-2@2] DEBUG c.b.testNgListeners.TestNGUtils - [populateTestDataForBSTestOps] Event Type :: TestRunStarted, Test ClassName :: MargoExpress.Mobile.Ecommerce_Tc_3 
11:08:20.212 [Default test-2@2] DEBUG c.browserstack.utils.UtilityMethods - [findFileMatcher] Current Path is :: C:\Users\xps\eclipse-workspace\Mobile, TestClass :: MargoExpress\Mobile\Ecommerce_Tc_3
11:08:20.265 [Default test-2@2] DEBUG c.b.testNgListeners.TestNGUtils - [populateTestDataForBSTestOps] The filename fetched :: C:\Users\xps\eclipse-workspace\Mobile\src\test\java\MargoExpress\Mobile\Ecommerce_Tc_3.java, fileSeparator :: \, AbsolutePath :: C:\Users\xps\eclipse-workspace\Mobile\., Normalized Path :: C:\Users\xps\eclipse-workspace\Mobile, File.Separator :: \
11:08:20.265 [Default test-2@2] DEBUG c.b.testNgListeners.TestNGUtils - [populateTestDataForBSTestOps] Replaced File Name is :: Mobile\src\test\java\MargoExpress\Mobile\Ecommerce_Tc_3.java, Absolute Path :: C:\Users\xps\eclipse-workspace\Mobile\.., Normalized Path :: C:\Users\xps\eclipse-workspace 
11:08:20.270 [Default test-2@2] DEBUG c.b.utils.SeleniumMethodUtils - getURLFromCommandExecutor: Getting Hub url from HttpCommandExecutor
11:08:20.270 [Default test-2@2] DEBUG c.b.utils.SeleniumMethodUtils - getURLFromCommandExecutor: Found url: https://hub-aps.browserstack.com/wd/hub
11:08:20.270 [Default test-2@2] DEBUG c.b.utils.SeleniumMethodUtils - getURLFromCommandExecutor: Getting Hub url from HttpCommandExecutor
11:08:20.271 [Default test-2@2] DEBUG c.b.utils.SeleniumMethodUtils - getURLFromCommandExecutor: Found url: https://hub-aps.browserstack.com/wd/hub
11:08:20.273 [Default test-2@2] DEBUG com.browserstack.testOps.Listener - [ TESTHUB ] Processing Request Kind TestRunStarted
11:08:20.492 [selectProduct@1] DEBUG c.b.testNgListeners.TestNGUtils - [populateTestDataForBSTestOps] Event Type :: TestRunFinished, Test ClassName :: MargoExpress.Mobile.Ecommerce_Tc_3 
11:08:20.492 [selectProduct@1] DEBUG c.browserstack.utils.UtilityMethods - [findFileMatcher] Current Path is :: C:\Users\xps\eclipse-workspace\Mobile, TestClass :: MargoExpress\Mobile\Ecommerce_Tc_3
11:08:20.538 [selectProduct@1] DEBUG c.b.testNgListeners.TestNGUtils - [populateTestDataForBSTestOps] The filename fetched :: C:\Users\xps\eclipse-workspace\Mobile\src\test\java\MargoExpress\Mobile\Ecommerce_Tc_3.java, fileSeparator :: \, AbsolutePath :: C:\Users\xps\eclipse-workspace\Mobile\., Normalized Path :: C:\Users\xps\eclipse-workspace\Mobile, File.Separator :: \
11:08:20.538 [selectProduct@1] DEBUG c.b.testNgListeners.TestNGUtils - [populateTestDataForBSTestOps] Replaced File Name is :: Mobile\src\test\java\MargoExpress\Mobile\Ecommerce_Tc_3.java, Absolute Path :: C:\Users\xps\eclipse-workspace\Mobile\.., Normalized Path :: C:\Users\xps\eclipse-workspace 
11:08:20.542 [selectProduct@1] DEBUG c.b.utils.SeleniumMethodUtils - getURLFromCommandExecutor: Getting Hub url from HttpCommandExecutor
11:08:20.542 [selectProduct@1] DEBUG c.b.utils.SeleniumMethodUtils - getURLFromCommandExecutor: Found url: https://hub-aps.browserstack.com/wd/hub
11:08:20.542 [selectProduct@1] DEBUG c.b.utils.SeleniumMethodUtils - getURLFromCommandExecutor: Getting Hub url from HttpCommandExecutor
11:08:20.542 [selectProduct@1] DEBUG c.b.utils.SeleniumMethodUtils - getURLFromCommandExecutor: Found url: https://hub-aps.browserstack.com/wd/hub
11:08:20.544 [selectProduct@1] DEBUG com.browserstack.testOps.Listener - [ TESTHUB ] Processing Request Kind TestRunFinished
11:08:20.598 [Default test-1@1] DEBUG c.b.testNgListeners.TestNGUtils - [populateTestDataForBSTestOps] Event Type :: TestRunStarted, Test ClassName :: MargoExpress.Mobile.Ecommerce_Tc_3 
11:08:20.598 [Default test-1@1] DEBUG c.browserstack.utils.UtilityMethods - [findFileMatcher] Current Path is :: C:\Users\xps\eclipse-workspace\Mobile, TestClass :: MargoExpress\Mobile\Ecommerce_Tc_3
11:08:20.650 [Default test-1@1] DEBUG c.b.testNgListeners.TestNGUtils - [populateTestDataForBSTestOps] The filename fetched :: C:\Users\xps\eclipse-workspace\Mobile\src\test\java\MargoExpress\Mobile\Ecommerce_Tc_3.java, fileSeparator :: \, AbsolutePath :: C:\Users\xps\eclipse-workspace\Mobile\., Normalized Path :: C:\Users\xps\eclipse-workspace\Mobile, File.Separator :: \
11:08:20.650 [Default test-1@1] DEBUG c.b.testNgListeners.TestNGUtils - [populateTestDataForBSTestOps] Replaced File Name is :: Mobile\src\test\java\MargoExpress\Mobile\Ecommerce_Tc_3.java, Absolute Path :: C:\Users\xps\eclipse-workspace\Mobile\.., Normalized Path :: C:\Users\xps\eclipse-workspace 
11:08:20.655 [Default test-1@1] DEBUG c.b.utils.SeleniumMethodUtils - getURLFromCommandExecutor: Getting Hub url from HttpCommandExecutor
11:08:20.655 [Default test-1@1] DEBUG c.b.utils.SeleniumMethodUtils - getURLFromCommandExecutor: Found url: https://hub-aps.browserstack.com/wd/hub
11:08:20.655 [Default test-1@1] DEBUG c.b.utils.SeleniumMethodUtils - getURLFromCommandExecutor: Getting Hub url from HttpCommandExecutor
11:08:20.655 [Default test-1@1] DEBUG c.b.utils.SeleniumMethodUtils - getURLFromCommandExecutor: Found url: https://hub-aps.browserstack.com/wd/hub
11:08:20.656 [Default test-1@1] DEBUG com.browserstack.testOps.Listener - [ TESTHUB ] Processing Request Kind TestRunStarted
11:08:20.813 [verifyProductsAddedinCart@1] DEBUG com.browserstack.testOps.Listener - [ TESTHUB ] Processing Request Kind LogCreated
11:08:20.888 [verifyProductsAddedinCart@1] DEBUG com.browserstack.testOps.Listener - [ TESTHUB ] Processing Request Kind LogCreated
11:08:21.058 [verifyProductsAddedinCart@1] DEBUG com.browserstack.testOps.Listener - [ TESTHUB ] Processing Request Kind LogCreated
11:08:21.277 [verifyProductsAddedinCart@1] DEBUG c.b.testNgListeners.TestNGUtils - [populateTestDataForBSTestOps] Event Type :: TestRunFinished, Test ClassName :: MargoExpress.Mobile.Ecommerce_Tc_3 
11:08:21.277 [verifyProductsAddedinCart@1] DEBUG c.browserstack.utils.UtilityMethods - [findFileMatcher] Current Path is :: C:\Users\xps\eclipse-workspace\Mobile, TestClass :: MargoExpress\Mobile\Ecommerce_Tc_3
11:08:21.319 [verifyProductsAddedinCart@1] DEBUG c.b.testNgListeners.TestNGUtils - [populateTestDataForBSTestOps] The filename fetched :: C:\Users\xps\eclipse-workspace\Mobile\src\test\java\MargoExpress\Mobile\Ecommerce_Tc_3.java, fileSeparator :: \, AbsolutePath :: C:\Users\xps\eclipse-workspace\Mobile\., Normalized Path :: C:\Users\xps\eclipse-workspace\Mobile, File.Separator :: \
11:08:21.319 [verifyProductsAddedinCart@1] DEBUG c.b.testNgListeners.TestNGUtils - [populateTestDataForBSTestOps] Replaced File Name is :: Mobile\src\test\java\MargoExpress\Mobile\Ecommerce_Tc_3.java, Absolute Path :: C:\Users\xps\eclipse-workspace\Mobile\.., Normalized Path :: C:\Users\xps\eclipse-workspace 
11:08:21.326 [verifyProductsAddedinCart@1] DEBUG c.b.utils.SeleniumMethodUtils - getURLFromCommandExecutor: Getting Hub url from HttpCommandExecutor
11:08:21.327 [verifyProductsAddedinCart@1] DEBUG c.b.utils.SeleniumMethodUtils - getURLFromCommandExecutor: Found url: https://hub-aps.browserstack.com/wd/hub
11:08:21.327 [verifyProductsAddedinCart@1] DEBUG c.b.utils.SeleniumMethodUtils - getURLFromCommandExecutor: Getting Hub url from HttpCommandExecutor
11:08:21.327 [verifyProductsAddedinCart@1] DEBUG c.b.utils.SeleniumMethodUtils - getURLFromCommandExecutor: Found url: https://hub-aps.browserstack.com/wd/hub
11:08:21.330 [verifyProductsAddedinCart@1] DEBUG com.browserstack.testOps.Listener - [ TESTHUB ] Processing Request Kind TestRunFinished
11:08:21.383 [teardown@1] DEBUG c.b.testNgListeners.TestNGUtils - [populateTestDataForBSTestOps] Event Type :: HookRunStarted, Method ClassName :: MargoExpress.Mobile.BaseTest 
11:08:21.383 [teardown@1] DEBUG c.browserstack.utils.UtilityMethods - [findFileMatcher] Current Path is :: C:\Users\xps\eclipse-workspace\Mobile, TestClass :: MargoExpress\Mobile\BaseTest
11:08:21.430 [teardown@1] DEBUG c.b.testNgListeners.TestNGUtils - [populateTestDataForBSTestOps] The filename fetched :: C:\Users\xps\eclipse-workspace\Mobile\src\test\java\MargoExpress\Mobile\BaseTest.java, fileSeparator :: \, AbsolutePath :: C:\Users\xps\eclipse-workspace\Mobile\., Normalized Path :: C:\Users\xps\eclipse-workspace\Mobile, File.Separator :: \
11:08:21.431 [teardown@1] DEBUG c.b.testNgListeners.TestNGUtils - [populateTestDataForBSTestOps] Replaced File Name is :: Mobile\src\test\java\MargoExpress\Mobile\BaseTest.java, Absolute Path :: C:\Users\xps\eclipse-workspace\Mobile\.., Normalized Path :: C:\Users\xps\eclipse-workspace 
11:08:21.435 [teardown@1] DEBUG c.b.utils.SeleniumMethodUtils - getURLFromCommandExecutor: Getting Hub url from HttpCommandExecutor
11:08:21.436 [teardown@1] DEBUG c.b.utils.SeleniumMethodUtils - getURLFromCommandExecutor: Found url: https://hub-aps.browserstack.com/wd/hub
11:08:21.436 [teardown@1] DEBUG c.b.utils.SeleniumMethodUtils - getURLFromCommandExecutor: Getting Hub url from HttpCommandExecutor
11:08:21.436 [teardown@1] DEBUG c.b.utils.SeleniumMethodUtils - getURLFromCommandExecutor: Found url: https://hub-aps.browserstack.com/wd/hub
11:08:21.436 [teardown@1] DEBUG com.browserstack.testOps.Listener - [ TESTHUB ] Processing Request Kind HookRunStarted
11:08:21.436 [teardown@1] DEBUG c.browserstack.utils.LogReportingAPI - sendPlatformDetails: Can't send CBT info, as driver or test is not found
11:08:21.922 [FillForm@0] DEBUG c.b.testNgListeners.TestNGUtils - [populateTestDataForBSTestOps] Event Type :: HookRunFinished, Method ClassName :: MargoExpress.Mobile.BaseTest 
11:08:21.922 [FillForm@0] DEBUG c.browserstack.utils.UtilityMethods - [findFileMatcher] Current Path is :: C:\Users\xps\eclipse-workspace\Mobile, TestClass :: MargoExpress\Mobile\BaseTest
11:08:21.986 [FillForm@0] DEBUG c.b.testNgListeners.TestNGUtils - [populateTestDataForBSTestOps] The filename fetched :: C:\Users\xps\eclipse-workspace\Mobile\src\test\java\MargoExpress\Mobile\BaseTest.java, fileSeparator :: \, AbsolutePath :: C:\Users\xps\eclipse-workspace\Mobile\., Normalized Path :: C:\Users\xps\eclipse-workspace\Mobile, File.Separator :: \
11:08:21.987 [FillForm@0] DEBUG c.b.testNgListeners.TestNGUtils - [populateTestDataForBSTestOps] Replaced File Name is :: Mobile\src\test\java\MargoExpress\Mobile\BaseTest.java, Absolute Path :: C:\Users\xps\eclipse-workspace\Mobile\.., Normalized Path :: C:\Users\xps\eclipse-workspace 
11:08:21.993 [FillForm@0] DEBUG c.b.utils.SeleniumMethodUtils - getURLFromCommandExecutor: Getting Hub url from HttpCommandExecutor
11:08:21.993 [FillForm@0] DEBUG c.b.utils.SeleniumMethodUtils - getURLFromCommandExecutor: Found url: https://hub-aps.browserstack.com/wd/hub
11:08:21.993 [FillForm@0] DEBUG c.b.utils.SeleniumMethodUtils - getURLFromCommandExecutor: Getting Hub url from HttpCommandExecutor
11:08:21.993 [FillForm@0] DEBUG c.b.utils.SeleniumMethodUtils - getURLFromCommandExecutor: Found url: https://hub-aps.browserstack.com/wd/hub
11:08:21.993 [FillForm@0] DEBUG com.browserstack.testOps.Listener - [ TESTHUB ] Processing Request Kind HookRunFinished
11:08:21.994 [FillForm@0] DEBUG c.b.testNgListeners.TestNGUtils - [populateTestDataForBSTestOps] Event Type :: TestRunFinished, Test ClassName :: MargoExpress.Mobile.Ecommerce_Tc_3 
11:08:21.994 [FillForm@0] DEBUG c.browserstack.utils.UtilityMethods - [findFileMatcher] Current Path is :: C:\Users\xps\eclipse-workspace\Mobile, TestClass :: MargoExpress\Mobile\Ecommerce_Tc_3
11:08:22.046 [FillForm@0] DEBUG c.b.testNgListeners.TestNGUtils - [populateTestDataForBSTestOps] The filename fetched :: C:\Users\xps\eclipse-workspace\Mobile\src\test\java\MargoExpress\Mobile\Ecommerce_Tc_3.java, fileSeparator :: \, AbsolutePath :: C:\Users\xps\eclipse-workspace\Mobile\., Normalized Path :: C:\Users\xps\eclipse-workspace\Mobile, File.Separator :: \
11:08:22.046 [FillForm@0] DEBUG c.b.testNgListeners.TestNGUtils - [populateTestDataForBSTestOps] Replaced File Name is :: Mobile\src\test\java\MargoExpress\Mobile\Ecommerce_Tc_3.java, Absolute Path :: C:\Users\xps\eclipse-workspace\Mobile\.., Normalized Path :: C:\Users\xps\eclipse-workspace 
11:08:22.052 [FillForm@0] DEBUG c.b.utils.SeleniumMethodUtils - getURLFromCommandExecutor: Getting Hub url from HttpCommandExecutor
11:08:22.052 [FillForm@0] DEBUG c.b.utils.SeleniumMethodUtils - getURLFromCommandExecutor: Found url: https://hub-aps.browserstack.com/wd/hub
11:08:22.052 [FillForm@0] DEBUG c.b.utils.SeleniumMethodUtils - getURLFromCommandExecutor: Getting Hub url from HttpCommandExecutor
11:08:22.052 [FillForm@0] DEBUG c.b.utils.SeleniumMethodUtils - getURLFromCommandExecutor: Found url: https://hub-aps.browserstack.com/wd/hub
11:08:22.054 [FillForm@0] DEBUG com.browserstack.testOps.Listener - [ TESTHUB ] Processing Request Kind TestRunFinished
11:08:22.124 [Default test-0@0] DEBUG c.b.testNgListeners.TestNGUtils - [populateTestDataForBSTestOps] Event Type :: TestRunStarted, Test ClassName :: MargoExpress.Mobile.Ecommerce_Tc_3 
11:08:22.124 [Default test-0@0] DEBUG c.browserstack.utils.UtilityMethods - [findFileMatcher] Current Path is :: C:\Users\xps\eclipse-workspace\Mobile, TestClass :: MargoExpress\Mobile\Ecommerce_Tc_3
11:08:22.182 [Default test-0@0] DEBUG c.b.testNgListeners.TestNGUtils - [populateTestDataForBSTestOps] The filename fetched :: C:\Users\xps\eclipse-workspace\Mobile\src\test\java\MargoExpress\Mobile\Ecommerce_Tc_3.java, fileSeparator :: \, AbsolutePath :: C:\Users\xps\eclipse-workspace\Mobile\., Normalized Path :: C:\Users\xps\eclipse-workspace\Mobile, File.Separator :: \
11:08:22.182 [Default test-0@0] DEBUG c.b.testNgListeners.TestNGUtils - [populateTestDataForBSTestOps] Replaced File Name is :: Mobile\src\test\java\MargoExpress\Mobile\Ecommerce_Tc_3.java, Absolute Path :: C:\Users\xps\eclipse-workspace\Mobile\.., Normalized Path :: C:\Users\xps\eclipse-workspace 
11:08:22.187 [Default test-0@0] DEBUG c.b.utils.SeleniumMethodUtils - getURLFromCommandExecutor: Getting Hub url from HttpCommandExecutor
11:08:22.187 [Default test-0@0] DEBUG c.b.utils.SeleniumMethodUtils - getURLFromCommandExecutor: Found url: https://hub-aps.browserstack.com/wd/hub
11:08:22.187 [Default test-0@0] DEBUG c.b.utils.SeleniumMethodUtils - getURLFromCommandExecutor: Getting Hub url from HttpCommandExecutor
11:08:22.187 [Default test-0@0] DEBUG c.b.utils.SeleniumMethodUtils - getURLFromCommandExecutor: Found url: https://hub-aps.browserstack.com/wd/hub
11:08:22.189 [Default test-0@0] DEBUG com.browserstack.testOps.Listener - [ TESTHUB ] Processing Request Kind TestRunStarted
11:08:23.081 [selectProduct@2] DEBUG c.b.testNgListeners.TestNGUtils - [populateTestDataForBSTestOps] Event Type :: TestRunFinished, Test ClassName :: MargoExpress.Mobile.Ecommerce_Tc_3 
11:08:23.081 [selectProduct@2] DEBUG c.browserstack.utils.UtilityMethods - [findFileMatcher] Current Path is :: C:\Users\xps\eclipse-workspace\Mobile, TestClass :: MargoExpress\Mobile\Ecommerce_Tc_3
11:08:23.132 [selectProduct@2] DEBUG c.b.testNgListeners.TestNGUtils - [populateTestDataForBSTestOps] The filename fetched :: C:\Users\xps\eclipse-workspace\Mobile\src\test\java\MargoExpress\Mobile\Ecommerce_Tc_3.java, fileSeparator :: \, AbsolutePath :: C:\Users\xps\eclipse-workspace\Mobile\., Normalized Path :: C:\Users\xps\eclipse-workspace\Mobile, File.Separator :: \
11:08:23.132 [selectProduct@2] DEBUG c.b.testNgListeners.TestNGUtils - [populateTestDataForBSTestOps] Replaced File Name is :: Mobile\src\test\java\MargoExpress\Mobile\Ecommerce_Tc_3.java, Absolute Path :: C:\Users\xps\eclipse-workspace\Mobile\.., Normalized Path :: C:\Users\xps\eclipse-workspace 
11:08:23.138 [selectProduct@2] DEBUG c.b.utils.SeleniumMethodUtils - getURLFromCommandExecutor: Getting Hub url from HttpCommandExecutor
11:08:23.138 [selectProduct@2] DEBUG c.b.utils.SeleniumMethodUtils - getURLFromCommandExecutor: Found url: https://hub-aps.browserstack.com/wd/hub
11:08:23.138 [selectProduct@2] DEBUG c.b.utils.SeleniumMethodUtils - getURLFromCommandExecutor: Getting Hub url from HttpCommandExecutor
11:08:23.138 [selectProduct@2] DEBUG c.b.utils.SeleniumMethodUtils - getURLFromCommandExecutor: Found url: https://hub-aps.browserstack.com/wd/hub
11:08:23.140 [selectProduct@2] DEBUG com.browserstack.testOps.Listener - [ TESTHUB ] Processing Request Kind TestRunFinished
11:08:23.190 [Default test-2@2] DEBUG c.b.testNgListeners.TestNGUtils - [populateTestDataForBSTestOps] Event Type :: TestRunStarted, Test ClassName :: MargoExpress.Mobile.Ecommerce_Tc_3 
11:08:23.191 [Default test-2@2] DEBUG c.browserstack.utils.UtilityMethods - [findFileMatcher] Current Path is :: C:\Users\xps\eclipse-workspace\Mobile, TestClass :: MargoExpress\Mobile\Ecommerce_Tc_3
11:08:23.237 [Default test-2@2] DEBUG c.b.testNgListeners.TestNGUtils - [populateTestDataForBSTestOps] The filename fetched :: C:\Users\xps\eclipse-workspace\Mobile\src\test\java\MargoExpress\Mobile\Ecommerce_Tc_3.java, fileSeparator :: \, AbsolutePath :: C:\Users\xps\eclipse-workspace\Mobile\., Normalized Path :: C:\Users\xps\eclipse-workspace\Mobile, File.Separator :: \
11:08:23.237 [Default test-2@2] DEBUG c.b.testNgListeners.TestNGUtils - [populateTestDataForBSTestOps] Replaced File Name is :: Mobile\src\test\java\MargoExpress\Mobile\Ecommerce_Tc_3.java, Absolute Path :: C:\Users\xps\eclipse-workspace\Mobile\.., Normalized Path :: C:\Users\xps\eclipse-workspace 
11:08:23.243 [Default test-2@2] DEBUG c.b.utils.SeleniumMethodUtils - getURLFromCommandExecutor: Getting Hub url from HttpCommandExecutor
11:08:23.243 [Default test-2@2] DEBUG c.b.utils.SeleniumMethodUtils - getURLFromCommandExecutor: Found url: https://hub-aps.browserstack.com/wd/hub
11:08:23.243 [Default test-2@2] DEBUG c.b.utils.SeleniumMethodUtils - getURLFromCommandExecutor: Getting Hub url from HttpCommandExecutor
11:08:23.243 [Default test-2@2] DEBUG c.b.utils.SeleniumMethodUtils - getURLFromCommandExecutor: Found url: https://hub-aps.browserstack.com/wd/hub
11:08:23.245 [Default test-2@2] DEBUG com.browserstack.testOps.Listener - [ TESTHUB ] Processing Request Kind TestRunStarted
11:08:23.529 [pool-4-thread-1] DEBUG c.browserstack.utils.RequestBatcher - Time Since Last Batch Processed 3999

11:08:23.531 [pool-5-thread-1] DEBUG c.browserstack.utils.RequestBatcher - Processing Batch 15

11:08:23.535 [pool-5-thread-1] DEBUG c.browserstack.testOps.RequestUtils - [requestToTestOps] Sending Observability request: POST api/v1/batch with request size 47132
11:08:23.537 [pool-5-thread-1] DEBUG c.browserstack.testOps.RequestUtils - [makeRequest] Sending request: POST https://collector-observability.browserstack.com/api/v1/batch with request size 47132
11:08:23.717 [verifyProductsAddedinCart@2] DEBUG com.browserstack.testOps.Listener - [ TESTHUB ] Processing Request Kind LogCreated
11:08:23.759 [pool-5-thread-1] DEBUG c.browserstack.testOps.RequestUtils - [makeRequest]: Response code: 200
11:08:23.759 [pool-5-thread-1] DEBUG c.browserstack.testOps.RequestUtils - requestToTestOps: Response code: 200
11:08:23.759 [pool-5-thread-1] DEBUG c.browserstack.utils.LogReportingAPI - 
[2024-11-05T07:08:23.759165400Z][ TESTHUB ] Batch event successfull!

11:08:23.789 [verifyProductsAddedinCart@2] DEBUG com.browserstack.testOps.Listener - [ TESTHUB ] Processing Request Kind LogCreated
11:08:23.953 [verifyProductsAddedinCart@2] DEBUG com.browserstack.testOps.Listener - [ TESTHUB ] Processing Request Kind LogCreated
11:08:24.087 [teardown@1] DEBUG c.b.testNgListeners.TestNGUtils - [populateTestDataForBSTestOps] Event Type :: HookRunFinished, Method ClassName :: MargoExpress.Mobile.BaseTest 
11:08:24.087 [teardown@1] DEBUG c.browserstack.utils.UtilityMethods - [findFileMatcher] Current Path is :: C:\Users\xps\eclipse-workspace\Mobile, TestClass :: MargoExpress\Mobile\BaseTest
11:08:24.140 [teardown@1] DEBUG c.b.testNgListeners.TestNGUtils - [populateTestDataForBSTestOps] The filename fetched :: C:\Users\xps\eclipse-workspace\Mobile\src\test\java\MargoExpress\Mobile\BaseTest.java, fileSeparator :: \, AbsolutePath :: C:\Users\xps\eclipse-workspace\Mobile\., Normalized Path :: C:\Users\xps\eclipse-workspace\Mobile, File.Separator :: \
11:08:24.140 [teardown@1] DEBUG c.b.testNgListeners.TestNGUtils - [populateTestDataForBSTestOps] Replaced File Name is :: Mobile\src\test\java\MargoExpress\Mobile\BaseTest.java, Absolute Path :: C:\Users\xps\eclipse-workspace\Mobile\.., Normalized Path :: C:\Users\xps\eclipse-workspace 
11:08:24.140 [teardown@1] DEBUG com.browserstack.testOps.Listener - [ TESTHUB ] Processing Request Kind HookRunFinished
11:08:24.146 [teardown@1] DEBUG c.b.utils.FunnelInstrumentation - Unable to parse data from processes. Exception: Unexpected token END OF FILE at position 0.
	at browserstack.shaded.org.json.simple.parser.JSONParser.parse(Unknown Source)
	at browserstack.shaded.org.json.simple.parser.JSONParser.parse(Unknown Source)
	at browserstack.shaded.org.json.simple.parser.JSONParser.parse(Unknown Source)
	at com.browserstack.utils.FunnelInstrumentation.getFormattedDataFromProcesses(Unknown Source)
	at com.browserstack.utils.FunnelInstrumentation.createParamsForEvent(Unknown Source)
	at com.browserstack.utils.FunnelInstrumentation.sendSDKEvent(Unknown Source)
	at com.browserstack.testNgListeners.TmpSuiteListener.onFinish(Unknown Source)
	at org.testng.TestRunner.fireEvent(TestRunner.java:873)
	at org.testng.TestRunner.afterRun(TestRunner.java:828)
	at org.testng.TestRunner.run(TestRunner.java:616)
	at org.testng.SuiteRunner.runTest(SuiteRunner.java:421)
	at org.testng.SuiteRunner$SuiteWorker.run(SuiteRunner.java:463)
	at org.testng.internal.thread.ThreadUtil.lambda$execute$0(ThreadUtil.java:64)
	at java.base/java.util.concurrent.FutureTask.run(FutureTask.java:317)
	at java.base/java.util.concurrent.ThreadPoolExecutor.runWorker(ThreadPoolExecutor.java:1144)
	at java.base/java.util.concurrent.ThreadPoolExecutor$Worker.run(ThreadPoolExecutor.java:642)
	at java.base/java.lang.Thread.run(Thread.java:1583)

11:08:24.147 [teardown@1] DEBUG com.browserstack.testOps.UsageStats - getFormattedData: Collecting data for TestObservability
11:08:24.147 [teardown@1] DEBUG com.browserstack.testOps.UsageStats - getEventStats: Getting event data for TestObservability
11:08:24.152 [teardown@1] DEBUG com.browserstack.testOps.UsageStats - [OBSERVABILITY] Failed to parse data from workers
11:08:24.167 [verifyProductsAddedinCart@2] DEBUG c.b.testNgListeners.TestNGUtils - [populateTestDataForBSTestOps] Event Type :: TestRunFinished, Test ClassName :: MargoExpress.Mobile.Ecommerce_Tc_3 
11:08:24.167 [verifyProductsAddedinCart@2] DEBUG c.browserstack.utils.UtilityMethods - [findFileMatcher] Current Path is :: C:\Users\xps\eclipse-workspace\Mobile, TestClass :: MargoExpress\Mobile\Ecommerce_Tc_3
11:08:24.221 [teardown@1] DEBUG c.b.utils.FunnelInstrumentation - Sending funnel data for SDKTestSuccessful with data: {"event_type":"SDKTestSuccessful","accessKey":"1XSLBqNLYzWiPhqyqy9L","userName":"roshinsurendran_Sh2ZAM","event_properties":{"isPercyAutoEnabled":false,"language":"java","sdkRunId":"049ffe2f-0593-48ca-a77a-5ff290d699a0","buildIdentifier":"#3","error":"[{\"tests\":{\"MargoExpress.Mobile.Ecommerce_Tc_3-verifyProductsAddedinCart\":\"Unknown mobile command \\\"longClickGesture\\\". Only shell,scrollBackTo,viewportScreenshot,deepLink,startLogsBroadcast,stopLogsBroadcast,acceptAlert,dismissAlert,batteryInfo,deviceInfo,changePermissions,getPermissions,performEditorAction,startScreenStreaming,stopScreenStreaming,getNotifications,listSms,type commands are supported. Build info: version: '4.26.0', revision: '8ccf0219d7' System info: os.name: 'Windows 11', os.arch: 'amd64', os.version: '10.0', java.version: '21.0.3' Driver info: io.appium.java_client.android.AndroidDriver Command: [0eaac2474d4c2a18d688352a1973914102632fca, executeScript {args=[{elementId=f4cb9060-1e88-4245-baf9-c744d30b6581, duration=2000}], script=mobile: longClickGesture}] Capabilities {appium:appActivity: com.androidsample.generalst..., appium:appPackage: com.androidsample.generalstore, appium:automationName: uiautomator2, appium:bundleID: com.androidsample.generalstore, appium:bundleId: com.androidsample.generalstore, appium:chromedriverPort: 18082, appium:chromedriverPorts: [[18122, 18132]], appium:databaseEnabled: false, appium:desired: {appActivity: com.androidsample.generalst..., appPackage: com.androidsample.generalstore, automationName: uiautomator2, bstack:options: {buildIdentifier: #3, hostName: Roshin, localIdentifier: 05_Nov_117_Roshin_kXhF}, bundleID: com.androidsample.generalstore, bundleId: com.androidsample.generalstore, chromedriverPort: 18082, chromedriverPorts: [[18122, 18132]], deviceName: pixel 8 pro emulator, disableSuppressAccessibilityService: true, goog:chromeOptions: {}, nativeWebScreenshot: true, newCommandTimeout: 0, platformName: Android, skipServerInstallation: true, systemPort: 8202, udid: R5CRC1WYEGR}, appium:deviceApiLevel: 30, appium:deviceManufacturer: samsung, appium:deviceModel: SM-G991B, appium:deviceName: R5CRC1WYEGR, appium:deviceScreenDensity: 480, appium:deviceScreenSize: 1080x2400, appium:deviceUDID: R5CRC1WYEGR, appium:disableSuppressAccessibilityService: true, appium:javascriptEnabled: true, appium:locationContextEnabled: false, appium:nativeWebScreenshot: true, appium:networkConnectionEnabled: true, appium:newCommandTimeout: 0, appium:optimalHubUrl: hub-aps.browserstack.com, appium:pixelRatio: 3, appium:platformVersion: 11, appium:skipServerInstallation: true, appium:statBarHeight: 79, appium:systemPort: 8202, appium:takesScreenshot: true, appium:udid: R5CRC1WYEGR, appium:viewportRect: {height: 2097, left: 0, top: 79, width: 1080}, appium:warnings: {}, appium:webStorageEnabled: false, bstack:options: {buildIdentifier: #3, hostName: Roshin, localIdentifier: 05_Nov_117_Roshin_kXhF}, goog:chromeOptions: {}, platformName: ANDROID} Session ID: 0eaac2474d4c2a18d688352a1973914102632fca\"},\"platformVersion\":\"11.0\",\"deviceName\":\"Samsung Galaxy S21\"},{\"tests\":{\"MargoExpress.Mobile.Ecommerce_Tc_3-verifyProductsAddedinCart\":\"Unknown mobile command \\\"longClickGesture\\\". Only shell,scrollBackTo,viewportScreenshot,deepLink,startLogsBroadcast,stopLogsBroadcast,acceptAlert,dismissAlert,batteryInfo,deviceInfo,changePermissions,getPermissions,performEditorAction,startScreenStreaming,stopScreenStreaming,getNotifications,listSms,type commands are supported. Build info: version: '4.26.0', revision: '8ccf0219d7' System info: os.name: 'Windows 11', os.arch: 'amd64', os.version: '10.0', java.version: '21.0.3' Driver info: io.appium.java_client.android.AndroidDriver Command: [cf9bf87ca34b0d1b421063b7c1a3f6d375c58f37, executeScript {args=[{elementId=2b0ddb22-c2f4-475a-8981-e3f0913695a5, duration=2000}], script=mobile: longClickGesture}] Capabilities {appium:appActivity: com.androidsample.generalst..., appium:appPackage: com.androidsample.generalstore, appium:automationName: uiautomator2, appium:bundleID: com.androidsample.generalstore, appium:bundleId: com.androidsample.generalstore, appium:chromedriverPort: 18080, appium:chromedriverPorts: [[18100, 18110]], appium:databaseEnabled: false, appium:desired: {appActivity: com.androidsample.generalst..., appPackage: com.androidsample.generalstore, automationName: uiautomator2, bstack:options: {buildIdentifier: #3, hostName: Roshin, localIdentifier: 05_Nov_117_Roshin_kXhF}, bundleID: com.androidsample.generalstore, bundleId: com.androidsample.generalstore, chromedriverPort: 18080, chromedriverPorts: [[18100, 18110]], deviceName: pixel 8 pro emulator, disableSuppressAccessibilityService: true, goog:chromeOptions: {}, nativeWebScreenshot: true, newCommandTimeout: 0, platformName: Android, skipServerInstallation: true, systemPort: 8200, udid: 1B031FDEE0057Q}, appium:deviceApiLevel: 31, appium:deviceManufacturer: Google, appium:deviceModel: Pixel 6 Pro, appium:deviceName: 1B031FDEE0057Q, appium:deviceScreenDensity: 560, appium:deviceScreenSize: 1440x3120, appium:deviceUDID: 1B031FDEE0057Q, appium:disableSuppressAccessibilityService: true, appium:javascriptEnabled: true, appium:locationContextEnabled: false, appium:nativeWebScreenshot: true, appium:networkConnectionEnabled: true, appium:newCommandTimeout: 0, appium:optimalHubUrl: hub-aps.browserstack.com, appium:pixelRatio: 3.5, appium:platformVersion: 12, appium:skipServerInstallation: true, appium:statBarHeight: 145, appium:systemPort: 8200, appium:takesScreenshot: true, appium:udid: 1B031FDEE0057Q, appium:viewportRect: {height: 2789, left: 0, top: 145, width: 1440}, appium:warnings: {}, appium:webStorageEnabled: false, bstack:options: {buildIdentifier: #3, hostName: Roshin, localIdentifier: 05_Nov_117_Roshin_kXhF}, goog:chromeOptions: {}, platformName: ANDROID} Session ID: cf9bf87ca34b0d1b421063b7c1a3f6d375c58f37\"},\"platformVersion\":\"12.0\",\"deviceName\":\"Google Pixel 6 Pro\"}]","testhub_uuid":"tv0y26m57nauy8dl1gcvdrymrgagz4r8u1ytgks2","detectedAppiumVersion":"null","productMap":{"app_automate":true,"accessibility":false,"automate":false,"percy":false,"observability":true,"turboscale":false},"hostname":"Roshin","measures":{"percy:start":751,"local:start":5608,"sdk:setup":13137},"productUsage":{"testObservability":{"buildHashedId":"tv0y26m57nauy8dl1gcvdrymrgagz4r8u1ytgks2","manuallySet":false,"enabled":true,"events":{"hookEvents":{"started":{"errors":[],"triggeredCount":3,"failedCount":0,"sentCount":4},"finished":{"triggeredCount":4,"failedCount":0,"errors":[],"sentCount":3},"passed":{"errors":[],"triggeredCount":4,"failedCount":0,"sentCount":3}},"logEvents":{"errors":[],"triggeredCount":152,"failedCount":0,"sentCount":149,"log":{"errors":[],"triggeredCount":152,"failedCount":0,"sentCount":149}},"testEvents":{"started":{"errors":[],"triggeredCount":8,"failedCount":0,"sentCount":8},"finished":{"triggeredCount":6,"failedCount":0,"errors":[],"sentCount":6},"failed":{"errors":[],"triggeredCount":1,"failedCount":0,"sentCount":1},"passed":{"errors":[],"triggeredCount":5,"failedCount":0,"sentCount":5}},"batchEvents":{"triggeredCount":7,"failedCount":0,"errors":[],"sentCount":7},"cbtSessionEvents":{"errors":[],"triggeredCount":0,"failedCount":0,"sentCount":0},"buildEvents":{"started":{"error":null,"status":"success","triggered":true},"finished":{"error":null,"status":null,"triggered":null}}}}},"browserStackConfig":{"browserstackLocal":true,"percy":false,"logLevel":"info","staticWebDriver":true,"autoDetectFramework":true,"percyCaptureMode":"MANUAL","browserStackLocalOptions":{"localIdentifier":"05_Nov_117_Roshin_kXhF","key":"****"},"percyOptions":{},"testContextOptions":{"skipSessionName":false,"skipSessionStatus":false,"serenityOverridePlugin":false},"platforms":[{"capabilities":{"platformVersion":12.0,"platformName":"android","deviceName":"Samsung Galaxy S22 Ultra"},"browserVersion":null,"osVersion":null,"browser":null,"device":"Samsung Galaxy S22 Ultra","os":null,"platformCaps":{"platformVersion":12.0,"platformName":"android","deviceName":"Samsung Galaxy S22 Ultra"},"platformString":"Samsung Galaxy S22 Ultra, 12.0","customVariables":"****"},{"capabilities":{"platformVersion":11.0,"platformName":"android","deviceName":"Samsung Galaxy S21"},"browserVersion":null,"osVersion":null,"browser":null,"device":"Samsung Galaxy S21","os":null,"platformCaps":{"platformVersion":11.0,"platformName":"android","deviceName":"Samsung Galaxy S21"},"platformString":"Samsung Galaxy S21, 11.0","customVariables":"****"},{"capabilities":{"platformVersion":12.0,"platformName":"android","deviceName":"Google Pixel 6 Pro"},"browserVersion":null,"osVersion":null,"browser":null,"device":"Google Pixel 6 Pro","os":null,"platformCaps":{"platformVersion":12.0,"platformName":"android","deviceName":"Google Pixel 6 Pro"},"platformString":"Google Pixel 6 Pro, 12.0","customVariables":"****"}],"parallelsPerPlatform":1,"framework":"testng","accessibility":false,"accessibilityOptions":{},"turboScaleOptions":{},"disableAutoCaptureLogs":true,"testObservability":true,"browserstackAutomation":true,"turboScale":false,"testObservabilityOptions":{},"gradleMConfig":null,"proxySettings":null},"percyBuildId":null,"product":"[app-automate, observability]","buildName":"browserstack build","os":"Windows 11","languageVersion":"21.0.3","appiumVersion":"9.3.0","frameworkDetectionInstrumentation":{"parseLoadClass":27,"ret-org.openqa.selenium.remote.RemoteWebDriver":345,"retransformClasses":345,"parseDependencies":19},"userFramework":"testng","detectedDependencies":"testng","referrer":"testng-javaagent\/1.26.4","locationTrigger":"onFinish","language_framework":"java_testng","detectedFramework":"testng","testOrchestration":{"abortBuildOnFailure":{"enabled":false},"retryTestsOnFailure":{"enabled":false},"userConfig":{}},"detectedSeleniumVersion":"4.26.0","seleniumVersion":"4.26.0"}}
11:08:24.235 [verifyProductsAddedinCart@2] DEBUG c.b.testNgListeners.TestNGUtils - [populateTestDataForBSTestOps] The filename fetched :: C:\Users\xps\eclipse-workspace\Mobile\src\test\java\MargoExpress\Mobile\Ecommerce_Tc_3.java, fileSeparator :: \, AbsolutePath :: C:\Users\xps\eclipse-workspace\Mobile\., Normalized Path :: C:\Users\xps\eclipse-workspace\Mobile, File.Separator :: \
11:08:24.235 [verifyProductsAddedinCart@2] DEBUG c.b.testNgListeners.TestNGUtils - [populateTestDataForBSTestOps] Replaced File Name is :: Mobile\src\test\java\MargoExpress\Mobile\Ecommerce_Tc_3.java, Absolute Path :: C:\Users\xps\eclipse-workspace\Mobile\.., Normalized Path :: C:\Users\xps\eclipse-workspace 
11:08:24.241 [verifyProductsAddedinCart@2] DEBUG c.b.utils.SeleniumMethodUtils - getURLFromCommandExecutor: Getting Hub url from HttpCommandExecutor
11:08:24.241 [verifyProductsAddedinCart@2] DEBUG c.b.utils.SeleniumMethodUtils - getURLFromCommandExecutor: Found url: https://hub-aps.browserstack.com/wd/hub
11:08:24.242 [verifyProductsAddedinCart@2] DEBUG c.b.utils.SeleniumMethodUtils - getURLFromCommandExecutor: Getting Hub url from HttpCommandExecutor
11:08:24.242 [verifyProductsAddedinCart@2] DEBUG c.b.utils.SeleniumMethodUtils - getURLFromCommandExecutor: Found url: https://hub-aps.browserstack.com/wd/hub
11:08:24.246 [verifyProductsAddedinCart@2] DEBUG com.browserstack.testOps.Listener - [ TESTHUB ] Processing Request Kind TestRunFinished
11:08:24.295 [teardown@2] DEBUG c.b.testNgListeners.TestNGUtils - [populateTestDataForBSTestOps] Event Type :: HookRunStarted, Method ClassName :: MargoExpress.Mobile.BaseTest 
11:08:24.295 [teardown@2] DEBUG c.browserstack.utils.UtilityMethods - [findFileMatcher] Current Path is :: C:\Users\xps\eclipse-workspace\Mobile, TestClass :: MargoExpress\Mobile\BaseTest
11:08:24.344 [teardown@2] DEBUG c.b.testNgListeners.TestNGUtils - [populateTestDataForBSTestOps] The filename fetched :: C:\Users\xps\eclipse-workspace\Mobile\src\test\java\MargoExpress\Mobile\BaseTest.java, fileSeparator :: \, AbsolutePath :: C:\Users\xps\eclipse-workspace\Mobile\., Normalized Path :: C:\Users\xps\eclipse-workspace\Mobile, File.Separator :: \
11:08:24.345 [teardown@2] DEBUG c.b.testNgListeners.TestNGUtils - [populateTestDataForBSTestOps] Replaced File Name is :: Mobile\src\test\java\MargoExpress\Mobile\BaseTest.java, Absolute Path :: C:\Users\xps\eclipse-workspace\Mobile\.., Normalized Path :: C:\Users\xps\eclipse-workspace 
11:08:24.352 [teardown@2] DEBUG c.b.utils.SeleniumMethodUtils - getURLFromCommandExecutor: Getting Hub url from HttpCommandExecutor
11:08:24.352 [teardown@2] DEBUG c.b.utils.SeleniumMethodUtils - getURLFromCommandExecutor: Found url: https://hub-aps.browserstack.com/wd/hub
11:08:24.352 [teardown@2] DEBUG c.b.utils.SeleniumMethodUtils - getURLFromCommandExecutor: Getting Hub url from HttpCommandExecutor
11:08:24.352 [teardown@2] DEBUG c.b.utils.SeleniumMethodUtils - getURLFromCommandExecutor: Found url: https://hub-aps.browserstack.com/wd/hub
11:08:24.352 [teardown@2] DEBUG com.browserstack.testOps.Listener - [ TESTHUB ] Processing Request Kind HookRunStarted
11:08:24.352 [teardown@2] DEBUG c.browserstack.utils.LogReportingAPI - sendPlatformDetails: Can't send CBT info, as driver or test is not found
11:08:24.717 [teardown@1] DEBUG c.b.utils.FunnelInstrumentation - API Event SDKTestSuccessful response - {"message":"SDK Event recorded successfully"}
11:08:24.717 [teardown@1] DEBUG c.browserstack.utils.LogReportingAPI - sendSync failed - driver not alive
11:08:24.718 [teardown@1] DEBUG com.browserstack.testOps.Listener - [ TESTHUB ] Processing Request Kind LogCreated
11:08:24.719 [teardown@1] DEBUG com.browserstack.testOps.Listener - [ TESTHUB ] Processing Request Kind LogCreated
11:08:24.720 [teardown@1] DEBUG com.browserstack.testOps.Listener - [ TESTHUB ] Processing Request Kind LogCreated
11:08:24.721 [teardown@1] DEBUG com.browserstack.testOps.Listener - [ TESTHUB ] Processing Request Kind LogCreated
11:08:25.216 [selectProduct@0] DEBUG c.b.testNgListeners.TestNGUtils - [populateTestDataForBSTestOps] Event Type :: TestRunFinished, Test ClassName :: MargoExpress.Mobile.Ecommerce_Tc_3 
11:08:25.216 [selectProduct@0] DEBUG c.browserstack.utils.UtilityMethods - [findFileMatcher] Current Path is :: C:\Users\xps\eclipse-workspace\Mobile, TestClass :: MargoExpress\Mobile\Ecommerce_Tc_3
11:08:25.267 [selectProduct@0] DEBUG c.b.testNgListeners.TestNGUtils - [populateTestDataForBSTestOps] The filename fetched :: C:\Users\xps\eclipse-workspace\Mobile\src\test\java\MargoExpress\Mobile\Ecommerce_Tc_3.java, fileSeparator :: \, AbsolutePath :: C:\Users\xps\eclipse-workspace\Mobile\., Normalized Path :: C:\Users\xps\eclipse-workspace\Mobile, File.Separator :: \
11:08:25.268 [selectProduct@0] DEBUG c.b.testNgListeners.TestNGUtils - [populateTestDataForBSTestOps] Replaced File Name is :: Mobile\src\test\java\MargoExpress\Mobile\Ecommerce_Tc_3.java, Absolute Path :: C:\Users\xps\eclipse-workspace\Mobile\.., Normalized Path :: C:\Users\xps\eclipse-workspace 
11:08:25.272 [selectProduct@0] DEBUG c.b.utils.SeleniumMethodUtils - getURLFromCommandExecutor: Getting Hub url from HttpCommandExecutor
11:08:25.272 [selectProduct@0] DEBUG c.b.utils.SeleniumMethodUtils - getURLFromCommandExecutor: Found url: https://hub-aps.browserstack.com/wd/hub
11:08:25.272 [selectProduct@0] DEBUG c.b.utils.SeleniumMethodUtils - getURLFromCommandExecutor: Getting Hub url from HttpCommandExecutor
11:08:25.272 [selectProduct@0] DEBUG c.b.utils.SeleniumMethodUtils - getURLFromCommandExecutor: Found url: https://hub-aps.browserstack.com/wd/hub
11:08:25.274 [selectProduct@0] DEBUG com.browserstack.testOps.Listener - [ TESTHUB ] Processing Request Kind TestRunFinished
11:08:25.341 [Default test-0@0] DEBUG c.b.testNgListeners.TestNGUtils - [populateTestDataForBSTestOps] Event Type :: TestRunStarted, Test ClassName :: MargoExpress.Mobile.Ecommerce_Tc_3 
11:08:25.341 [Default test-0@0] DEBUG c.browserstack.utils.UtilityMethods - [findFileMatcher] Current Path is :: C:\Users\xps\eclipse-workspace\Mobile, TestClass :: MargoExpress\Mobile\Ecommerce_Tc_3
11:08:25.386 [Default test-0@0] DEBUG c.b.testNgListeners.TestNGUtils - [populateTestDataForBSTestOps] The filename fetched :: C:\Users\xps\eclipse-workspace\Mobile\src\test\java\MargoExpress\Mobile\Ecommerce_Tc_3.java, fileSeparator :: \, AbsolutePath :: C:\Users\xps\eclipse-workspace\Mobile\., Normalized Path :: C:\Users\xps\eclipse-workspace\Mobile, File.Separator :: \
11:08:25.386 [Default test-0@0] DEBUG c.b.testNgListeners.TestNGUtils - [populateTestDataForBSTestOps] Replaced File Name is :: Mobile\src\test\java\MargoExpress\Mobile\Ecommerce_Tc_3.java, Absolute Path :: C:\Users\xps\eclipse-workspace\Mobile\.., Normalized Path :: C:\Users\xps\eclipse-workspace 
11:08:25.391 [Default test-0@0] DEBUG c.b.utils.SeleniumMethodUtils - getURLFromCommandExecutor: Getting Hub url from HttpCommandExecutor
11:08:25.392 [Default test-0@0] DEBUG c.b.utils.SeleniumMethodUtils - getURLFromCommandExecutor: Found url: https://hub-aps.browserstack.com/wd/hub
11:08:25.392 [Default test-0@0] DEBUG c.b.utils.SeleniumMethodUtils - getURLFromCommandExecutor: Getting Hub url from HttpCommandExecutor
11:08:25.392 [Default test-0@0] DEBUG c.b.utils.SeleniumMethodUtils - getURLFromCommandExecutor: Found url: https://hub-aps.browserstack.com/wd/hub
11:08:25.395 [Default test-0@0] DEBUG com.browserstack.testOps.Listener - [ TESTHUB ] Processing Request Kind TestRunStarted
11:08:25.622 [verifyProductsAddedinCart@0] DEBUG com.browserstack.testOps.Listener - [ TESTHUB ] Processing Request Kind LogCreated
11:08:25.705 [verifyProductsAddedinCart@0] DEBUG com.browserstack.testOps.Listener - [ TESTHUB ] Processing Request Kind LogCreated
11:08:25.977 [verifyProductsAddedinCart@0] DEBUG com.browserstack.testOps.Listener - [ TESTHUB ] Processing Request Kind LogCreated
11:08:26.333 [verifyProductsAddedinCart@0] DEBUG c.b.testNgListeners.TestNGUtils - [populateTestDataForBSTestOps] Event Type :: TestRunFinished, Test ClassName :: MargoExpress.Mobile.Ecommerce_Tc_3 
11:08:26.333 [verifyProductsAddedinCart@0] DEBUG c.browserstack.utils.UtilityMethods - [findFileMatcher] Current Path is :: C:\Users\xps\eclipse-workspace\Mobile, TestClass :: MargoExpress\Mobile\Ecommerce_Tc_3
11:08:26.390 [verifyProductsAddedinCart@0] DEBUG c.b.testNgListeners.TestNGUtils - [populateTestDataForBSTestOps] The filename fetched :: C:\Users\xps\eclipse-workspace\Mobile\src\test\java\MargoExpress\Mobile\Ecommerce_Tc_3.java, fileSeparator :: \, AbsolutePath :: C:\Users\xps\eclipse-workspace\Mobile\., Normalized Path :: C:\Users\xps\eclipse-workspace\Mobile, File.Separator :: \
11:08:26.391 [verifyProductsAddedinCart@0] DEBUG c.b.testNgListeners.TestNGUtils - [populateTestDataForBSTestOps] Replaced File Name is :: Mobile\src\test\java\MargoExpress\Mobile\Ecommerce_Tc_3.java, Absolute Path :: C:\Users\xps\eclipse-workspace\Mobile\.., Normalized Path :: C:\Users\xps\eclipse-workspace 
11:08:26.399 [verifyProductsAddedinCart@0] DEBUG c.b.utils.SeleniumMethodUtils - getURLFromCommandExecutor: Getting Hub url from HttpCommandExecutor
11:08:26.399 [verifyProductsAddedinCart@0] DEBUG c.b.utils.SeleniumMethodUtils - getURLFromCommandExecutor: Found url: https://hub-aps.browserstack.com/wd/hub
11:08:26.399 [verifyProductsAddedinCart@0] DEBUG c.b.utils.SeleniumMethodUtils - getURLFromCommandExecutor: Getting Hub url from HttpCommandExecutor
11:08:26.399 [verifyProductsAddedinCart@0] DEBUG c.b.utils.SeleniumMethodUtils - getURLFromCommandExecutor: Found url: https://hub-aps.browserstack.com/wd/hub
11:08:26.401 [verifyProductsAddedinCart@0] DEBUG com.browserstack.testOps.Listener - [ TESTHUB ] Processing Request Kind TestRunFinished
11:08:26.466 [teardown@0] DEBUG c.b.testNgListeners.TestNGUtils - [populateTestDataForBSTestOps] Event Type :: HookRunStarted, Method ClassName :: MargoExpress.Mobile.BaseTest 
11:08:26.466 [teardown@0] DEBUG c.browserstack.utils.UtilityMethods - [findFileMatcher] Current Path is :: C:\Users\xps\eclipse-workspace\Mobile, TestClass :: MargoExpress\Mobile\BaseTest
11:08:26.496 [teardown@2] DEBUG c.b.testNgListeners.TestNGUtils - [populateTestDataForBSTestOps] Event Type :: HookRunFinished, Method ClassName :: MargoExpress.Mobile.BaseTest 
11:08:26.496 [teardown@2] DEBUG c.browserstack.utils.UtilityMethods - [findFileMatcher] Current Path is :: C:\Users\xps\eclipse-workspace\Mobile, TestClass :: MargoExpress\Mobile\BaseTest
11:08:26.523 [teardown@0] DEBUG c.b.testNgListeners.TestNGUtils - [populateTestDataForBSTestOps] The filename fetched :: C:\Users\xps\eclipse-workspace\Mobile\src\test\java\MargoExpress\Mobile\BaseTest.java, fileSeparator :: \, AbsolutePath :: C:\Users\xps\eclipse-workspace\Mobile\., Normalized Path :: C:\Users\xps\eclipse-workspace\Mobile, File.Separator :: \
11:08:26.523 [teardown@0] DEBUG c.b.testNgListeners.TestNGUtils - [populateTestDataForBSTestOps] Replaced File Name is :: Mobile\src\test\java\MargoExpress\Mobile\BaseTest.java, Absolute Path :: C:\Users\xps\eclipse-workspace\Mobile\.., Normalized Path :: C:\Users\xps\eclipse-workspace 
11:08:26.527 [teardown@0] DEBUG c.b.utils.SeleniumMethodUtils - getURLFromCommandExecutor: Getting Hub url from HttpCommandExecutor
11:08:26.527 [teardown@0] DEBUG c.b.utils.SeleniumMethodUtils - getURLFromCommandExecutor: Found url: https://hub-aps.browserstack.com/wd/hub
11:08:26.527 [teardown@0] DEBUG c.b.utils.SeleniumMethodUtils - getURLFromCommandExecutor: Getting Hub url from HttpCommandExecutor
11:08:26.527 [teardown@0] DEBUG c.b.utils.SeleniumMethodUtils - getURLFromCommandExecutor: Found url: https://hub-aps.browserstack.com/wd/hub
11:08:26.527 [teardown@0] DEBUG com.browserstack.testOps.Listener - [ TESTHUB ] Processing Request Kind HookRunStarted
11:08:26.527 [teardown@0] DEBUG c.browserstack.utils.LogReportingAPI - sendPlatformDetails: Can't send CBT info, as driver or test is not found
11:08:26.546 [teardown@2] DEBUG c.b.testNgListeners.TestNGUtils - [populateTestDataForBSTestOps] The filename fetched :: C:\Users\xps\eclipse-workspace\Mobile\src\test\java\MargoExpress\Mobile\BaseTest.java, fileSeparator :: \, AbsolutePath :: C:\Users\xps\eclipse-workspace\Mobile\., Normalized Path :: C:\Users\xps\eclipse-workspace\Mobile, File.Separator :: \
11:08:26.546 [teardown@2] DEBUG c.b.testNgListeners.TestNGUtils - [populateTestDataForBSTestOps] Replaced File Name is :: Mobile\src\test\java\MargoExpress\Mobile\BaseTest.java, Absolute Path :: C:\Users\xps\eclipse-workspace\Mobile\.., Normalized Path :: C:\Users\xps\eclipse-workspace 
11:08:26.546 [teardown@2] DEBUG com.browserstack.testOps.Listener - [ TESTHUB ] Processing Request Kind HookRunFinished
11:08:26.547 [teardown@2] DEBUG c.b.utils.FunnelInstrumentation - Unable to parse data from processes. Exception: Unexpected token END OF FILE at position 0.
	at browserstack.shaded.org.json.simple.parser.JSONParser.parse(Unknown Source)
	at browserstack.shaded.org.json.simple.parser.JSONParser.parse(Unknown Source)
	at browserstack.shaded.org.json.simple.parser.JSONParser.parse(Unknown Source)
	at com.browserstack.utils.FunnelInstrumentation.getFormattedDataFromProcesses(Unknown Source)
	at com.browserstack.utils.FunnelInstrumentation.createParamsForEvent(Unknown Source)
	at com.browserstack.utils.FunnelInstrumentation.sendSDKEvent(Unknown Source)
	at com.browserstack.testNgListeners.TmpSuiteListener.onFinish(Unknown Source)
	at org.testng.TestRunner.fireEvent(TestRunner.java:873)
	at org.testng.TestRunner.afterRun(TestRunner.java:828)
	at org.testng.TestRunner.run(TestRunner.java:616)
	at org.testng.SuiteRunner.runTest(SuiteRunner.java:421)
	at org.testng.SuiteRunner$SuiteWorker.run(SuiteRunner.java:463)
	at org.testng.internal.thread.ThreadUtil.lambda$execute$0(ThreadUtil.java:64)
	at java.base/java.util.concurrent.FutureTask.run(FutureTask.java:317)
	at java.base/java.util.concurrent.ThreadPoolExecutor.runWorker(ThreadPoolExecutor.java:1144)
	at java.base/java.util.concurrent.ThreadPoolExecutor$Worker.run(ThreadPoolExecutor.java:642)
	at java.base/java.lang.Thread.run(Thread.java:1583)

11:08:26.547 [teardown@2] DEBUG com.browserstack.testOps.UsageStats - getFormattedData: Collecting data for TestObservability
11:08:26.547 [teardown@2] DEBUG com.browserstack.testOps.UsageStats - getEventStats: Getting event data for TestObservability
11:08:26.547 [teardown@2] DEBUG com.browserstack.testOps.UsageStats - [OBSERVABILITY] Failed to parse data from workers
11:08:26.555 [teardown@2] DEBUG c.b.utils.FunnelInstrumentation - Sending funnel data for SDKTestSuccessful with data: {"event_type":"SDKTestSuccessful","accessKey":"1XSLBqNLYzWiPhqyqy9L","userName":"roshinsurendran_Sh2ZAM","event_properties":{"isPercyAutoEnabled":false,"language":"java","sdkRunId":"049ffe2f-0593-48ca-a77a-5ff290d699a0","buildIdentifier":"#3","error":"[{\"tests\":{\"MargoExpress.Mobile.Ecommerce_Tc_3-verifyProductsAddedinCart\":\"Unknown mobile command \\\"longClickGesture\\\". Only shell,scrollBackTo,viewportScreenshot,deepLink,startLogsBroadcast,stopLogsBroadcast,acceptAlert,dismissAlert,batteryInfo,deviceInfo,changePermissions,getPermissions,performEditorAction,startScreenStreaming,stopScreenStreaming,getNotifications,listSms,type commands are supported. Build info: version: '4.26.0', revision: '8ccf0219d7' System info: os.name: 'Windows 11', os.arch: 'amd64', os.version: '10.0', java.version: '21.0.3' Driver info: io.appium.java_client.android.AndroidDriver Command: [52df194597d552a5c3ff4105bcbc53bf26d5d364, executeScript {args=[{elementId=fd569a83-c2b6-4cc1-8a13-4f16c02d82d3, duration=2000}], script=mobile: longClickGesture}] Capabilities {appium:appActivity: com.androidsample.generalst..., appium:appPackage: com.androidsample.generalstore, appium:automationName: uiautomator2, appium:bundleID: com.androidsample.generalstore, appium:bundleId: com.androidsample.generalstore, appium:chromedriverPort: 18084, appium:chromedriverPorts: [[18144, 18154]], appium:databaseEnabled: false, appium:desired: {appActivity: com.androidsample.generalst..., appPackage: com.androidsample.generalstore, automationName: uiautomator2, bstack:options: {buildIdentifier: #3, hostName: Roshin, localIdentifier: 05_Nov_117_Roshin_kXhF}, bundleID: com.androidsample.generalstore, bundleId: com.androidsample.generalstore, chromedriverPort: 18084, chromedriverPorts: [[18144, 18154]], deviceName: pixel 8 pro emulator, disableSuppressAccessibilityService: true, goog:chromeOptions: {}, nativeWebScreenshot: true, newCommandTimeout: 0, platformName: Android, skipServerInstallation: true, systemPort: 8204, udid: R5CT31AHM4K}, appium:deviceApiLevel: 31, appium:deviceManufacturer: samsung, appium:deviceModel: SM-S908E, appium:deviceName: R5CT31AHM4K, appium:deviceScreenDensity: 450, appium:deviceScreenSize: 1080x2316, appium:deviceUDID: R5CT31AHM4K, appium:disableSuppressAccessibilityService: true, appium:javascriptEnabled: true, appium:locationContextEnabled: false, appium:nativeWebScreenshot: true, appium:networkConnectionEnabled: true, appium:newCommandTimeout: 0, appium:optimalHubUrl: hub-aps.browserstack.com, appium:pixelRatio: 2.8125, appium:platformVersion: 12, appium:skipServerInstallation: true, appium:statBarHeight: 75, appium:systemPort: 8204, appium:takesScreenshot: true, appium:udid: R5CT31AHM4K, appium:viewportRect: {height: 2031, left: 0, top: 75, width: 1080}, appium:warnings: {}, appium:webStorageEnabled: false, bstack:options: {buildIdentifier: #3, hostName: Roshin, localIdentifier: 05_Nov_117_Roshin_kXhF}, goog:chromeOptions: {}, platformName: ANDROID} Session ID: 52df194597d552a5c3ff4105bcbc53bf26d5d364\"},\"platformVersion\":\"12.0\",\"deviceName\":\"Samsung Galaxy S22 Ultra\"},{\"tests\":{\"MargoExpress.Mobile.Ecommerce_Tc_3-verifyProductsAddedinCart\":\"Unknown mobile command \\\"longClickGesture\\\". Only shell,scrollBackTo,viewportScreenshot,deepLink,startLogsBroadcast,stopLogsBroadcast,acceptAlert,dismissAlert,batteryInfo,deviceInfo,changePermissions,getPermissions,performEditorAction,startScreenStreaming,stopScreenStreaming,getNotifications,listSms,type commands are supported. Build info: version: '4.26.0', revision: '8ccf0219d7' System info: os.name: 'Windows 11', os.arch: 'amd64', os.version: '10.0', java.version: '21.0.3' Driver info: io.appium.java_client.android.AndroidDriver Command: [0eaac2474d4c2a18d688352a1973914102632fca, executeScript {args=[{elementId=f4cb9060-1e88-4245-baf9-c744d30b6581, duration=2000}], script=mobile: longClickGesture}] Capabilities {appium:appActivity: com.androidsample.generalst..., appium:appPackage: com.androidsample.generalstore, appium:automationName: uiautomator2, appium:bundleID: com.androidsample.generalstore, appium:bundleId: com.androidsample.generalstore, appium:chromedriverPort: 18082, appium:chromedriverPorts: [[18122, 18132]], appium:databaseEnabled: false, appium:desired: {appActivity: com.androidsample.generalst..., appPackage: com.androidsample.generalstore, automationName: uiautomator2, bstack:options: {buildIdentifier: #3, hostName: Roshin, localIdentifier: 05_Nov_117_Roshin_kXhF}, bundleID: com.androidsample.generalstore, bundleId: com.androidsample.generalstore, chromedriverPort: 18082, chromedriverPorts: [[18122, 18132]], deviceName: pixel 8 pro emulator, disableSuppressAccessibilityService: true, goog:chromeOptions: {}, nativeWebScreenshot: true, newCommandTimeout: 0, platformName: Android, skipServerInstallation: true, systemPort: 8202, udid: R5CRC1WYEGR}, appium:deviceApiLevel: 30, appium:deviceManufacturer: samsung, appium:deviceModel: SM-G991B, appium:deviceName: R5CRC1WYEGR, appium:deviceScreenDensity: 480, appium:deviceScreenSize: 1080x2400, appium:deviceUDID: R5CRC1WYEGR, appium:disableSuppressAccessibilityService: true, appium:javascriptEnabled: true, appium:locationContextEnabled: false, appium:nativeWebScreenshot: true, appium:networkConnectionEnabled: true, appium:newCommandTimeout: 0, appium:optimalHubUrl: hub-aps.browserstack.com, appium:pixelRatio: 3, appium:platformVersion: 11, appium:skipServerInstallation: true, appium:statBarHeight: 79, appium:systemPort: 8202, appium:takesScreenshot: true, appium:udid: R5CRC1WYEGR, appium:viewportRect: {height: 2097, left: 0, top: 79, width: 1080}, appium:warnings: {}, appium:webStorageEnabled: false, bstack:options: {buildIdentifier: #3, hostName: Roshin, localIdentifier: 05_Nov_117_Roshin_kXhF}, goog:chromeOptions: {}, platformName: ANDROID} Session ID: 0eaac2474d4c2a18d688352a1973914102632fca\"},\"platformVersion\":\"11.0\",\"deviceName\":\"Samsung Galaxy S21\"},{\"tests\":{\"MargoExpress.Mobile.Ecommerce_Tc_3-verifyProductsAddedinCart\":\"Unknown mobile command \\\"longClickGesture\\\". Only shell,scrollBackTo,viewportScreenshot,deepLink,startLogsBroadcast,stopLogsBroadcast,acceptAlert,dismissAlert,batteryInfo,deviceInfo,changePermissions,getPermissions,performEditorAction,startScreenStreaming,stopScreenStreaming,getNotifications,listSms,type commands are supported. Build info: version: '4.26.0', revision: '8ccf0219d7' System info: os.name: 'Windows 11', os.arch: 'amd64', os.version: '10.0', java.version: '21.0.3' Driver info: io.appium.java_client.android.AndroidDriver Command: [cf9bf87ca34b0d1b421063b7c1a3f6d375c58f37, executeScript {args=[{elementId=2b0ddb22-c2f4-475a-8981-e3f0913695a5, duration=2000}], script=mobile: longClickGesture}] Capabilities {appium:appActivity: com.androidsample.generalst..., appium:appPackage: com.androidsample.generalstore, appium:automationName: uiautomator2, appium:bundleID: com.androidsample.generalstore, appium:bundleId: com.androidsample.generalstore, appium:chromedriverPort: 18080, appium:chromedriverPorts: [[18100, 18110]], appium:databaseEnabled: false, appium:desired: {appActivity: com.androidsample.generalst..., appPackage: com.androidsample.generalstore, automationName: uiautomator2, bstack:options: {buildIdentifier: #3, hostName: Roshin, localIdentifier: 05_Nov_117_Roshin_kXhF}, bundleID: com.androidsample.generalstore, bundleId: com.androidsample.generalstore, chromedriverPort: 18080, chromedriverPorts: [[18100, 18110]], deviceName: pixel 8 pro emulator, disableSuppressAccessibilityService: true, goog:chromeOptions: {}, nativeWebScreenshot: true, newCommandTimeout: 0, platformName: Android, skipServerInstallation: true, systemPort: 8200, udid: 1B031FDEE0057Q}, appium:deviceApiLevel: 31, appium:deviceManufacturer: Google, appium:deviceModel: Pixel 6 Pro, appium:deviceName: 1B031FDEE0057Q, appium:deviceScreenDensity: 560, appium:deviceScreenSize: 1440x3120, appium:deviceUDID: 1B031FDEE0057Q, appium:disableSuppressAccessibilityService: true, appium:javascriptEnabled: true, appium:locationContextEnabled: false, appium:nativeWebScreenshot: true, appium:networkConnectionEnabled: true, appium:newCommandTimeout: 0, appium:optimalHubUrl: hub-aps.browserstack.com, appium:pixelRatio: 3.5, appium:platformVersion: 12, appium:skipServerInstallation: true, appium:statBarHeight: 145, appium:systemPort: 8200, appium:takesScreenshot: true, appium:udid: 1B031FDEE0057Q, appium:viewportRect: {height: 2789, left: 0, top: 145, width: 1440}, appium:warnings: {}, appium:webStorageEnabled: false, bstack:options: {buildIdentifier: #3, hostName: Roshin, localIdentifier: 05_Nov_117_Roshin_kXhF}, goog:chromeOptions: {}, platformName: ANDROID} Session ID: cf9bf87ca34b0d1b421063b7c1a3f6d375c58f37\"},\"platformVersion\":\"12.0\",\"deviceName\":\"Google Pixel 6 Pro\"}]","testhub_uuid":"tv0y26m57nauy8dl1gcvdrymrgagz4r8u1ytgks2","detectedAppiumVersion":"null","productMap":{"app_automate":true,"accessibility":false,"automate":false,"percy":false,"observability":true,"turboscale":false},"hostname":"Roshin","measures":{"percy:start":751,"local:start":5608,"sdk:setup":13137},"productUsage":{"testObservability":{"buildHashedId":"tv0y26m57nauy8dl1gcvdrymrgagz4r8u1ytgks2","manuallySet":false,"enabled":true,"events":{"hookEvents":{"started":{"errors":[],"triggeredCount":5,"failedCount":0,"sentCount":4},"finished":{"triggeredCount":5,"failedCount":0,"errors":[],"sentCount":3},"passed":{"errors":[],"triggeredCount":5,"failedCount":0,"sentCount":3}},"logEvents":{"errors":[],"triggeredCount":159,"failedCount":0,"sentCount":149,"log":{"errors":[],"triggeredCount":159,"failedCount":0,"sentCount":149}},"testEvents":{"started":{"errors":[],"triggeredCount":9,"failedCount":0,"sentCount":8},"finished":{"triggeredCount":9,"failedCount":0,"errors":[],"sentCount":6},"failed":{"errors":[],"triggeredCount":3,"failedCount":0,"sentCount":1},"passed":{"errors":[],"triggeredCount":6,"failedCount":0,"sentCount":5}},"batchEvents":{"triggeredCount":7,"failedCount":0,"errors":[],"sentCount":7},"cbtSessionEvents":{"errors":[],"triggeredCount":0,"failedCount":0,"sentCount":0},"buildEvents":{"started":{"error":null,"status":"success","triggered":true},"finished":{"error":null,"status":null,"triggered":null}}}}},"browserStackConfig":{"browserstackLocal":true,"percy":false,"logLevel":"info","staticWebDriver":true,"autoDetectFramework":true,"percyCaptureMode":"MANUAL","browserStackLocalOptions":{"localIdentifier":"05_Nov_117_Roshin_kXhF","key":"****"},"percyOptions":{},"testContextOptions":{"skipSessionName":false,"skipSessionStatus":false,"serenityOverridePlugin":false},"platforms":[{"capabilities":{"platformVersion":12.0,"platformName":"android","deviceName":"Samsung Galaxy S22 Ultra"},"browserVersion":null,"osVersion":null,"browser":null,"device":"Samsung Galaxy S22 Ultra","os":null,"platformCaps":{"platformVersion":12.0,"platformName":"android","deviceName":"Samsung Galaxy S22 Ultra"},"platformString":"Samsung Galaxy S22 Ultra, 12.0","customVariables":"****"},{"capabilities":{"platformVersion":11.0,"platformName":"android","deviceName":"Samsung Galaxy S21"},"browserVersion":null,"osVersion":null,"browser":null,"device":"Samsung Galaxy S21","os":null,"platformCaps":{"platformVersion":11.0,"platformName":"android","deviceName":"Samsung Galaxy S21"},"platformString":"Samsung Galaxy S21, 11.0","customVariables":"****"},{"capabilities":{"platformVersion":12.0,"platformName":"android","deviceName":"Google Pixel 6 Pro"},"browserVersion":null,"osVersion":null,"browser":null,"device":"Google Pixel 6 Pro","os":null,"platformCaps":{"platformVersion":12.0,"platformName":"android","deviceName":"Google Pixel 6 Pro"},"platformString":"Google Pixel 6 Pro, 12.0","customVariables":"****"}],"parallelsPerPlatform":1,"framework":"testng","accessibility":false,"accessibilityOptions":{},"turboScaleOptions":{},"disableAutoCaptureLogs":true,"testObservability":true,"browserstackAutomation":true,"turboScale":false,"testObservabilityOptions":{},"gradleMConfig":null,"proxySettings":null},"percyBuildId":null,"product":"[app-automate, observability]","buildName":"browserstack build","os":"Windows 11","languageVersion":"21.0.3","appiumVersion":"9.3.0","frameworkDetectionInstrumentation":{"parseLoadClass":27,"ret-org.openqa.selenium.remote.RemoteWebDriver":345,"retransformClasses":345,"parseDependencies":19},"userFramework":"testng","detectedDependencies":"testng","referrer":"testng-javaagent\/1.26.4","locationTrigger":"onFinish","language_framework":"java_testng","detectedFramework":"testng","testOrchestration":{"abortBuildOnFailure":{"enabled":false},"retryTestsOnFailure":{"enabled":false},"userConfig":{}},"detectedSeleniumVersion":"4.26.0","seleniumVersion":"4.26.0"}}
11:08:27.332 [teardown@2] DEBUG c.b.utils.FunnelInstrumentation - API Event SDKTestSuccessful response - {"message":"SDK Event recorded successfully"}
11:08:27.332 [teardown@2] DEBUG c.browserstack.utils.LogReportingAPI - sendSync failed - driver not alive
11:08:27.332 [teardown@2] DEBUG com.browserstack.testOps.Listener - [ TESTHUB ] Processing Request Kind LogCreated
11:08:27.333 [teardown@2] DEBUG com.browserstack.testOps.Listener - [ TESTHUB ] Processing Request Kind LogCreated
11:08:27.333 [teardown@2] DEBUG com.browserstack.testOps.Listener - [ TESTHUB ] Processing Request Kind LogCreated
11:08:27.333 [teardown@2] DEBUG com.browserstack.testOps.Listener - [ TESTHUB ] Processing Request Kind LogCreated
11:08:27.523 [pool-4-thread-1] DEBUG c.browserstack.utils.RequestBatcher - Time Since Last Batch Processed 3993

11:08:27.526 [pool-5-thread-1] DEBUG c.browserstack.utils.RequestBatcher - Processing Batch 22

11:08:27.530 [pool-5-thread-1] DEBUG c.browserstack.testOps.RequestUtils - [requestToTestOps] Sending Observability request: POST api/v1/batch with request size 51923
11:08:27.533 [pool-5-thread-1] DEBUG c.browserstack.testOps.RequestUtils - [makeRequest] Sending request: POST https://collector-observability.browserstack.com/api/v1/batch with request size 51923
11:08:27.771 [pool-5-thread-1] DEBUG c.browserstack.testOps.RequestUtils - [makeRequest]: Response code: 200
11:08:27.771 [pool-5-thread-1] DEBUG c.browserstack.testOps.RequestUtils - requestToTestOps: Response code: 200
11:08:27.771 [pool-5-thread-1] DEBUG c.browserstack.utils.LogReportingAPI - 
[2024-11-05T07:08:27.771227300Z][ TESTHUB ] Batch event successfull!

11:08:29.278 [teardown@0] DEBUG c.b.testNgListeners.TestNGUtils - [populateTestDataForBSTestOps] Event Type :: HookRunFinished, Method ClassName :: MargoExpress.Mobile.BaseTest 
11:08:29.278 [teardown@0] DEBUG c.browserstack.utils.UtilityMethods - [findFileMatcher] Current Path is :: C:\Users\xps\eclipse-workspace\Mobile, TestClass :: MargoExpress\Mobile\BaseTest
11:08:29.338 [teardown@0] DEBUG c.b.testNgListeners.TestNGUtils - [populateTestDataForBSTestOps] The filename fetched :: C:\Users\xps\eclipse-workspace\Mobile\src\test\java\MargoExpress\Mobile\BaseTest.java, fileSeparator :: \, AbsolutePath :: C:\Users\xps\eclipse-workspace\Mobile\., Normalized Path :: C:\Users\xps\eclipse-workspace\Mobile, File.Separator :: \
11:08:29.338 [teardown@0] DEBUG c.b.testNgListeners.TestNGUtils - [populateTestDataForBSTestOps] Replaced File Name is :: Mobile\src\test\java\MargoExpress\Mobile\BaseTest.java, Absolute Path :: C:\Users\xps\eclipse-workspace\Mobile\.., Normalized Path :: C:\Users\xps\eclipse-workspace 
11:08:29.338 [teardown@0] DEBUG com.browserstack.testOps.Listener - [ TESTHUB ] Processing Request Kind HookRunFinished
11:08:29.341 [teardown@0] DEBUG c.b.utils.FunnelInstrumentation - Unable to parse data from processes. Exception: Unexpected token END OF FILE at position 0.
	at browserstack.shaded.org.json.simple.parser.JSONParser.parse(Unknown Source)
	at browserstack.shaded.org.json.simple.parser.JSONParser.parse(Unknown Source)
	at browserstack.shaded.org.json.simple.parser.JSONParser.parse(Unknown Source)
	at com.browserstack.utils.FunnelInstrumentation.getFormattedDataFromProcesses(Unknown Source)
	at com.browserstack.utils.FunnelInstrumentation.createParamsForEvent(Unknown Source)
	at com.browserstack.utils.FunnelInstrumentation.sendSDKEvent(Unknown Source)
	at com.browserstack.testNgListeners.TmpSuiteListener.onFinish(Unknown Source)
	at org.testng.TestRunner.fireEvent(TestRunner.java:873)
	at org.testng.TestRunner.afterRun(TestRunner.java:828)
	at org.testng.TestRunner.run(TestRunner.java:616)
	at org.testng.SuiteRunner.runTest(SuiteRunner.java:421)
	at org.testng.SuiteRunner$SuiteWorker.run(SuiteRunner.java:463)
	at org.testng.internal.thread.ThreadUtil.lambda$execute$0(ThreadUtil.java:64)
	at java.base/java.util.concurrent.FutureTask.run(FutureTask.java:317)
	at java.base/java.util.concurrent.ThreadPoolExecutor.runWorker(ThreadPoolExecutor.java:1144)
	at java.base/java.util.concurrent.ThreadPoolExecutor$Worker.run(ThreadPoolExecutor.java:642)
	at java.base/java.lang.Thread.run(Thread.java:1583)

11:08:29.341 [teardown@0] DEBUG com.browserstack.testOps.UsageStats - getFormattedData: Collecting data for TestObservability
11:08:29.341 [teardown@0] DEBUG com.browserstack.testOps.UsageStats - getEventStats: Getting event data for TestObservability
11:08:29.341 [teardown@0] DEBUG com.browserstack.testOps.UsageStats - [OBSERVABILITY] Failed to parse data from workers
11:08:29.347 [teardown@0] DEBUG c.b.utils.FunnelInstrumentation - Sending funnel data for SDKTestSuccessful with data: {"event_type":"SDKTestSuccessful","accessKey":"1XSLBqNLYzWiPhqyqy9L","userName":"roshinsurendran_Sh2ZAM","event_properties":{"isPercyAutoEnabled":false,"language":"java","sdkRunId":"049ffe2f-0593-48ca-a77a-5ff290d699a0","buildIdentifier":"#3","error":"[{\"tests\":{\"MargoExpress.Mobile.Ecommerce_Tc_3-verifyProductsAddedinCart\":\"Unknown mobile command \\\"longClickGesture\\\". Only shell,scrollBackTo,viewportScreenshot,deepLink,startLogsBroadcast,stopLogsBroadcast,acceptAlert,dismissAlert,batteryInfo,deviceInfo,changePermissions,getPermissions,performEditorAction,startScreenStreaming,stopScreenStreaming,getNotifications,listSms,type commands are supported. Build info: version: '4.26.0', revision: '8ccf0219d7' System info: os.name: 'Windows 11', os.arch: 'amd64', os.version: '10.0', java.version: '21.0.3' Driver info: io.appium.java_client.android.AndroidDriver Command: [52df194597d552a5c3ff4105bcbc53bf26d5d364, executeScript {args=[{elementId=fd569a83-c2b6-4cc1-8a13-4f16c02d82d3, duration=2000}], script=mobile: longClickGesture}] Capabilities {appium:appActivity: com.androidsample.generalst..., appium:appPackage: com.androidsample.generalstore, appium:automationName: uiautomator2, appium:bundleID: com.androidsample.generalstore, appium:bundleId: com.androidsample.generalstore, appium:chromedriverPort: 18084, appium:chromedriverPorts: [[18144, 18154]], appium:databaseEnabled: false, appium:desired: {appActivity: com.androidsample.generalst..., appPackage: com.androidsample.generalstore, automationName: uiautomator2, bstack:options: {buildIdentifier: #3, hostName: Roshin, localIdentifier: 05_Nov_117_Roshin_kXhF}, bundleID: com.androidsample.generalstore, bundleId: com.androidsample.generalstore, chromedriverPort: 18084, chromedriverPorts: [[18144, 18154]], deviceName: pixel 8 pro emulator, disableSuppressAccessibilityService: true, goog:chromeOptions: {}, nativeWebScreenshot: true, newCommandTimeout: 0, platformName: Android, skipServerInstallation: true, systemPort: 8204, udid: R5CT31AHM4K}, appium:deviceApiLevel: 31, appium:deviceManufacturer: samsung, appium:deviceModel: SM-S908E, appium:deviceName: R5CT31AHM4K, appium:deviceScreenDensity: 450, appium:deviceScreenSize: 1080x2316, appium:deviceUDID: R5CT31AHM4K, appium:disableSuppressAccessibilityService: true, appium:javascriptEnabled: true, appium:locationContextEnabled: false, appium:nativeWebScreenshot: true, appium:networkConnectionEnabled: true, appium:newCommandTimeout: 0, appium:optimalHubUrl: hub-aps.browserstack.com, appium:pixelRatio: 2.8125, appium:platformVersion: 12, appium:skipServerInstallation: true, appium:statBarHeight: 75, appium:systemPort: 8204, appium:takesScreenshot: true, appium:udid: R5CT31AHM4K, appium:viewportRect: {height: 2031, left: 0, top: 75, width: 1080}, appium:warnings: {}, appium:webStorageEnabled: false, bstack:options: {buildIdentifier: #3, hostName: Roshin, localIdentifier: 05_Nov_117_Roshin_kXhF}, goog:chromeOptions: {}, platformName: ANDROID} Session ID: 52df194597d552a5c3ff4105bcbc53bf26d5d364\"},\"platformVersion\":\"12.0\",\"deviceName\":\"Samsung Galaxy S22 Ultra\"},{\"tests\":{\"MargoExpress.Mobile.Ecommerce_Tc_3-verifyProductsAddedinCart\":\"Unknown mobile command \\\"longClickGesture\\\". Only shell,scrollBackTo,viewportScreenshot,deepLink,startLogsBroadcast,stopLogsBroadcast,acceptAlert,dismissAlert,batteryInfo,deviceInfo,changePermissions,getPermissions,performEditorAction,startScreenStreaming,stopScreenStreaming,getNotifications,listSms,type commands are supported. Build info: version: '4.26.0', revision: '8ccf0219d7' System info: os.name: 'Windows 11', os.arch: 'amd64', os.version: '10.0', java.version: '21.0.3' Driver info: io.appium.java_client.android.AndroidDriver Command: [0eaac2474d4c2a18d688352a1973914102632fca, executeScript {args=[{elementId=f4cb9060-1e88-4245-baf9-c744d30b6581, duration=2000}], script=mobile: longClickGesture}] Capabilities {appium:appActivity: com.androidsample.generalst..., appium:appPackage: com.androidsample.generalstore, appium:automationName: uiautomator2, appium:bundleID: com.androidsample.generalstore, appium:bundleId: com.androidsample.generalstore, appium:chromedriverPort: 18082, appium:chromedriverPorts: [[18122, 18132]], appium:databaseEnabled: false, appium:desired: {appActivity: com.androidsample.generalst..., appPackage: com.androidsample.generalstore, automationName: uiautomator2, bstack:options: {buildIdentifier: #3, hostName: Roshin, localIdentifier: 05_Nov_117_Roshin_kXhF}, bundleID: com.androidsample.generalstore, bundleId: com.androidsample.generalstore, chromedriverPort: 18082, chromedriverPorts: [[18122, 18132]], deviceName: pixel 8 pro emulator, disableSuppressAccessibilityService: true, goog:chromeOptions: {}, nativeWebScreenshot: true, newCommandTimeout: 0, platformName: Android, skipServerInstallation: true, systemPort: 8202, udid: R5CRC1WYEGR}, appium:deviceApiLevel: 30, appium:deviceManufacturer: samsung, appium:deviceModel: SM-G991B, appium:deviceName: R5CRC1WYEGR, appium:deviceScreenDensity: 480, appium:deviceScreenSize: 1080x2400, appium:deviceUDID: R5CRC1WYEGR, appium:disableSuppressAccessibilityService: true, appium:javascriptEnabled: true, appium:locationContextEnabled: false, appium:nativeWebScreenshot: true, appium:networkConnectionEnabled: true, appium:newCommandTimeout: 0, appium:optimalHubUrl: hub-aps.browserstack.com, appium:pixelRatio: 3, appium:platformVersion: 11, appium:skipServerInstallation: true, appium:statBarHeight: 79, appium:systemPort: 8202, appium:takesScreenshot: true, appium:udid: R5CRC1WYEGR, appium:viewportRect: {height: 2097, left: 0, top: 79, width: 1080}, appium:warnings: {}, appium:webStorageEnabled: false, bstack:options: {buildIdentifier: #3, hostName: Roshin, localIdentifier: 05_Nov_117_Roshin_kXhF}, goog:chromeOptions: {}, platformName: ANDROID} Session ID: 0eaac2474d4c2a18d688352a1973914102632fca\"},\"platformVersion\":\"11.0\",\"deviceName\":\"Samsung Galaxy S21\"},{\"tests\":{\"MargoExpress.Mobile.Ecommerce_Tc_3-verifyProductsAddedinCart\":\"Unknown mobile command \\\"longClickGesture\\\". Only shell,scrollBackTo,viewportScreenshot,deepLink,startLogsBroadcast,stopLogsBroadcast,acceptAlert,dismissAlert,batteryInfo,deviceInfo,changePermissions,getPermissions,performEditorAction,startScreenStreaming,stopScreenStreaming,getNotifications,listSms,type commands are supported. Build info: version: '4.26.0', revision: '8ccf0219d7' System info: os.name: 'Windows 11', os.arch: 'amd64', os.version: '10.0', java.version: '21.0.3' Driver info: io.appium.java_client.android.AndroidDriver Command: [cf9bf87ca34b0d1b421063b7c1a3f6d375c58f37, executeScript {args=[{elementId=2b0ddb22-c2f4-475a-8981-e3f0913695a5, duration=2000}], script=mobile: longClickGesture}] Capabilities {appium:appActivity: com.androidsample.generalst..., appium:appPackage: com.androidsample.generalstore, appium:automationName: uiautomator2, appium:bundleID: com.androidsample.generalstore, appium:bundleId: com.androidsample.generalstore, appium:chromedriverPort: 18080, appium:chromedriverPorts: [[18100, 18110]], appium:databaseEnabled: false, appium:desired: {appActivity: com.androidsample.generalst..., appPackage: com.androidsample.generalstore, automationName: uiautomator2, bstack:options: {buildIdentifier: #3, hostName: Roshin, localIdentifier: 05_Nov_117_Roshin_kXhF}, bundleID: com.androidsample.generalstore, bundleId: com.androidsample.generalstore, chromedriverPort: 18080, chromedriverPorts: [[18100, 18110]], deviceName: pixel 8 pro emulator, disableSuppressAccessibilityService: true, goog:chromeOptions: {}, nativeWebScreenshot: true, newCommandTimeout: 0, platformName: Android, skipServerInstallation: true, systemPort: 8200, udid: 1B031FDEE0057Q}, appium:deviceApiLevel: 31, appium:deviceManufacturer: Google, appium:deviceModel: Pixel 6 Pro, appium:deviceName: 1B031FDEE0057Q, appium:deviceScreenDensity: 560, appium:deviceScreenSize: 1440x3120, appium:deviceUDID: 1B031FDEE0057Q, appium:disableSuppressAccessibilityService: true, appium:javascriptEnabled: true, appium:locationContextEnabled: false, appium:nativeWebScreenshot: true, appium:networkConnectionEnabled: true, appium:newCommandTimeout: 0, appium:optimalHubUrl: hub-aps.browserstack.com, appium:pixelRatio: 3.5, appium:platformVersion: 12, appium:skipServerInstallation: true, appium:statBarHeight: 145, appium:systemPort: 8200, appium:takesScreenshot: true, appium:udid: 1B031FDEE0057Q, appium:viewportRect: {height: 2789, left: 0, top: 145, width: 1440}, appium:warnings: {}, appium:webStorageEnabled: false, bstack:options: {buildIdentifier: #3, hostName: Roshin, localIdentifier: 05_Nov_117_Roshin_kXhF}, goog:chromeOptions: {}, platformName: ANDROID} Session ID: cf9bf87ca34b0d1b421063b7c1a3f6d375c58f37\"},\"platformVersion\":\"12.0\",\"deviceName\":\"Google Pixel 6 Pro\"}]","testhub_uuid":"tv0y26m57nauy8dl1gcvdrymrgagz4r8u1ytgks2","detectedAppiumVersion":"null","productMap":{"app_automate":true,"accessibility":false,"automate":false,"percy":false,"observability":true,"turboscale":false},"hostname":"Roshin","measures":{"percy:start":751,"local:start":5608,"sdk:setup":13137},"productUsage":{"testObservability":{"buildHashedId":"tv0y26m57nauy8dl1gcvdrymrgagz4r8u1ytgks2","manuallySet":false,"enabled":true,"events":{"hookEvents":{"started":{"errors":[],"triggeredCount":5,"failedCount":0,"sentCount":6},"finished":{"triggeredCount":6,"failedCount":0,"errors":[],"sentCount":5},"passed":{"errors":[],"triggeredCount":6,"failedCount":0,"sentCount":5}},"logEvents":{"errors":[],"triggeredCount":163,"failedCount":0,"sentCount":163,"log":{"errors":[],"triggeredCount":163,"failedCount":0,"sentCount":163}},"testEvents":{"started":{"errors":[],"triggeredCount":9,"failedCount":0,"sentCount":9},"finished":{"triggeredCount":9,"failedCount":0,"errors":[],"sentCount":9},"failed":{"errors":[],"triggeredCount":3,"failedCount":0,"sentCount":3},"passed":{"errors":[],"triggeredCount":6,"failedCount":0,"sentCount":6}},"batchEvents":{"triggeredCount":8,"failedCount":0,"errors":[],"sentCount":8},"cbtSessionEvents":{"errors":[],"triggeredCount":0,"failedCount":0,"sentCount":0},"buildEvents":{"started":{"error":null,"status":"success","triggered":true},"finished":{"error":null,"status":null,"triggered":null}}}}},"browserStackConfig":{"browserstackLocal":true,"percy":false,"logLevel":"info","staticWebDriver":true,"autoDetectFramework":true,"percyCaptureMode":"MANUAL","browserStackLocalOptions":{"localIdentifier":"05_Nov_117_Roshin_kXhF","key":"****"},"percyOptions":{},"testContextOptions":{"skipSessionName":false,"skipSessionStatus":false,"serenityOverridePlugin":false},"platforms":[{"capabilities":{"platformVersion":12.0,"platformName":"android","deviceName":"Samsung Galaxy S22 Ultra"},"browserVersion":null,"osVersion":null,"browser":null,"device":"Samsung Galaxy S22 Ultra","os":null,"platformCaps":{"platformVersion":12.0,"platformName":"android","deviceName":"Samsung Galaxy S22 Ultra"},"platformString":"Samsung Galaxy S22 Ultra, 12.0","customVariables":"****"},{"capabilities":{"platformVersion":11.0,"platformName":"android","deviceName":"Samsung Galaxy S21"},"browserVersion":null,"osVersion":null,"browser":null,"device":"Samsung Galaxy S21","os":null,"platformCaps":{"platformVersion":11.0,"platformName":"android","deviceName":"Samsung Galaxy S21"},"platformString":"Samsung Galaxy S21, 11.0","customVariables":"****"},{"capabilities":{"platformVersion":12.0,"platformName":"android","deviceName":"Google Pixel 6 Pro"},"browserVersion":null,"osVersion":null,"browser":null,"device":"Google Pixel 6 Pro","os":null,"platformCaps":{"platformVersion":12.0,"platformName":"android","deviceName":"Google Pixel 6 Pro"},"platformString":"Google Pixel 6 Pro, 12.0","customVariables":"****"}],"parallelsPerPlatform":1,"framework":"testng","accessibility":false,"accessibilityOptions":{},"turboScaleOptions":{},"disableAutoCaptureLogs":true,"testObservability":true,"browserstackAutomation":true,"turboScale":false,"testObservabilityOptions":{},"gradleMConfig":null,"proxySettings":null},"percyBuildId":null,"product":"[app-automate, observability]","buildName":"browserstack build","os":"Windows 11","languageVersion":"21.0.3","appiumVersion":"9.3.0","frameworkDetectionInstrumentation":{"parseLoadClass":27,"ret-org.openqa.selenium.remote.RemoteWebDriver":345,"retransformClasses":345,"parseDependencies":19},"userFramework":"testng","detectedDependencies":"testng","referrer":"testng-javaagent\/1.26.4","locationTrigger":"onFinish","language_framework":"java_testng","detectedFramework":"testng","testOrchestration":{"abortBuildOnFailure":{"enabled":false},"retryTestsOnFailure":{"enabled":false},"userConfig":{}},"detectedSeleniumVersion":"4.26.0","seleniumVersion":"4.26.0"}}
11:08:29.920 [teardown@0] DEBUG c.b.utils.FunnelInstrumentation - API Event SDKTestSuccessful response - {"message":"SDK Event recorded successfully"}
11:08:29.920 [teardown@0] DEBUG c.browserstack.utils.LogReportingAPI - sendSync failed - driver not alive
11:08:29.920 [teardown@0] DEBUG com.browserstack.testOps.Listener - [ TESTHUB ] Processing Request Kind LogCreated
11:08:29.922 [teardown@0] DEBUG com.browserstack.testOps.Listener - [ TESTHUB ] Processing Request Kind LogCreated
11:08:29.922 [teardown@0] DEBUG com.browserstack.testOps.Listener - [ TESTHUB ] Processing Request Kind LogCreated
11:08:29.922 [teardown@0] DEBUG com.browserstack.testOps.Listener - [ TESTHUB ] Processing Request Kind LogCreated
11:08:29.935 [main] DEBUG com.browserstack.testOps.Listener - [ TESTHUB ] Processing Request Kind LogCreated
11:08:29.989 [main] DEBUG com.browserstack.testOps.Listener - [ TESTHUB ] Processing Request Kind LogCreated
11:08:29.991 [main] DEBUG com.browserstack.testOps.Listener - [ TESTHUB ] Processing Request Kind LogCreated
11:08:29.992 [main] DEBUG com.browserstack.testOps.Listener - [ TESTHUB ] Processing Request Kind LogCreated
11:08:29.992 [main] DEBUG com.browserstack.testOps.Listener - [ TESTHUB ] Processing Request Kind LogCreated
11:08:29.992 [main] DEBUG com.browserstack.testOps.Listener - [ TESTHUB ] Processing Request Kind LogCreated
11:08:29.993 [main] DEBUG com.browserstack.testOps.Listener - [ TESTHUB ] Processing Request Kind LogCreated
11:08:29.993 [main] DEBUG com.browserstack.testOps.Listener - [ TESTHUB ] Processing Request Kind LogCreated
11:08:29.993 [main] DEBUG com.browserstack.testOps.Listener - [ TESTHUB ] Processing Request Kind LogCreated
11:08:30.000 [main] DEBUG com.browserstack.testOps.Listener - [ TESTHUB ] Processing Request Kind LogCreated
11:08:30.000 [main] DEBUG com.browserstack.testOps.Listener - [ TESTHUB ] Processing Request Kind LogCreated
11:08:30.000 [main] DEBUG com.browserstack.testOps.Listener - [ TESTHUB ] Processing Request Kind LogCreated
11:08:30.000 [main] DEBUG com.browserstack.testOps.Listener - [ TESTHUB ] Processing Request Kind LogCreated
11:08:30.001 [main] DEBUG com.browserstack.testOps.Listener - [ TESTHUB ] Processing Request Kind LogCreated
11:08:30.001 [main] DEBUG com.browserstack.testOps.Listener - [ TESTHUB ] Processing Request Kind LogCreated
11:08:30.001 [main] DEBUG com.browserstack.testOps.Listener - [ TESTHUB ] Processing Request Kind LogCreated
11:08:30.002 [main] DEBUG com.browserstack.testOps.Listener - [ TESTHUB ] Processing Request Kind LogCreated
11:08:30.002 [main] DEBUG com.browserstack.testOps.Listener - [ TESTHUB ] Processing Request Kind LogCreated
11:08:30.002 [main] DEBUG com.browserstack.testOps.Listener - [ TESTHUB ] Processing Request Kind LogCreated
11:08:30.002 [main] DEBUG com.browserstack.testOps.Listener - [ TESTHUB ] Processing Request Kind LogCreated
11:08:30.002 [main] DEBUG com.browserstack.testOps.Listener - [ TESTHUB ] Processing Request Kind LogCreated
11:08:30.002 [main] DEBUG com.browserstack.testOps.Listener - [ TESTHUB ] Processing Request Kind LogCreated
11:08:30.002 [main] DEBUG com.browserstack.testOps.Listener - [ TESTHUB ] Processing Request Kind LogCreated
11:08:30.007 [main] DEBUG com.browserstack.testOps.Listener - [ TESTHUB ] Processing Request Kind LogCreated
11:08:30.019 [main] DEBUG com.browserstack.testOps.Listener - [ TESTHUB ] Processing Request Kind LogCreated
11:08:30.028 [main] DEBUG com.browserstack.testOps.Listener - [ TESTHUB ] Processing Request Kind LogCreated
11:08:30.041 [main] DEBUG com.browserstack.testOps.Listener - [ TESTHUB ] Processing Request Kind LogCreated
11:08:30.041 [main] DEBUG com.browserstack.testOps.Listener - [ TESTHUB ] Processing Request Kind LogCreated
11:08:30.043 [Thread-0] DEBUG c.browserstack.BrowserStackJavaAgent - Starting final execution
11:08:30.043 [Thread-0] DEBUG c.b.u.ObservabilityUtilityMethods - Processing batch requests with type: Global
11:08:30.043 [Thread-0] DEBUG c.browserstack.utils.LogReportingAPI - [2024-11-05T07:08:30.043379900Z][ OBSERVABILITY ] Processing stop observability
11:08:30.044 [pool-5-thread-1] DEBUG c.browserstack.utils.RequestBatcher - Processing Batch 33

11:08:30.044 [pool-5-thread-1] DEBUG c.browserstack.testOps.RequestUtils - [requestToTestOps] Sending Observability request: POST api/v1/batch with request size 14312
11:08:30.045 [pool-5-thread-1] DEBUG c.browserstack.testOps.RequestUtils - [makeRequest] Sending request: POST https://collector-observability.browserstack.com/api/v1/batch with request size 14312
11:08:30.364 [pool-5-thread-1] DEBUG c.browserstack.testOps.RequestUtils - [makeRequest]: Response code: 200
11:08:30.364 [pool-5-thread-1] DEBUG c.browserstack.testOps.RequestUtils - requestToTestOps: Response code: 200
11:08:30.364 [pool-5-thread-1] DEBUG c.browserstack.utils.LogReportingAPI - 
[2024-11-05T07:08:30.364889800Z][ TESTHUB ] Batch event successfull!

11:08:30.364 [Thread-0] DEBUG c.browserstack.testOps.RequestUtils - [ TESTHUB ] Processing Request Kind stopBuildUpstream
11:08:30.365 [Thread-0] DEBUG c.browserstack.testOps.RequestUtils - [requestToTestOps] Sending Observability request: PUT api/v1/builds/tv0y26m57nauy8dl1gcvdrymrgagz4r8u1ytgks2/stop with request size 65
11:08:30.365 [Thread-0] DEBUG c.browserstack.testOps.RequestUtils - [makeRequest] Sending request: PUT https://collector-observability.browserstack.com/api/v1/builds/tv0y26m57nauy8dl1gcvdrymrgagz4r8u1ytgks2/stop with request size 65
11:08:30.783 [Thread-0] DEBUG c.browserstack.testOps.RequestUtils - [makeRequest]: Response code: 200
11:08:30.783 [Thread-0] DEBUG c.browserstack.testOps.RequestUtils - requestToTestOps: Response code: 200
11:08:30.783 [Thread-0] DEBUG com.browserstack.testOps.Listener - Testhub stop response: 
11:08:33.058 [Thread-0] DEBUG c.b.utils.FunnelInstrumentation - Unable to parse data from processes. Exception: Unexpected token END OF FILE at position 0.
	at browserstack.shaded.org.json.simple.parser.JSONParser.parse(Unknown Source)
	at browserstack.shaded.org.json.simple.parser.JSONParser.parse(Unknown Source)
	at browserstack.shaded.org.json.simple.parser.JSONParser.parse(Unknown Source)
	at com.browserstack.utils.FunnelInstrumentation.getFormattedDataFromProcesses(Unknown Source)
	at com.browserstack.utils.FunnelInstrumentation.createParamsForEvent(Unknown Source)
	at com.browserstack.utils.FunnelInstrumentation.sendSDKEvent(Unknown Source)
	at com.browserstack.BrowserStackJavaAgent$FinalExecution.run(Unknown Source)

11:08:33.059 [Thread-0] DEBUG com.browserstack.testOps.UsageStats - getFormattedData: Collecting data for TestObservability
11:08:33.059 [Thread-0] DEBUG com.browserstack.testOps.UsageStats - getEventStats: Getting event data for TestObservability
11:08:33.059 [Thread-0] DEBUG com.browserstack.testOps.UsageStats - [OBSERVABILITY] Failed to parse data from workers
11:08:33.065 [Thread-0] DEBUG c.b.utils.FunnelInstrumentation - Sending funnel data for SDKTestSuccessful with data: {"event_type":"SDKTestSuccessful","accessKey":"1XSLBqNLYzWiPhqyqy9L","userName":"roshinsurendran_Sh2ZAM","event_properties":{"isPercyAutoEnabled":false,"language":"java","sdkRunId":"049ffe2f-0593-48ca-a77a-5ff290d699a0","buildIdentifier":"#3","error":"[{\"tests\":{\"MargoExpress.Mobile.Ecommerce_Tc_3-verifyProductsAddedinCart\":\"Unknown mobile command \\\"longClickGesture\\\". Only shell,scrollBackTo,viewportScreenshot,deepLink,startLogsBroadcast,stopLogsBroadcast,acceptAlert,dismissAlert,batteryInfo,deviceInfo,changePermissions,getPermissions,performEditorAction,startScreenStreaming,stopScreenStreaming,getNotifications,listSms,type commands are supported. Build info: version: '4.26.0', revision: '8ccf0219d7' System info: os.name: 'Windows 11', os.arch: 'amd64', os.version: '10.0', java.version: '21.0.3' Driver info: io.appium.java_client.android.AndroidDriver Command: [52df194597d552a5c3ff4105bcbc53bf26d5d364, executeScript {args=[{elementId=fd569a83-c2b6-4cc1-8a13-4f16c02d82d3, duration=2000}], script=mobile: longClickGesture}] Capabilities {appium:appActivity: com.androidsample.generalst..., appium:appPackage: com.androidsample.generalstore, appium:automationName: uiautomator2, appium:bundleID: com.androidsample.generalstore, appium:bundleId: com.androidsample.generalstore, appium:chromedriverPort: 18084, appium:chromedriverPorts: [[18144, 18154]], appium:databaseEnabled: false, appium:desired: {appActivity: com.androidsample.generalst..., appPackage: com.androidsample.generalstore, automationName: uiautomator2, bstack:options: {buildIdentifier: #3, hostName: Roshin, localIdentifier: 05_Nov_117_Roshin_kXhF}, bundleID: com.androidsample.generalstore, bundleId: com.androidsample.generalstore, chromedriverPort: 18084, chromedriverPorts: [[18144, 18154]], deviceName: pixel 8 pro emulator, disableSuppressAccessibilityService: true, goog:chromeOptions: {}, nativeWebScreenshot: true, newCommandTimeout: 0, platformName: Android, skipServerInstallation: true, systemPort: 8204, udid: R5CT31AHM4K}, appium:deviceApiLevel: 31, appium:deviceManufacturer: samsung, appium:deviceModel: SM-S908E, appium:deviceName: R5CT31AHM4K, appium:deviceScreenDensity: 450, appium:deviceScreenSize: 1080x2316, appium:deviceUDID: R5CT31AHM4K, appium:disableSuppressAccessibilityService: true, appium:javascriptEnabled: true, appium:locationContextEnabled: false, appium:nativeWebScreenshot: true, appium:networkConnectionEnabled: true, appium:newCommandTimeout: 0, appium:optimalHubUrl: hub-aps.browserstack.com, appium:pixelRatio: 2.8125, appium:platformVersion: 12, appium:skipServerInstallation: true, appium:statBarHeight: 75, appium:systemPort: 8204, appium:takesScreenshot: true, appium:udid: R5CT31AHM4K, appium:viewportRect: {height: 2031, left: 0, top: 75, width: 1080}, appium:warnings: {}, appium:webStorageEnabled: false, bstack:options: {buildIdentifier: #3, hostName: Roshin, localIdentifier: 05_Nov_117_Roshin_kXhF}, goog:chromeOptions: {}, platformName: ANDROID} Session ID: 52df194597d552a5c3ff4105bcbc53bf26d5d364\"},\"platformVersion\":\"12.0\",\"deviceName\":\"Samsung Galaxy S22 Ultra\"},{\"tests\":{\"MargoExpress.Mobile.Ecommerce_Tc_3-verifyProductsAddedinCart\":\"Unknown mobile command \\\"longClickGesture\\\". Only shell,scrollBackTo,viewportScreenshot,deepLink,startLogsBroadcast,stopLogsBroadcast,acceptAlert,dismissAlert,batteryInfo,deviceInfo,changePermissions,getPermissions,performEditorAction,startScreenStreaming,stopScreenStreaming,getNotifications,listSms,type commands are supported. Build info: version: '4.26.0', revision: '8ccf0219d7' System info: os.name: 'Windows 11', os.arch: 'amd64', os.version: '10.0', java.version: '21.0.3' Driver info: io.appium.java_client.android.AndroidDriver Command: [0eaac2474d4c2a18d688352a1973914102632fca, executeScript {args=[{elementId=f4cb9060-1e88-4245-baf9-c744d30b6581, duration=2000}], script=mobile: longClickGesture}] Capabilities {appium:appActivity: com.androidsample.generalst..., appium:appPackage: com.androidsample.generalstore, appium:automationName: uiautomator2, appium:bundleID: com.androidsample.generalstore, appium:bundleId: com.androidsample.generalstore, appium:chromedriverPort: 18082, appium:chromedriverPorts: [[18122, 18132]], appium:databaseEnabled: false, appium:desired: {appActivity: com.androidsample.generalst..., appPackage: com.androidsample.generalstore, automationName: uiautomator2, bstack:options: {buildIdentifier: #3, hostName: Roshin, localIdentifier: 05_Nov_117_Roshin_kXhF}, bundleID: com.androidsample.generalstore, bundleId: com.androidsample.generalstore, chromedriverPort: 18082, chromedriverPorts: [[18122, 18132]], deviceName: pixel 8 pro emulator, disableSuppressAccessibilityService: true, goog:chromeOptions: {}, nativeWebScreenshot: true, newCommandTimeout: 0, platformName: Android, skipServerInstallation: true, systemPort: 8202, udid: R5CRC1WYEGR}, appium:deviceApiLevel: 30, appium:deviceManufacturer: samsung, appium:deviceModel: SM-G991B, appium:deviceName: R5CRC1WYEGR, appium:deviceScreenDensity: 480, appium:deviceScreenSize: 1080x2400, appium:deviceUDID: R5CRC1WYEGR, appium:disableSuppressAccessibilityService: true, appium:javascriptEnabled: true, appium:locationContextEnabled: false, appium:nativeWebScreenshot: true, appium:networkConnectionEnabled: true, appium:newCommandTimeout: 0, appium:optimalHubUrl: hub-aps.browserstack.com, appium:pixelRatio: 3, appium:platformVersion: 11, appium:skipServerInstallation: true, appium:statBarHeight: 79, appium:systemPort: 8202, appium:takesScreenshot: true, appium:udid: R5CRC1WYEGR, appium:viewportRect: {height: 2097, left: 0, top: 79, width: 1080}, appium:warnings: {}, appium:webStorageEnabled: false, bstack:options: {buildIdentifier: #3, hostName: Roshin, localIdentifier: 05_Nov_117_Roshin_kXhF}, goog:chromeOptions: {}, platformName: ANDROID} Session ID: 0eaac2474d4c2a18d688352a1973914102632fca\"},\"platformVersion\":\"11.0\",\"deviceName\":\"Samsung Galaxy S21\"},{\"tests\":{\"MargoExpress.Mobile.Ecommerce_Tc_3-verifyProductsAddedinCart\":\"Unknown mobile command \\\"longClickGesture\\\". Only shell,scrollBackTo,viewportScreenshot,deepLink,startLogsBroadcast,stopLogsBroadcast,acceptAlert,dismissAlert,batteryInfo,deviceInfo,changePermissions,getPermissions,performEditorAction,startScreenStreaming,stopScreenStreaming,getNotifications,listSms,type commands are supported. Build info: version: '4.26.0', revision: '8ccf0219d7' System info: os.name: 'Windows 11', os.arch: 'amd64', os.version: '10.0', java.version: '21.0.3' Driver info: io.appium.java_client.android.AndroidDriver Command: [cf9bf87ca34b0d1b421063b7c1a3f6d375c58f37, executeScript {args=[{elementId=2b0ddb22-c2f4-475a-8981-e3f0913695a5, duration=2000}], script=mobile: longClickGesture}] Capabilities {appium:appActivity: com.androidsample.generalst..., appium:appPackage: com.androidsample.generalstore, appium:automationName: uiautomator2, appium:bundleID: com.androidsample.generalstore, appium:bundleId: com.androidsample.generalstore, appium:chromedriverPort: 18080, appium:chromedriverPorts: [[18100, 18110]], appium:databaseEnabled: false, appium:desired: {appActivity: com.androidsample.generalst..., appPackage: com.androidsample.generalstore, automationName: uiautomator2, bstack:options: {buildIdentifier: #3, hostName: Roshin, localIdentifier: 05_Nov_117_Roshin_kXhF}, bundleID: com.androidsample.generalstore, bundleId: com.androidsample.generalstore, chromedriverPort: 18080, chromedriverPorts: [[18100, 18110]], deviceName: pixel 8 pro emulator, disableSuppressAccessibilityService: true, goog:chromeOptions: {}, nativeWebScreenshot: true, newCommandTimeout: 0, platformName: Android, skipServerInstallation: true, systemPort: 8200, udid: 1B031FDEE0057Q}, appium:deviceApiLevel: 31, appium:deviceManufacturer: Google, appium:deviceModel: Pixel 6 Pro, appium:deviceName: 1B031FDEE0057Q, appium:deviceScreenDensity: 560, appium:deviceScreenSize: 1440x3120, appium:deviceUDID: 1B031FDEE0057Q, appium:disableSuppressAccessibilityService: true, appium:javascriptEnabled: true, appium:locationContextEnabled: false, appium:nativeWebScreenshot: true, appium:networkConnectionEnabled: true, appium:newCommandTimeout: 0, appium:optimalHubUrl: hub-aps.browserstack.com, appium:pixelRatio: 3.5, appium:platformVersion: 12, appium:skipServerInstallation: true, appium:statBarHeight: 145, appium:systemPort: 8200, appium:takesScreenshot: true, appium:udid: 1B031FDEE0057Q, appium:viewportRect: {height: 2789, left: 0, top: 145, width: 1440}, appium:warnings: {}, appium:webStorageEnabled: false, bstack:options: {buildIdentifier: #3, hostName: Roshin, localIdentifier: 05_Nov_117_Roshin_kXhF}, goog:chromeOptions: {}, platformName: ANDROID} Session ID: cf9bf87ca34b0d1b421063b7c1a3f6d375c58f37\"},\"platformVersion\":\"12.0\",\"deviceName\":\"Google Pixel 6 Pro\"}]","testhub_uuid":"tv0y26m57nauy8dl1gcvdrymrgagz4r8u1ytgks2","detectedAppiumVersion":"null","productMap":{"app_automate":true,"accessibility":false,"automate":false,"percy":false,"observability":true,"turboscale":false},"hostname":"Roshin","measures":{"percy:start":751,"local:start":5608,"sdk:setup":13137,"percy:stop":0,"local:stop":2273},"productUsage":{"testObservability":{"buildHashedId":"tv0y26m57nauy8dl1gcvdrymrgagz4r8u1ytgks2","manuallySet":false,"enabled":true,"events":{"hookEvents":{"started":{"errors":[],"triggeredCount":5,"failedCount":0,"sentCount":6},"finished":{"triggeredCount":6,"failedCount":0,"errors":[],"sentCount":6},"passed":{"errors":[],"triggeredCount":6,"failedCount":0,"sentCount":6}},"logEvents":{"errors":[],"triggeredCount":195,"failedCount":0,"sentCount":195,"log":{"errors":[],"triggeredCount":195,"failedCount":0,"sentCount":195}},"testEvents":{"started":{"errors":[],"triggeredCount":9,"failedCount":0,"sentCount":9},"finished":{"triggeredCount":9,"failedCount":0,"errors":[],"sentCount":9},"failed":{"errors":[],"triggeredCount":3,"failedCount":0,"sentCount":3},"passed":{"errors":[],"triggeredCount":6,"failedCount":0,"sentCount":6}},"batchEvents":{"triggeredCount":9,"failedCount":0,"errors":[],"sentCount":9},"cbtSessionEvents":{"errors":[],"triggeredCount":0,"failedCount":0,"sentCount":0},"buildEvents":{"started":{"error":null,"status":"success","triggered":true},"finished":{"error":null,"status":"success","triggered":true}}}}},"browserStackConfig":{"browserstackLocal":true,"percy":false,"logLevel":"info","staticWebDriver":true,"autoDetectFramework":true,"percyCaptureMode":"MANUAL","browserStackLocalOptions":{"localIdentifier":"05_Nov_117_Roshin_kXhF","key":"****"},"percyOptions":{},"testContextOptions":{"skipSessionName":false,"skipSessionStatus":false,"serenityOverridePlugin":false},"platforms":[{"capabilities":{"platformVersion":12.0,"platformName":"android","deviceName":"Samsung Galaxy S22 Ultra"},"browserVersion":null,"osVersion":null,"browser":null,"device":"Samsung Galaxy S22 Ultra","os":null,"platformCaps":{"platformVersion":12.0,"platformName":"android","deviceName":"Samsung Galaxy S22 Ultra"},"platformString":"Samsung Galaxy S22 Ultra, 12.0","customVariables":"****"},{"capabilities":{"platformVersion":11.0,"platformName":"android","deviceName":"Samsung Galaxy S21"},"browserVersion":null,"osVersion":null,"browser":null,"device":"Samsung Galaxy S21","os":null,"platformCaps":{"platformVersion":11.0,"platformName":"android","deviceName":"Samsung Galaxy S21"},"platformString":"Samsung Galaxy S21, 11.0","customVariables":"****"},{"capabilities":{"platformVersion":12.0,"platformName":"android","deviceName":"Google Pixel 6 Pro"},"browserVersion":null,"osVersion":null,"browser":null,"device":"Google Pixel 6 Pro","os":null,"platformCaps":{"platformVersion":12.0,"platformName":"android","deviceName":"Google Pixel 6 Pro"},"platformString":"Google Pixel 6 Pro, 12.0","customVariables":"****"}],"parallelsPerPlatform":1,"framework":"testng","accessibility":false,"accessibilityOptions":{},"turboScaleOptions":{},"disableAutoCaptureLogs":true,"testObservability":true,"browserstackAutomation":true,"turboScale":false,"testObservabilityOptions":{},"gradleMConfig":null,"proxySettings":null},"percyBuildId":null,"product":"[app-automate, observability]","buildName":"browserstack build","os":"Windows 11","languageVersion":"21.0.3","appiumVersion":"9.3.0","frameworkDetectionInstrumentation":{"parseLoadClass":27,"ret-org.openqa.selenium.remote.RemoteWebDriver":345,"retransformClasses":345,"parseDependencies":19},"userFramework":"testng","detectedDependencies":"testng","referrer":"testng-javaagent\/1.26.4","locationTrigger":"BSTACK_BUILD_END","language_framework":"java_testng","detectedFramework":"testng","testOrchestration":{"abortBuildOnFailure":{"enabled":false},"retryTestsOnFailure":{"enabled":false},"userConfig":{}},"detectedSeleniumVersion":"4.26.0","seleniumVersion":"4.26.0"}}
11:08:33.576 [Thread-0] DEBUG c.b.utils.FunnelInstrumentation - API Event SDKTestSuccessful response - {"message":"SDK Event recorded successfully"}
11:08:34.941 [Thread-0] DEBUG c.browserstack.utils.UtilityMethods - Browserstack Gradle Config File does not exist.
11:08:35.495 [Thread-0] DEBUG c.browserstack.utils.UtilityMethods - Server side buildName(browserstack build  3) is not same as client side buildName(browserstack build #3)
11:15:14.772 [main] DEBUG c.browserstack.utils.LogReportingAPI - 
[2024-11-05T07:15:14.759799700Z][ OBSERVABILITY ] Exception in populating data for Test Disabled : java.lang.NullPointerException: Cannot invoke "String.contains(java.lang.CharSequence)" because the return value of "com.browserstack.config.BrowserStackConfig.getFramework()" is null
	at com.browserstack.testNgListeners.TmpSuiteListener.onFinish(Unknown Source)
	at org.testng.TestRunner.fireEvent(TestRunner.java:873)
	at org.testng.TestRunner.afterRun(TestRunner.java:828)
	at org.testng.TestRunner.run(TestRunner.java:616)
	at org.testng.SuiteRunner.runTest(SuiteRunner.java:421)
	at org.testng.SuiteRunner.runSequentially(SuiteRunner.java:413)
	at org.testng.SuiteRunner.privateRun(SuiteRunner.java:373)
	at org.testng.SuiteRunner.run(SuiteRunner.java:312)
	at org.testng.SuiteRunnerWorker.runSuite(SuiteRunnerWorker.java:52)
	at org.testng.SuiteRunnerWorker.run(SuiteRunnerWorker.java:95)
	at org.testng.TestNG.runSuitesSequentially(TestNG.java:1274)
	at org.testng.TestNG.runSuitesLocally(TestNG.java:1208)
	at org.testng.TestNG.runSuites(TestNG.java:1112)
	at org.testng.TestNG.run(TestNG.java:1079)
	at org.testng.remote.AbstractRemoteTestNG.run(AbstractRemoteTestNG.java:115)
	at org.testng.remote.RemoteTestNG.initAndRun(RemoteTestNG.java:293)
	at org.testng.remote.RemoteTestNG.main(RemoteTestNG.java:91)


11:15:16.129 [main] DEBUG c.b.utils.FunnelInstrumentation - API Event Observability_Crash_Report_Upload response - OK
11:15:28.015 [main] DEBUG c.b.config.BrowserStackConfig - Cli Config passed - {}
11:15:28.602 [main] DEBUG c.b.logger.BrowserstackLoggerFactory - Log Level set to TRACE for logger com.browserstack
11:15:28.602 [main] DEBUG c.b.logger.BrowserstackLoggerFactory - Log Level set to INFO for logger stdoutPrinter
11:15:28.704 [main] DEBUG c.b.utils.FrameworkDetectionUtils - Java command - org.testng.remote.RemoteTestNG -serport 59016 -protocol json -d C:\Users\xps\eclipse-workspace\Mobile\test-output C:\Users\xps\AppData\Local\Temp\testng-eclipse-1906602285\testng-customsuite.xml
11:15:28.705 [main] DEBUG c.b.utils.FrameworkDetectionUtils - testng suite xml path C:\Users\xps\AppData\Local\Temp\testng-eclipse-1906602285\testng-customsuite.xml
11:15:28.724 [main] DEBUG c.b.utils.FrameworkDetectionUtils - Test classes detected: MargoExpress.Mobile.Ecommerce_Tc_4_Hybrid
11:15:28.745 [main] DEBUG c.b.utils.FrameworkDetectionUtils - Runner: testng, Engine: none
11:15:28.778 [main] DEBUG c.b.utils.FrameworkDetectionUtils - Runner: testng, Engine: none from dependencies
11:15:28.779 [main] DEBUG c.b.utils.FrameworkDetectionUtils - Detected final framework as: testng
11:15:28.779 [main] DEBUG c.browserstack.BrowserStackJavaAgent - JavaAgent Version 1.26.4
11:15:28.788 [main] DEBUG c.b.utils.ExitSignalHandler - Registered handler for INT
11:15:28.788 [main] DEBUG c.b.utils.ExitSignalHandler - Registered handler for TERM
11:15:28.789 [main] DEBUG c.b.utils.ExitSignalHandler - Unable to attach signal handler for HUP Unknown signal: HUP
11:15:28.789 [main] DEBUG c.b.utils.ExitSignalHandler - Registered handler for ABRT
11:15:29.490 [Thread-1] DEBUG c.browserstack.utils.UtilityMethods - NEXT HUBS ARE: ["hub-aps.browserstack.com","hub-euw.browserstack.com","hub-apse.browserstack.com"]
11:15:29.843 [main] DEBUG c.browserstack.utils.UtilityMethods - EXECUTION TIME OF hub-aps.browserstack.com HUB IS: 351ms
11:15:30.607 [main] DEBUG c.browserstack.utils.UtilityMethods - EXECUTION TIME OF hub-euw.browserstack.com HUB IS: 757ms
11:15:32.369 [main] DEBUG c.browserstack.utils.UtilityMethods - EXECUTION TIME OF hub-apse.browserstack.com HUB IS: 1760ms
11:15:32.372 [main] DEBUG c.browserstack.utils.UtilityMethods - NEAREST HUB ALLOCATED IS - hub-aps.browserstack.com
11:15:32.400 [main] DEBUG c.b.utils.FunnelInstrumentation - Sending funnel data for SDKTestAttempted with data: {"event_type":"SDKTestAttempted","accessKey":"1XSLBqNLYzWiPhqyqy9L","userName":"roshinsurendran_Sh2ZAM","event_properties":{"product":"[app-automate, observability]","buildName":"browserstack build","os":"Windows 11","languageVersion":"21.0.3","appiumVersion":"9.3.0","frameworkDetectionInstrumentation":{"parseLoadClass":19,"parseDependencies":33},"language":"java","sdkRunId":"c0316e5c-b209-418d-a670-ce358f64bd0e","buildIdentifier":"#4","userFramework":"testng","testhub_uuid":"","detectedAppiumVersion":"null","detectedDependencies":"testng","productMap":{"app_automate":true,"accessibility":false,"automate":false,"percy":false,"observability":true,"turboscale":false},"referrer":"testng-javaagent\/1.26.4","hostname":"Roshin","language_framework":"java_testng","detectedFramework":"testng","detectedSeleniumVersion":"4.26.0","seleniumVersion":"4.26.0"}}
11:15:33.229 [main] DEBUG c.b.utils.FunnelInstrumentation - API Event SDKTestAttempted response - {"message":"SDK Event recorded successfully"}
11:15:33.661 [main] DEBUG c.browserstack.testOps.RequestUtils - [ TESTHUB ] Processing Request Kind launchTestSession
11:15:33.662 [main] DEBUG c.browserstack.testOps.RequestUtils - [requestToTestOps] Sending Observability request: POST api/v2/builds with request size 1246
11:15:33.662 [main] DEBUG c.browserstack.testOps.RequestUtils - [makeRequest] Sending request: POST https://collector-observability.browserstack.com/api/v2/builds with request size 1246
11:15:34.514 [main] DEBUG c.browserstack.testOps.RequestUtils - [makeRequest]: Response code: 200
11:15:34.515 [main] DEBUG c.browserstack.testOps.RequestUtils - requestToTestOps: Response code: 200
11:15:34.515 [main] DEBUG com.browserstack.testOps.Listener - BROWSERSTACK_TESTHUB_UUID : 5gf8c636fgoouh00itr5lovi6sdqnoutk7boe4bs
11:15:34.516 [main] DEBUG com.browserstack.testOps.Listener - [ TESTHUB ] Build creation successfull
11:15:34.525 [main] DEBUG com.browserstack.PercyFactory - Fetching token for BrowserStack Sample
11:15:35.316 [main] DEBUG com.browserstack.LocalFactory - Starting BrowserStack Local with identifier 05_Nov_1115_Roshin_LFYD
11:15:45.045 [main] DEBUG c.b.t.XMLSuiteClassListener - Number of parallels - 3 and number of platforms - 3
11:15:45.277 [main] DEBUG com.browserstack.testOps.Listener - [ TESTHUB ] Processing Request Kind LogCreated
11:15:45.284 [main] DEBUG com.browserstack.testOps.Listener - [ TESTHUB ] Processing Request Kind LogCreated
11:15:45.286 [main] DEBUG com.browserstack.testOps.Listener - [ TESTHUB ] Processing Request Kind LogCreated
11:15:45.286 [main] DEBUG com.browserstack.testOps.Listener - [ TESTHUB ] Processing Request Kind LogCreated
11:15:45.287 [main] DEBUG com.browserstack.testOps.Listener - [ TESTHUB ] Processing Request Kind LogCreated
11:15:45.287 [main] DEBUG com.browserstack.testOps.Listener - [ TESTHUB ] Processing Request Kind LogCreated
11:15:45.288 [main] DEBUG com.browserstack.testOps.Listener - [ TESTHUB ] Processing Request Kind LogCreated
11:15:45.288 [main] DEBUG com.browserstack.testOps.Listener - [ TESTHUB ] Processing Request Kind LogCreated
11:15:45.299 [main] DEBUG com.browserstack.testOps.Listener - [ TESTHUB ] Processing Request Kind LogCreated
11:15:45.311 [main] DEBUG com.browserstack.testOps.Listener - [ TESTHUB ] Processing Request Kind LogCreated
11:15:45.311 [main] DEBUG com.browserstack.testOps.Listener - [ TESTHUB ] Processing Request Kind LogCreated
11:15:45.316 [main] DEBUG com.browserstack.testOps.Listener - [ TESTHUB ] Processing Request Kind LogCreated
11:15:45.316 [main] DEBUG com.browserstack.testOps.Listener - [ TESTHUB ] Processing Request Kind LogCreated
11:15:45.316 [main] DEBUG com.browserstack.testOps.Listener - [ TESTHUB ] Processing Request Kind LogCreated
11:15:45.317 [main] DEBUG com.browserstack.testOps.Listener - [ TESTHUB ] Processing Request Kind LogCreated
11:15:45.318 [main] DEBUG com.browserstack.testOps.Listener - [ TESTHUB ] Processing Request Kind LogCreated
11:15:45.320 [main] DEBUG com.browserstack.testOps.Listener - [ TESTHUB ] Processing Request Kind LogCreated
11:15:45.320 [main] DEBUG com.browserstack.testOps.Listener - [ TESTHUB ] Processing Request Kind LogCreated
11:15:45.320 [main] DEBUG com.browserstack.testOps.Listener - [ TESTHUB ] Processing Request Kind LogCreated
11:15:45.321 [main] DEBUG com.browserstack.testOps.Listener - [ TESTHUB ] Processing Request Kind LogCreated
11:15:45.321 [main] DEBUG com.browserstack.testOps.Listener - [ TESTHUB ] Processing Request Kind LogCreated
11:15:45.321 [main] DEBUG com.browserstack.testOps.Listener - [ TESTHUB ] Processing Request Kind LogCreated
11:15:45.322 [main] DEBUG com.browserstack.testOps.Listener - [ TESTHUB ] Processing Request Kind LogCreated
11:15:45.322 [main] DEBUG com.browserstack.testOps.Listener - [ TESTHUB ] Processing Request Kind LogCreated
11:15:45.323 [main] DEBUG com.browserstack.testOps.Listener - [ TESTHUB ] Processing Request Kind LogCreated
11:15:45.323 [main] DEBUG com.browserstack.testOps.Listener - [ TESTHUB ] Processing Request Kind LogCreated
11:15:45.325 [main] DEBUG com.browserstack.testOps.Listener - [ TESTHUB ] Processing Request Kind LogCreated
11:15:45.325 [main] DEBUG com.browserstack.testOps.Listener - [ TESTHUB ] Processing Request Kind LogCreated
11:15:45.327 [main] DEBUG com.browserstack.testOps.Listener - [ TESTHUB ] Processing Request Kind LogCreated
11:15:45.327 [main] DEBUG com.browserstack.testOps.Listener - [ TESTHUB ] Processing Request Kind LogCreated
11:15:45.330 [main] DEBUG com.browserstack.testOps.Listener - [ TESTHUB ] Processing Request Kind LogCreated
11:15:45.331 [main] DEBUG com.browserstack.testOps.Listener - [ TESTHUB ] Processing Request Kind LogCreated
11:15:45.331 [main] DEBUG com.browserstack.testOps.Listener - [ TESTHUB ] Processing Request Kind LogCreated
11:15:45.331 [main] DEBUG com.browserstack.testOps.Listener - [ TESTHUB ] Processing Request Kind LogCreated
11:15:45.333 [main] DEBUG com.browserstack.testOps.Listener - [ TESTHUB ] Processing Request Kind LogCreated
11:15:45.334 [main] DEBUG com.browserstack.testOps.Listener - [ TESTHUB ] Processing Request Kind LogCreated
11:15:45.335 [main] DEBUG com.browserstack.testOps.Listener - [ TESTHUB ] Processing Request Kind LogCreated
11:15:45.335 [main] DEBUG com.browserstack.testOps.Listener - [ TESTHUB ] Processing Request Kind LogCreated
11:15:45.335 [main] DEBUG com.browserstack.testOps.Listener - [ TESTHUB ] Processing Request Kind LogCreated
11:15:45.340 [main] DEBUG com.browserstack.testOps.Listener - [ TESTHUB ] Processing Request Kind LogCreated
11:15:45.340 [main] DEBUG com.browserstack.testOps.Listener - [ TESTHUB ] Processing Request Kind LogCreated
11:15:45.340 [main] DEBUG com.browserstack.testOps.Listener - [ TESTHUB ] Processing Request Kind LogCreated
11:15:45.342 [main] DEBUG com.browserstack.testOps.Listener - [ TESTHUB ] Processing Request Kind LogCreated
11:15:45.344 [main] DEBUG com.browserstack.testOps.Listener - [ TESTHUB ] Processing Request Kind LogCreated
11:15:45.344 [main] DEBUG com.browserstack.testOps.Listener - [ TESTHUB ] Processing Request Kind LogCreated
11:15:45.344 [main] DEBUG com.browserstack.testOps.Listener - [ TESTHUB ] Processing Request Kind LogCreated
11:15:45.345 [main] DEBUG com.browserstack.testOps.Listener - [ TESTHUB ] Processing Request Kind LogCreated
11:15:45.362 [main] DEBUG com.browserstack.testOps.Listener - [ TESTHUB ] Processing Request Kind LogCreated
11:15:45.362 [main] DEBUG com.browserstack.testOps.Listener - [ TESTHUB ] Processing Request Kind LogCreated
11:15:45.363 [main] DEBUG com.browserstack.testOps.Listener - [ TESTHUB ] Processing Request Kind LogCreated
11:15:45.363 [main] DEBUG com.browserstack.testOps.Listener - [ TESTHUB ] Processing Request Kind LogCreated
11:15:45.364 [main] DEBUG com.browserstack.testOps.Listener - [ TESTHUB ] Processing Request Kind LogCreated
11:15:45.364 [main] DEBUG com.browserstack.testOps.Listener - [ TESTHUB ] Processing Request Kind LogCreated
11:15:45.365 [main] DEBUG com.browserstack.testOps.Listener - [ TESTHUB ] Processing Request Kind LogCreated
11:15:45.365 [main] DEBUG com.browserstack.testOps.Listener - [ TESTHUB ] Processing Request Kind LogCreated
11:15:45.366 [main] DEBUG com.browserstack.testOps.Listener - [ TESTHUB ] Processing Request Kind LogCreated
11:15:45.367 [main] DEBUG com.browserstack.testOps.Listener - [ TESTHUB ] Processing Request Kind LogCreated
11:15:45.367 [main] DEBUG com.browserstack.testOps.Listener - [ TESTHUB ] Processing Request Kind LogCreated
11:15:45.367 [main] DEBUG com.browserstack.testOps.Listener - [ TESTHUB ] Processing Request Kind LogCreated
11:15:45.367 [main] DEBUG com.browserstack.testOps.Listener - [ TESTHUB ] Processing Request Kind LogCreated
11:15:45.367 [main] DEBUG com.browserstack.testOps.Listener - [ TESTHUB ] Processing Request Kind LogCreated
11:15:45.367 [main] DEBUG com.browserstack.testOps.Listener - [ TESTHUB ] Processing Request Kind LogCreated
11:15:45.368 [main] DEBUG com.browserstack.testOps.Listener - [ TESTHUB ] Processing Request Kind LogCreated
11:15:45.368 [main] DEBUG com.browserstack.testOps.Listener - [ TESTHUB ] Processing Request Kind LogCreated
11:15:45.368 [main] DEBUG com.browserstack.testOps.Listener - [ TESTHUB ] Processing Request Kind LogCreated
11:15:45.369 [main] DEBUG com.browserstack.testOps.Listener - [ TESTHUB ] Processing Request Kind LogCreated
11:15:45.369 [main] DEBUG com.browserstack.testOps.Listener - [ TESTHUB ] Processing Request Kind LogCreated
11:15:45.369 [main] DEBUG com.browserstack.testOps.Listener - [ TESTHUB ] Processing Request Kind LogCreated
11:15:45.369 [main] DEBUG com.browserstack.testOps.Listener - [ TESTHUB ] Processing Request Kind LogCreated
11:15:45.370 [main] DEBUG com.browserstack.testOps.Listener - [ TESTHUB ] Processing Request Kind LogCreated
11:15:45.371 [main] DEBUG com.browserstack.testOps.Listener - [ TESTHUB ] Processing Request Kind LogCreated
11:15:45.371 [main] DEBUG com.browserstack.testOps.Listener - [ TESTHUB ] Processing Request Kind LogCreated
11:15:45.371 [main] DEBUG com.browserstack.testOps.Listener - [ TESTHUB ] Processing Request Kind LogCreated
11:15:45.372 [main] DEBUG com.browserstack.testOps.Listener - [ TESTHUB ] Processing Request Kind LogCreated
11:15:45.372 [main] DEBUG com.browserstack.testOps.Listener - [ TESTHUB ] Processing Request Kind LogCreated
11:15:45.372 [main] DEBUG com.browserstack.testOps.Listener - [ TESTHUB ] Processing Request Kind LogCreated
11:15:45.372 [main] DEBUG com.browserstack.testOps.Listener - [ TESTHUB ] Processing Request Kind LogCreated
11:15:45.373 [main] DEBUG com.browserstack.testOps.Listener - [ TESTHUB ] Processing Request Kind LogCreated
11:15:45.373 [main] DEBUG com.browserstack.testOps.Listener - [ TESTHUB ] Processing Request Kind LogCreated
11:15:45.373 [main] DEBUG com.browserstack.testOps.Listener - [ TESTHUB ] Processing Request Kind LogCreated
11:15:45.373 [main] DEBUG com.browserstack.testOps.Listener - [ TESTHUB ] Processing Request Kind LogCreated
11:15:45.373 [main] DEBUG com.browserstack.testOps.Listener - [ TESTHUB ] Processing Request Kind LogCreated
11:15:45.375 [main] DEBUG com.browserstack.testOps.Listener - [ TESTHUB ] Processing Request Kind LogCreated
11:15:45.375 [main] DEBUG com.browserstack.testOps.Listener - [ TESTHUB ] Processing Request Kind LogCreated
11:15:45.376 [main] DEBUG com.browserstack.testOps.Listener - [ TESTHUB ] Processing Request Kind LogCreated
11:15:45.376 [main] DEBUG com.browserstack.testOps.Listener - [ TESTHUB ] Processing Request Kind LogCreated
11:15:45.376 [main] DEBUG com.browserstack.testOps.Listener - [ TESTHUB ] Processing Request Kind LogCreated
11:15:45.376 [main] DEBUG com.browserstack.testOps.Listener - [ TESTHUB ] Processing Request Kind LogCreated
11:15:45.376 [main] DEBUG com.browserstack.testOps.Listener - [ TESTHUB ] Processing Request Kind LogCreated
11:15:45.377 [main] DEBUG com.browserstack.testOps.Listener - [ TESTHUB ] Processing Request Kind LogCreated
11:15:45.377 [main] DEBUG com.browserstack.testOps.Listener - [ TESTHUB ] Processing Request Kind LogCreated
11:15:45.377 [main] DEBUG com.browserstack.testOps.Listener - [ TESTHUB ] Processing Request Kind LogCreated
11:15:45.377 [main] DEBUG com.browserstack.testOps.Listener - [ TESTHUB ] Processing Request Kind LogCreated
11:15:45.377 [main] DEBUG com.browserstack.testOps.Listener - [ TESTHUB ] Processing Request Kind LogCreated
11:15:45.384 [main] DEBUG com.browserstack.testOps.Listener - [ TESTHUB ] Processing Request Kind LogCreated
11:15:45.384 [main] DEBUG com.browserstack.testOps.Listener - [ TESTHUB ] Processing Request Kind LogCreated
11:15:45.384 [main] DEBUG com.browserstack.testOps.Listener - [ TESTHUB ] Processing Request Kind LogCreated
11:15:45.385 [main] DEBUG com.browserstack.testOps.Listener - [ TESTHUB ] Processing Request Kind LogCreated
11:15:45.385 [main] DEBUG com.browserstack.testOps.Listener - [ TESTHUB ] Processing Request Kind LogCreated
11:15:45.385 [main] DEBUG com.browserstack.testOps.Listener - [ TESTHUB ] Processing Request Kind LogCreated
11:15:45.386 [main] DEBUG com.browserstack.testOps.Listener - [ TESTHUB ] Processing Request Kind LogCreated
11:15:45.386 [main] DEBUG com.browserstack.testOps.Listener - [ TESTHUB ] Processing Request Kind LogCreated
11:15:45.387 [main] DEBUG com.browserstack.testOps.Listener - [ TESTHUB ] Processing Request Kind LogCreated
11:15:45.387 [main] DEBUG com.browserstack.testOps.Listener - [ TESTHUB ] Processing Request Kind LogCreated
11:15:45.387 [main] DEBUG com.browserstack.testOps.Listener - [ TESTHUB ] Processing Request Kind LogCreated
11:15:45.388 [main] DEBUG com.browserstack.testOps.Listener - [ TESTHUB ] Processing Request Kind LogCreated
11:15:45.388 [main] DEBUG com.browserstack.testOps.Listener - [ TESTHUB ] Processing Request Kind LogCreated
11:15:45.388 [main] DEBUG com.browserstack.testOps.Listener - [ TESTHUB ] Processing Request Kind LogCreated
11:15:45.388 [main] DEBUG com.browserstack.testOps.Listener - [ TESTHUB ] Processing Request Kind LogCreated
11:15:45.388 [main] DEBUG com.browserstack.testOps.Listener - [ TESTHUB ] Processing Request Kind LogCreated
11:15:45.389 [main] DEBUG com.browserstack.testOps.Listener - [ TESTHUB ] Processing Request Kind LogCreated
11:15:45.389 [main] DEBUG com.browserstack.testOps.Listener - [ TESTHUB ] Processing Request Kind LogCreated
11:15:45.389 [main] DEBUG com.browserstack.testOps.Listener - [ TESTHUB ] Processing Request Kind LogCreated
11:15:45.390 [main] DEBUG com.browserstack.testOps.Listener - [ TESTHUB ] Processing Request Kind LogCreated
11:15:45.390 [main] DEBUG com.browserstack.testOps.Listener - [ TESTHUB ] Processing Request Kind LogCreated
11:15:45.390 [main] DEBUG com.browserstack.testOps.Listener - [ TESTHUB ] Processing Request Kind LogCreated
11:15:45.391 [main] DEBUG com.browserstack.testOps.Listener - [ TESTHUB ] Processing Request Kind LogCreated
11:15:45.391 [main] DEBUG com.browserstack.testOps.Listener - [ TESTHUB ] Processing Request Kind LogCreated
11:15:45.392 [main] DEBUG com.browserstack.testOps.Listener - [ TESTHUB ] Processing Request Kind LogCreated
11:15:45.392 [main] DEBUG com.browserstack.testOps.Listener - [ TESTHUB ] Processing Request Kind LogCreated
11:15:45.392 [main] DEBUG com.browserstack.testOps.Listener - [ TESTHUB ] Processing Request Kind LogCreated
11:15:45.393 [main] DEBUG com.browserstack.testOps.Listener - [ TESTHUB ] Processing Request Kind LogCreated
11:15:45.393 [main] DEBUG com.browserstack.testOps.Listener - [ TESTHUB ] Processing Request Kind LogCreated
11:15:45.394 [main] DEBUG com.browserstack.testOps.Listener - [ TESTHUB ] Processing Request Kind LogCreated
11:15:45.394 [main] DEBUG com.browserstack.testOps.Listener - [ TESTHUB ] Processing Request Kind LogCreated
11:15:45.394 [main] DEBUG com.browserstack.testOps.Listener - [ TESTHUB ] Processing Request Kind LogCreated
11:15:45.394 [main] DEBUG com.browserstack.testOps.Listener - [ TESTHUB ] Processing Request Kind LogCreated
11:15:45.395 [main] DEBUG com.browserstack.testOps.Listener - [ TESTHUB ] Processing Request Kind LogCreated
11:15:45.396 [main] DEBUG com.browserstack.testOps.Listener - [ TESTHUB ] Processing Request Kind LogCreated
11:15:45.396 [main] DEBUG com.browserstack.testOps.Listener - [ TESTHUB ] Processing Request Kind LogCreated
11:15:45.396 [main] DEBUG com.browserstack.testOps.Listener - [ TESTHUB ] Processing Request Kind LogCreated
11:15:45.397 [main] DEBUG com.browserstack.testOps.Listener - [ TESTHUB ] Processing Request Kind LogCreated
11:15:45.397 [main] DEBUG com.browserstack.testOps.Listener - [ TESTHUB ] Processing Request Kind LogCreated
11:15:45.397 [main] DEBUG com.browserstack.testOps.Listener - [ TESTHUB ] Processing Request Kind LogCreated
11:15:45.397 [main] DEBUG com.browserstack.testOps.Listener - [ TESTHUB ] Processing Request Kind LogCreated
11:15:45.397 [main] DEBUG com.browserstack.testOps.Listener - [ TESTHUB ] Processing Request Kind LogCreated
11:15:45.398 [main] DEBUG com.browserstack.testOps.Listener - [ TESTHUB ] Processing Request Kind LogCreated
11:15:45.398 [main] DEBUG com.browserstack.testOps.Listener - [ TESTHUB ] Processing Request Kind LogCreated
11:15:45.398 [main] DEBUG com.browserstack.testOps.Listener - [ TESTHUB ] Processing Request Kind LogCreated
11:15:45.398 [main] DEBUG com.browserstack.testOps.Listener - [ TESTHUB ] Processing Request Kind LogCreated
11:15:45.398 [main] DEBUG com.browserstack.testOps.Listener - [ TESTHUB ] Processing Request Kind LogCreated
11:15:45.402 [main] DEBUG com.browserstack.testOps.Listener - [ TESTHUB ] Processing Request Kind LogCreated
11:15:45.402 [main] DEBUG c.browserstack.utils.LogReportingAPI - [2024-11-05T07:15:45.402557500Z][ OBSERVABILITY ] Processing Logs patching stream
11:15:45.418 [main] DEBUG com.browserstack.testOps.Listener - [ TESTHUB ] Processing Request Kind LogCreated
11:15:45.440 [Default test-1@1] DEBUG com.browserstack.testOps.Listener - [ TESTHUB ] Processing Request Kind LogCreated
11:15:45.440 [Default test-2@2] DEBUG com.browserstack.testOps.Listener - [ TESTHUB ] Processing Request Kind LogCreated
11:15:45.440 [Default test-0@0] DEBUG com.browserstack.testOps.Listener - [ TESTHUB ] Processing Request Kind LogCreated
11:15:45.481 [ConfigureAppium@2] DEBUG c.b.testNgListeners.TestNGUtils - [populateTestDataForBSTestOps] Event Type :: HookRunStarted, Method ClassName :: MargoExpress.Mobile.BaseTest 
11:15:45.481 [ConfigureAppium@0] DEBUG c.b.testNgListeners.TestNGUtils - [populateTestDataForBSTestOps] Event Type :: HookRunStarted, Method ClassName :: MargoExpress.Mobile.BaseTest 
11:15:45.481 [ConfigureAppium@1] DEBUG c.b.testNgListeners.TestNGUtils - [populateTestDataForBSTestOps] Event Type :: HookRunStarted, Method ClassName :: MargoExpress.Mobile.BaseTest 
11:15:45.481 [ConfigureAppium@2] DEBUG c.browserstack.utils.UtilityMethods - [findFileMatcher] Current Path is :: C:\Users\xps\eclipse-workspace\Mobile, TestClass :: MargoExpress\Mobile\BaseTest
11:15:45.481 [ConfigureAppium@0] DEBUG c.browserstack.utils.UtilityMethods - [findFileMatcher] Current Path is :: C:\Users\xps\eclipse-workspace\Mobile, TestClass :: MargoExpress\Mobile\BaseTest
11:15:45.481 [ConfigureAppium@1] DEBUG c.browserstack.utils.UtilityMethods - [findFileMatcher] Current Path is :: C:\Users\xps\eclipse-workspace\Mobile, TestClass :: MargoExpress\Mobile\BaseTest
11:15:45.710 [ConfigureAppium@2] DEBUG c.b.testNgListeners.TestNGUtils - [populateTestDataForBSTestOps] The filename fetched :: C:\Users\xps\eclipse-workspace\Mobile\src\test\java\MargoExpress\Mobile\BaseTest.java, fileSeparator :: \, AbsolutePath :: C:\Users\xps\eclipse-workspace\Mobile\., Normalized Path :: C:\Users\xps\eclipse-workspace\Mobile, File.Separator :: \
11:15:45.710 [ConfigureAppium@0] DEBUG c.b.testNgListeners.TestNGUtils - [populateTestDataForBSTestOps] The filename fetched :: C:\Users\xps\eclipse-workspace\Mobile\src\test\java\MargoExpress\Mobile\BaseTest.java, fileSeparator :: \, AbsolutePath :: C:\Users\xps\eclipse-workspace\Mobile\., Normalized Path :: C:\Users\xps\eclipse-workspace\Mobile, File.Separator :: \
11:15:45.710 [ConfigureAppium@1] DEBUG c.b.testNgListeners.TestNGUtils - [populateTestDataForBSTestOps] The filename fetched :: C:\Users\xps\eclipse-workspace\Mobile\src\test\java\MargoExpress\Mobile\BaseTest.java, fileSeparator :: \, AbsolutePath :: C:\Users\xps\eclipse-workspace\Mobile\., Normalized Path :: C:\Users\xps\eclipse-workspace\Mobile, File.Separator :: \
11:15:45.712 [ConfigureAppium@2] DEBUG c.b.testNgListeners.TestNGUtils - [populateTestDataForBSTestOps] Replaced File Name is :: Mobile\src\test\java\MargoExpress\Mobile\BaseTest.java, Absolute Path :: C:\Users\xps\eclipse-workspace\Mobile\.., Normalized Path :: C:\Users\xps\eclipse-workspace 
11:15:45.712 [ConfigureAppium@0] DEBUG c.b.testNgListeners.TestNGUtils - [populateTestDataForBSTestOps] Replaced File Name is :: Mobile\src\test\java\MargoExpress\Mobile\BaseTest.java, Absolute Path :: C:\Users\xps\eclipse-workspace\Mobile\.., Normalized Path :: C:\Users\xps\eclipse-workspace 
11:15:45.712 [ConfigureAppium@1] DEBUG c.b.testNgListeners.TestNGUtils - [populateTestDataForBSTestOps] Replaced File Name is :: Mobile\src\test\java\MargoExpress\Mobile\BaseTest.java, Absolute Path :: C:\Users\xps\eclipse-workspace\Mobile\.., Normalized Path :: C:\Users\xps\eclipse-workspace 
11:15:45.714 [ConfigureAppium@0] DEBUG com.browserstack.testOps.Listener - [ TESTHUB ] Processing Request Kind HookRunStarted
11:15:45.714 [ConfigureAppium@1] DEBUG com.browserstack.testOps.Listener - [ TESTHUB ] Processing Request Kind HookRunStarted
11:15:45.714 [ConfigureAppium@2] DEBUG com.browserstack.testOps.Listener - [ TESTHUB ] Processing Request Kind HookRunStarted
11:15:47.287 [pool-4-thread-1] DEBUG c.browserstack.utils.RequestBatcher - Time Since Last Batch Processed 1730790947287

11:15:47.293 [pool-5-thread-1] DEBUG c.browserstack.utils.RequestBatcher - Processing Batch 149

11:15:47.299 [pool-5-thread-1] DEBUG c.browserstack.testOps.RequestUtils - [requestToTestOps] Sending Observability request: POST api/v1/batch with request size 35849
11:15:47.302 [pool-5-thread-1] DEBUG c.browserstack.testOps.RequestUtils - [makeRequest] Sending request: POST https://collector-observability.browserstack.com/api/v1/batch with request size 35849
11:15:47.834 [pool-5-thread-1] DEBUG c.browserstack.testOps.RequestUtils - [makeRequest]: Response code: 200
11:15:47.834 [pool-5-thread-1] DEBUG c.browserstack.testOps.RequestUtils - requestToTestOps: Response code: 200
11:15:47.834 [pool-5-thread-1] DEBUG c.browserstack.utils.LogReportingAPI - 
[2024-11-05T07:15:47.834286200Z][ TESTHUB ] Batch event successfull!

11:15:49.294 [pool-4-thread-1] DEBUG c.browserstack.utils.RequestBatcher - Time Since Last Batch Processed 2006

11:15:50.560 [ConfigureAppium@2] DEBUG c.browserstack.utils.UtilityMethods - [Patch]: SDK enabled, patching remote server
11:15:50.560 [ConfigureAppium@1] DEBUG c.browserstack.utils.UtilityMethods - [Patch]: SDK enabled, patching remote server
11:15:50.560 [ConfigureAppium@0] DEBUG c.browserstack.utils.UtilityMethods - [Patch]: SDK enabled, patching remote server
11:15:50.563 [ConfigureAppium@0] DEBUG c.b.selenium.SeleniumHandler - beforeDriverInit: SDK enabled. Thread ID: 70
11:15:50.564 [ConfigureAppium@2] DEBUG c.b.selenium.SeleniumHandler - beforeDriverInit: SDK enabled. Thread ID: 72
11:15:50.564 [ConfigureAppium@1] DEBUG c.b.selenium.SeleniumHandler - beforeDriverInit: SDK enabled. Thread ID: 71
11:15:50.572 [ConfigureAppium@2] DEBUG c.browserstack.utils.UtilityMethods - [Patch]: SDK enabled, patching remote server
11:15:50.572 [ConfigureAppium@0] DEBUG c.browserstack.utils.UtilityMethods - [Patch]: SDK enabled, patching remote server
11:15:50.572 [ConfigureAppium@1] DEBUG c.browserstack.utils.UtilityMethods - [Patch]: SDK enabled, patching remote server
11:15:53.283 [pool-4-thread-1] DEBUG c.browserstack.utils.RequestBatcher - Time Since Last Batch Processed 3988

11:15:55.286 [pool-4-thread-1] DEBUG c.browserstack.utils.RequestBatcher - Time Since Last Batch Processed 2002

11:15:57.294 [pool-4-thread-1] DEBUG c.browserstack.utils.RequestBatcher - Time Since Last Batch Processed 2008

11:16:01.286 [pool-4-thread-1] DEBUG c.browserstack.utils.RequestBatcher - Time Since Last Batch Processed 3992

11:16:03.293 [pool-4-thread-1] DEBUG c.browserstack.utils.RequestBatcher - Time Since Last Batch Processed 2007

11:16:07.288 [pool-4-thread-1] DEBUG c.browserstack.utils.RequestBatcher - Time Since Last Batch Processed 3995

11:16:08.446 [ConfigureAppium@1] DEBUG c.b.selenium.SeleniumHandler - afterDriverInit: requested
11:16:08.484 [ConfigureAppium@1] DEBUG c.b.utils.SeleniumMethodUtils - getURLFromCommandExecutor: Getting Hub url from HttpCommandExecutor
11:16:08.484 [ConfigureAppium@1] DEBUG c.b.utils.SeleniumMethodUtils - getURLFromCommandExecutor: Found url: https://hub-aps.browserstack.com/wd/hub
11:16:08.484 [ConfigureAppium@1] DEBUG c.b.utils.SeleniumMethodUtils - getURLFromCommandExecutor: Getting Hub url from HttpCommandExecutor
11:16:08.484 [ConfigureAppium@1] DEBUG c.b.utils.SeleniumMethodUtils - getURLFromCommandExecutor: Found url: https://hub-aps.browserstack.com/wd/hub
11:16:08.590 [Default test-1@1] DEBUG c.b.testNgListeners.TestNGUtils - [populateTestDataForBSTestOps] Event Type :: TestRunStarted, Test ClassName :: MargoExpress.Mobile.Ecommerce_Tc_4_Hybrid 
11:16:08.591 [Default test-1@1] DEBUG c.browserstack.utils.UtilityMethods - [findFileMatcher] Current Path is :: C:\Users\xps\eclipse-workspace\Mobile, TestClass :: MargoExpress\Mobile\Ecommerce_Tc_4_Hybrid
11:16:08.664 [Default test-1@1] DEBUG c.b.testNgListeners.TestNGUtils - [populateTestDataForBSTestOps] The filename fetched :: C:\Users\xps\eclipse-workspace\Mobile\src\test\java\MargoExpress\Mobile\Ecommerce_Tc_4_Hybrid.java, fileSeparator :: \, AbsolutePath :: C:\Users\xps\eclipse-workspace\Mobile\., Normalized Path :: C:\Users\xps\eclipse-workspace\Mobile, File.Separator :: \
11:16:08.665 [Default test-1@1] DEBUG c.b.testNgListeners.TestNGUtils - [populateTestDataForBSTestOps] Replaced File Name is :: Mobile\src\test\java\MargoExpress\Mobile\Ecommerce_Tc_4_Hybrid.java, Absolute Path :: C:\Users\xps\eclipse-workspace\Mobile\.., Normalized Path :: C:\Users\xps\eclipse-workspace 
11:16:08.679 [Default test-1@1] DEBUG c.b.utils.SeleniumMethodUtils - getURLFromCommandExecutor: Getting Hub url from HttpCommandExecutor
11:16:08.679 [Default test-1@1] DEBUG c.b.utils.SeleniumMethodUtils - getURLFromCommandExecutor: Found url: https://hub-aps.browserstack.com/wd/hub
11:16:08.680 [Default test-1@1] DEBUG c.b.utils.SeleniumMethodUtils - getURLFromCommandExecutor: Getting Hub url from HttpCommandExecutor
11:16:08.680 [Default test-1@1] DEBUG c.b.utils.SeleniumMethodUtils - getURLFromCommandExecutor: Found url: https://hub-aps.browserstack.com/wd/hub
11:16:08.682 [Default test-1@1] DEBUG com.browserstack.testOps.Listener - [ TESTHUB ] Processing Request Kind TestRunStarted
11:16:09.295 [pool-4-thread-1] DEBUG c.browserstack.utils.RequestBatcher - Time Since Last Batch Processed 2007

11:16:09.296 [pool-5-thread-1] DEBUG c.browserstack.utils.RequestBatcher - Processing Batch 1

11:16:09.296 [pool-5-thread-1] DEBUG c.browserstack.testOps.RequestUtils - [requestToTestOps] Sending Observability request: POST api/v1/batch with request size 3198
11:16:09.297 [pool-5-thread-1] DEBUG c.browserstack.testOps.RequestUtils - [makeRequest] Sending request: POST https://collector-observability.browserstack.com/api/v1/batch with request size 3198
11:16:09.519 [pool-5-thread-1] DEBUG c.browserstack.testOps.RequestUtils - [makeRequest]: Response code: 200
11:16:09.519 [pool-5-thread-1] DEBUG c.browserstack.testOps.RequestUtils - requestToTestOps: Response code: 200
11:16:09.519 [pool-5-thread-1] DEBUG c.browserstack.utils.LogReportingAPI - 
[2024-11-05T07:16:09.519683600Z][ TESTHUB ] Batch event successfull!

11:16:12.089 [ConfigureAppium@0] DEBUG c.b.selenium.SeleniumHandler - afterDriverInit: requested
11:16:12.117 [ConfigureAppium@0] DEBUG c.b.utils.SeleniumMethodUtils - getURLFromCommandExecutor: Getting Hub url from HttpCommandExecutor
11:16:12.117 [ConfigureAppium@0] DEBUG c.b.utils.SeleniumMethodUtils - getURLFromCommandExecutor: Found url: https://hub-aps.browserstack.com/wd/hub
11:16:12.117 [ConfigureAppium@0] DEBUG c.b.utils.SeleniumMethodUtils - getURLFromCommandExecutor: Getting Hub url from HttpCommandExecutor
11:16:12.117 [ConfigureAppium@0] DEBUG c.b.utils.SeleniumMethodUtils - getURLFromCommandExecutor: Found url: https://hub-aps.browserstack.com/wd/hub
11:16:12.225 [Default test-0@0] DEBUG c.b.testNgListeners.TestNGUtils - [populateTestDataForBSTestOps] Event Type :: TestRunStarted, Test ClassName :: MargoExpress.Mobile.Ecommerce_Tc_4_Hybrid 
11:16:12.226 [Default test-0@0] DEBUG c.browserstack.utils.UtilityMethods - [findFileMatcher] Current Path is :: C:\Users\xps\eclipse-workspace\Mobile, TestClass :: MargoExpress\Mobile\Ecommerce_Tc_4_Hybrid
11:16:12.307 [Default test-0@0] DEBUG c.b.testNgListeners.TestNGUtils - [populateTestDataForBSTestOps] The filename fetched :: C:\Users\xps\eclipse-workspace\Mobile\src\test\java\MargoExpress\Mobile\Ecommerce_Tc_4_Hybrid.java, fileSeparator :: \, AbsolutePath :: C:\Users\xps\eclipse-workspace\Mobile\., Normalized Path :: C:\Users\xps\eclipse-workspace\Mobile, File.Separator :: \
11:16:12.307 [Default test-0@0] DEBUG c.b.testNgListeners.TestNGUtils - [populateTestDataForBSTestOps] Replaced File Name is :: Mobile\src\test\java\MargoExpress\Mobile\Ecommerce_Tc_4_Hybrid.java, Absolute Path :: C:\Users\xps\eclipse-workspace\Mobile\.., Normalized Path :: C:\Users\xps\eclipse-workspace 
11:16:12.319 [Default test-0@0] DEBUG c.b.utils.SeleniumMethodUtils - getURLFromCommandExecutor: Getting Hub url from HttpCommandExecutor
11:16:12.319 [Default test-0@0] DEBUG c.b.utils.SeleniumMethodUtils - getURLFromCommandExecutor: Found url: https://hub-aps.browserstack.com/wd/hub
11:16:12.319 [Default test-0@0] DEBUG c.b.utils.SeleniumMethodUtils - getURLFromCommandExecutor: Getting Hub url from HttpCommandExecutor
11:16:12.319 [Default test-0@0] DEBUG c.b.utils.SeleniumMethodUtils - getURLFromCommandExecutor: Found url: https://hub-aps.browserstack.com/wd/hub
11:16:12.322 [Default test-0@0] DEBUG com.browserstack.testOps.Listener - [ TESTHUB ] Processing Request Kind TestRunStarted
11:16:13.281 [pool-4-thread-1] DEBUG c.browserstack.utils.RequestBatcher - Time Since Last Batch Processed 3986

11:16:13.281 [pool-5-thread-1] DEBUG c.browserstack.utils.RequestBatcher - Processing Batch 1

11:16:13.282 [pool-5-thread-1] DEBUG c.browserstack.testOps.RequestUtils - [requestToTestOps] Sending Observability request: POST api/v1/batch with request size 3203
11:16:13.282 [pool-5-thread-1] DEBUG c.browserstack.testOps.RequestUtils - [makeRequest] Sending request: POST https://collector-observability.browserstack.com/api/v1/batch with request size 3203
11:16:13.500 [pool-5-thread-1] DEBUG c.browserstack.testOps.RequestUtils - [makeRequest]: Response code: 200
11:16:13.500 [pool-5-thread-1] DEBUG c.browserstack.testOps.RequestUtils - requestToTestOps: Response code: 200
11:16:13.501 [pool-5-thread-1] DEBUG c.browserstack.utils.LogReportingAPI - 
[2024-11-05T07:16:13.500566300Z][ TESTHUB ] Batch event successfull!

11:16:15.289 [pool-4-thread-1] DEBUG c.browserstack.utils.RequestBatcher - Time Since Last Batch Processed 2008

11:16:18.491 [ConfigureAppium@2] DEBUG c.b.selenium.SeleniumHandler - afterDriverInit: requested
11:16:18.505 [ConfigureAppium@2] DEBUG c.b.utils.SeleniumMethodUtils - getURLFromCommandExecutor: Getting Hub url from HttpCommandExecutor
11:16:18.505 [ConfigureAppium@2] DEBUG c.b.utils.SeleniumMethodUtils - getURLFromCommandExecutor: Found url: https://hub-aps.browserstack.com/wd/hub
11:16:18.505 [ConfigureAppium@2] DEBUG c.b.utils.SeleniumMethodUtils - getURLFromCommandExecutor: Getting Hub url from HttpCommandExecutor
11:16:18.505 [ConfigureAppium@2] DEBUG c.b.utils.SeleniumMethodUtils - getURLFromCommandExecutor: Found url: https://hub-aps.browserstack.com/wd/hub
11:16:18.583 [Default test-2@2] DEBUG c.b.testNgListeners.TestNGUtils - [populateTestDataForBSTestOps] Event Type :: TestRunStarted, Test ClassName :: MargoExpress.Mobile.Ecommerce_Tc_4_Hybrid 
11:16:18.583 [Default test-2@2] DEBUG c.browserstack.utils.UtilityMethods - [findFileMatcher] Current Path is :: C:\Users\xps\eclipse-workspace\Mobile, TestClass :: MargoExpress\Mobile\Ecommerce_Tc_4_Hybrid
11:16:18.678 [Default test-2@2] DEBUG c.b.testNgListeners.TestNGUtils - [populateTestDataForBSTestOps] The filename fetched :: C:\Users\xps\eclipse-workspace\Mobile\src\test\java\MargoExpress\Mobile\Ecommerce_Tc_4_Hybrid.java, fileSeparator :: \, AbsolutePath :: C:\Users\xps\eclipse-workspace\Mobile\., Normalized Path :: C:\Users\xps\eclipse-workspace\Mobile, File.Separator :: \
11:16:18.679 [Default test-2@2] DEBUG c.b.testNgListeners.TestNGUtils - [populateTestDataForBSTestOps] Replaced File Name is :: Mobile\src\test\java\MargoExpress\Mobile\Ecommerce_Tc_4_Hybrid.java, Absolute Path :: C:\Users\xps\eclipse-workspace\Mobile\.., Normalized Path :: C:\Users\xps\eclipse-workspace 
11:16:18.693 [Default test-2@2] DEBUG c.b.utils.SeleniumMethodUtils - getURLFromCommandExecutor: Getting Hub url from HttpCommandExecutor
11:16:18.693 [Default test-2@2] DEBUG c.b.utils.SeleniumMethodUtils - getURLFromCommandExecutor: Found url: https://hub-aps.browserstack.com/wd/hub
11:16:18.693 [Default test-2@2] DEBUG c.b.utils.SeleniumMethodUtils - getURLFromCommandExecutor: Getting Hub url from HttpCommandExecutor
11:16:18.693 [Default test-2@2] DEBUG c.b.utils.SeleniumMethodUtils - getURLFromCommandExecutor: Found url: https://hub-aps.browserstack.com/wd/hub
11:16:18.698 [Default test-2@2] DEBUG com.browserstack.testOps.Listener - [ TESTHUB ] Processing Request Kind TestRunStarted
11:16:19.294 [pool-4-thread-1] DEBUG c.browserstack.utils.RequestBatcher - Time Since Last Batch Processed 4005

11:16:19.294 [pool-5-thread-1] DEBUG c.browserstack.utils.RequestBatcher - Processing Batch 1

11:16:19.295 [pool-5-thread-1] DEBUG c.browserstack.testOps.RequestUtils - [requestToTestOps] Sending Observability request: POST api/v1/batch with request size 3216
11:16:19.299 [pool-5-thread-1] DEBUG c.browserstack.testOps.RequestUtils - [makeRequest] Sending request: POST https://collector-observability.browserstack.com/api/v1/batch with request size 3216
11:16:19.518 [pool-5-thread-1] DEBUG c.browserstack.testOps.RequestUtils - [makeRequest]: Response code: 200
11:16:19.518 [pool-5-thread-1] DEBUG c.browserstack.testOps.RequestUtils - requestToTestOps: Response code: 200
11:16:19.518 [pool-5-thread-1] DEBUG c.browserstack.utils.LogReportingAPI - 
[2024-11-05T07:16:19.518623500Z][ TESTHUB ] Batch event successfull!

11:16:21.092 [FillForm@1] DEBUG c.b.testNgListeners.TestNGUtils - [populateTestDataForBSTestOps] Event Type :: HookRunFinished, Method ClassName :: MargoExpress.Mobile.BaseTest 
11:16:21.094 [FillForm@1] DEBUG c.browserstack.utils.UtilityMethods - [findFileMatcher] Current Path is :: C:\Users\xps\eclipse-workspace\Mobile, TestClass :: MargoExpress\Mobile\BaseTest
11:16:21.228 [FillForm@1] DEBUG c.b.testNgListeners.TestNGUtils - [populateTestDataForBSTestOps] The filename fetched :: C:\Users\xps\eclipse-workspace\Mobile\src\test\java\MargoExpress\Mobile\BaseTest.java, fileSeparator :: \, AbsolutePath :: C:\Users\xps\eclipse-workspace\Mobile\., Normalized Path :: C:\Users\xps\eclipse-workspace\Mobile, File.Separator :: \
11:16:21.228 [FillForm@1] DEBUG c.b.testNgListeners.TestNGUtils - [populateTestDataForBSTestOps] Replaced File Name is :: Mobile\src\test\java\MargoExpress\Mobile\BaseTest.java, Absolute Path :: C:\Users\xps\eclipse-workspace\Mobile\.., Normalized Path :: C:\Users\xps\eclipse-workspace 
11:16:21.238 [FillForm@1] DEBUG c.b.utils.SeleniumMethodUtils - getURLFromCommandExecutor: Getting Hub url from HttpCommandExecutor
11:16:21.238 [FillForm@1] DEBUG c.b.utils.SeleniumMethodUtils - getURLFromCommandExecutor: Found url: https://hub-aps.browserstack.com/wd/hub
11:16:21.238 [FillForm@1] DEBUG c.b.utils.SeleniumMethodUtils - getURLFromCommandExecutor: Getting Hub url from HttpCommandExecutor
11:16:21.238 [FillForm@1] DEBUG c.b.utils.SeleniumMethodUtils - getURLFromCommandExecutor: Found url: https://hub-aps.browserstack.com/wd/hub
11:16:21.239 [FillForm@1] DEBUG com.browserstack.testOps.Listener - [ TESTHUB ] Processing Request Kind HookRunFinished
11:16:21.240 [FillForm@1] DEBUG c.b.testNgListeners.TestNGUtils - [populateTestDataForBSTestOps] Event Type :: TestRunFinished, Test ClassName :: MargoExpress.Mobile.Ecommerce_Tc_4_Hybrid 
11:16:21.240 [FillForm@1] DEBUG c.browserstack.utils.UtilityMethods - [findFileMatcher] Current Path is :: C:\Users\xps\eclipse-workspace\Mobile, TestClass :: MargoExpress\Mobile\Ecommerce_Tc_4_Hybrid
11:16:21.433 [FillForm@1] DEBUG c.b.testNgListeners.TestNGUtils - [populateTestDataForBSTestOps] The filename fetched :: C:\Users\xps\eclipse-workspace\Mobile\src\test\java\MargoExpress\Mobile\Ecommerce_Tc_4_Hybrid.java, fileSeparator :: \, AbsolutePath :: C:\Users\xps\eclipse-workspace\Mobile\., Normalized Path :: C:\Users\xps\eclipse-workspace\Mobile, File.Separator :: \
11:16:21.435 [FillForm@1] DEBUG c.b.testNgListeners.TestNGUtils - [populateTestDataForBSTestOps] Replaced File Name is :: Mobile\src\test\java\MargoExpress\Mobile\Ecommerce_Tc_4_Hybrid.java, Absolute Path :: C:\Users\xps\eclipse-workspace\Mobile\.., Normalized Path :: C:\Users\xps\eclipse-workspace 
11:16:21.461 [FillForm@1] DEBUG c.b.utils.SeleniumMethodUtils - getURLFromCommandExecutor: Getting Hub url from HttpCommandExecutor
11:16:21.462 [FillForm@1] DEBUG c.b.utils.SeleniumMethodUtils - getURLFromCommandExecutor: Found url: https://hub-aps.browserstack.com/wd/hub
11:16:21.462 [FillForm@1] DEBUG c.b.utils.SeleniumMethodUtils - getURLFromCommandExecutor: Getting Hub url from HttpCommandExecutor
11:16:21.462 [FillForm@1] DEBUG c.b.utils.SeleniumMethodUtils - getURLFromCommandExecutor: Found url: https://hub-aps.browserstack.com/wd/hub
11:16:21.471 [FillForm@1] DEBUG com.browserstack.testOps.Listener - [ TESTHUB ] Processing Request Kind TestRunFinished
11:16:21.557 [Default test-1@1] DEBUG c.b.testNgListeners.TestNGUtils - [populateTestDataForBSTestOps] Event Type :: TestRunStarted, Test ClassName :: MargoExpress.Mobile.Ecommerce_Tc_4_Hybrid 
11:16:21.558 [Default test-1@1] DEBUG c.browserstack.utils.UtilityMethods - [findFileMatcher] Current Path is :: C:\Users\xps\eclipse-workspace\Mobile, TestClass :: MargoExpress\Mobile\Ecommerce_Tc_4_Hybrid
11:16:21.714 [Default test-1@1] DEBUG c.b.testNgListeners.TestNGUtils - [populateTestDataForBSTestOps] The filename fetched :: C:\Users\xps\eclipse-workspace\Mobile\src\test\java\MargoExpress\Mobile\Ecommerce_Tc_4_Hybrid.java, fileSeparator :: \, AbsolutePath :: C:\Users\xps\eclipse-workspace\Mobile\., Normalized Path :: C:\Users\xps\eclipse-workspace\Mobile, File.Separator :: \
11:16:21.714 [Default test-1@1] DEBUG c.b.testNgListeners.TestNGUtils - [populateTestDataForBSTestOps] Replaced File Name is :: Mobile\src\test\java\MargoExpress\Mobile\Ecommerce_Tc_4_Hybrid.java, Absolute Path :: C:\Users\xps\eclipse-workspace\Mobile\.., Normalized Path :: C:\Users\xps\eclipse-workspace 
11:16:21.727 [Default test-1@1] DEBUG c.b.utils.SeleniumMethodUtils - getURLFromCommandExecutor: Getting Hub url from HttpCommandExecutor
11:16:21.727 [Default test-1@1] DEBUG c.b.utils.SeleniumMethodUtils - getURLFromCommandExecutor: Found url: https://hub-aps.browserstack.com/wd/hub
11:16:21.727 [Default test-1@1] DEBUG c.b.utils.SeleniumMethodUtils - getURLFromCommandExecutor: Getting Hub url from HttpCommandExecutor
11:16:21.727 [Default test-1@1] DEBUG c.b.utils.SeleniumMethodUtils - getURLFromCommandExecutor: Found url: https://hub-aps.browserstack.com/wd/hub
11:16:21.730 [Default test-1@1] DEBUG com.browserstack.testOps.Listener - [ TESTHUB ] Processing Request Kind TestRunStarted
11:16:23.295 [pool-4-thread-1] DEBUG c.browserstack.utils.RequestBatcher - Time Since Last Batch Processed 4001

11:16:23.295 [pool-5-thread-1] DEBUG c.browserstack.utils.RequestBatcher - Processing Batch 3

11:16:23.296 [pool-5-thread-1] DEBUG c.browserstack.testOps.RequestUtils - [requestToTestOps] Sending Observability request: POST api/v1/batch with request size 9635
11:16:23.297 [pool-5-thread-1] DEBUG c.browserstack.testOps.RequestUtils - [makeRequest] Sending request: POST https://collector-observability.browserstack.com/api/v1/batch with request size 9635
11:16:23.515 [pool-5-thread-1] DEBUG c.browserstack.testOps.RequestUtils - [makeRequest]: Response code: 200
11:16:23.515 [pool-5-thread-1] DEBUG c.browserstack.testOps.RequestUtils - requestToTestOps: Response code: 200
11:16:23.516 [pool-5-thread-1] DEBUG c.browserstack.utils.LogReportingAPI - 
[2024-11-05T07:16:23.516930Z][ TESTHUB ] Batch event successfull!

11:16:24.723 [selectProduct@1] DEBUG c.b.testNgListeners.TestNGUtils - [populateTestDataForBSTestOps] Event Type :: TestRunFinished, Test ClassName :: MargoExpress.Mobile.Ecommerce_Tc_4_Hybrid 
11:16:24.723 [selectProduct@1] DEBUG c.browserstack.utils.UtilityMethods - [findFileMatcher] Current Path is :: C:\Users\xps\eclipse-workspace\Mobile, TestClass :: MargoExpress\Mobile\Ecommerce_Tc_4_Hybrid
11:16:24.804 [selectProduct@1] DEBUG c.b.testNgListeners.TestNGUtils - [populateTestDataForBSTestOps] The filename fetched :: C:\Users\xps\eclipse-workspace\Mobile\src\test\java\MargoExpress\Mobile\Ecommerce_Tc_4_Hybrid.java, fileSeparator :: \, AbsolutePath :: C:\Users\xps\eclipse-workspace\Mobile\., Normalized Path :: C:\Users\xps\eclipse-workspace\Mobile, File.Separator :: \
11:16:24.804 [selectProduct@1] DEBUG c.b.testNgListeners.TestNGUtils - [populateTestDataForBSTestOps] Replaced File Name is :: Mobile\src\test\java\MargoExpress\Mobile\Ecommerce_Tc_4_Hybrid.java, Absolute Path :: C:\Users\xps\eclipse-workspace\Mobile\.., Normalized Path :: C:\Users\xps\eclipse-workspace 
11:16:24.812 [selectProduct@1] DEBUG c.b.utils.SeleniumMethodUtils - getURLFromCommandExecutor: Getting Hub url from HttpCommandExecutor
11:16:24.812 [selectProduct@1] DEBUG c.b.utils.SeleniumMethodUtils - getURLFromCommandExecutor: Found url: https://hub-aps.browserstack.com/wd/hub
11:16:24.812 [selectProduct@1] DEBUG c.b.utils.SeleniumMethodUtils - getURLFromCommandExecutor: Getting Hub url from HttpCommandExecutor
11:16:24.812 [selectProduct@1] DEBUG c.b.utils.SeleniumMethodUtils - getURLFromCommandExecutor: Found url: https://hub-aps.browserstack.com/wd/hub
11:16:24.815 [selectProduct@1] DEBUG com.browserstack.testOps.Listener - [ TESTHUB ] Processing Request Kind TestRunFinished
11:16:24.868 [Default test-1@1] DEBUG c.b.testNgListeners.TestNGUtils - [populateTestDataForBSTestOps] Event Type :: TestRunStarted, Test ClassName :: MargoExpress.Mobile.Ecommerce_Tc_4_Hybrid 
11:16:24.868 [Default test-1@1] DEBUG c.browserstack.utils.UtilityMethods - [findFileMatcher] Current Path is :: C:\Users\xps\eclipse-workspace\Mobile, TestClass :: MargoExpress\Mobile\Ecommerce_Tc_4_Hybrid
11:16:24.948 [Default test-1@1] DEBUG c.b.testNgListeners.TestNGUtils - [populateTestDataForBSTestOps] The filename fetched :: C:\Users\xps\eclipse-workspace\Mobile\src\test\java\MargoExpress\Mobile\Ecommerce_Tc_4_Hybrid.java, fileSeparator :: \, AbsolutePath :: C:\Users\xps\eclipse-workspace\Mobile\., Normalized Path :: C:\Users\xps\eclipse-workspace\Mobile, File.Separator :: \
11:16:24.948 [Default test-1@1] DEBUG c.b.testNgListeners.TestNGUtils - [populateTestDataForBSTestOps] Replaced File Name is :: Mobile\src\test\java\MargoExpress\Mobile\Ecommerce_Tc_4_Hybrid.java, Absolute Path :: C:\Users\xps\eclipse-workspace\Mobile\.., Normalized Path :: C:\Users\xps\eclipse-workspace 
11:16:24.965 [Default test-1@1] DEBUG c.b.utils.SeleniumMethodUtils - getURLFromCommandExecutor: Getting Hub url from HttpCommandExecutor
11:16:24.965 [Default test-1@1] DEBUG c.b.utils.SeleniumMethodUtils - getURLFromCommandExecutor: Found url: https://hub-aps.browserstack.com/wd/hub
11:16:24.966 [Default test-1@1] DEBUG c.b.utils.SeleniumMethodUtils - getURLFromCommandExecutor: Getting Hub url from HttpCommandExecutor
11:16:24.966 [Default test-1@1] DEBUG c.b.utils.SeleniumMethodUtils - getURLFromCommandExecutor: Found url: https://hub-aps.browserstack.com/wd/hub
11:16:24.972 [Default test-1@1] DEBUG com.browserstack.testOps.Listener - [ TESTHUB ] Processing Request Kind TestRunStarted
11:16:25.261 [verifyProductsAddedinCart@1] DEBUG com.browserstack.testOps.Listener - [ TESTHUB ] Processing Request Kind LogCreated
11:16:25.338 [verifyProductsAddedinCart@1] DEBUG com.browserstack.testOps.Listener - [ TESTHUB ] Processing Request Kind LogCreated
11:16:25.503 [verifyProductsAddedinCart@1] DEBUG com.browserstack.testOps.Listener - [ TESTHUB ] Processing Request Kind LogCreated
11:16:25.758 [verifyProductsAddedinCart@1] DEBUG c.b.testNgListeners.TestNGUtils - [populateTestDataForBSTestOps] Event Type :: TestRunFinished, Test ClassName :: MargoExpress.Mobile.Ecommerce_Tc_4_Hybrid 
11:16:25.758 [verifyProductsAddedinCart@1] DEBUG c.browserstack.utils.UtilityMethods - [findFileMatcher] Current Path is :: C:\Users\xps\eclipse-workspace\Mobile, TestClass :: MargoExpress\Mobile\Ecommerce_Tc_4_Hybrid
11:16:25.845 [verifyProductsAddedinCart@1] DEBUG c.b.testNgListeners.TestNGUtils - [populateTestDataForBSTestOps] The filename fetched :: C:\Users\xps\eclipse-workspace\Mobile\src\test\java\MargoExpress\Mobile\Ecommerce_Tc_4_Hybrid.java, fileSeparator :: \, AbsolutePath :: C:\Users\xps\eclipse-workspace\Mobile\., Normalized Path :: C:\Users\xps\eclipse-workspace\Mobile, File.Separator :: \
11:16:25.846 [verifyProductsAddedinCart@1] DEBUG c.b.testNgListeners.TestNGUtils - [populateTestDataForBSTestOps] Replaced File Name is :: Mobile\src\test\java\MargoExpress\Mobile\Ecommerce_Tc_4_Hybrid.java, Absolute Path :: C:\Users\xps\eclipse-workspace\Mobile\.., Normalized Path :: C:\Users\xps\eclipse-workspace 
11:16:25.855 [verifyProductsAddedinCart@1] DEBUG c.b.utils.SeleniumMethodUtils - getURLFromCommandExecutor: Getting Hub url from HttpCommandExecutor
11:16:25.855 [verifyProductsAddedinCart@1] DEBUG c.b.utils.SeleniumMethodUtils - getURLFromCommandExecutor: Found url: https://hub-aps.browserstack.com/wd/hub
11:16:25.855 [verifyProductsAddedinCart@1] DEBUG c.b.utils.SeleniumMethodUtils - getURLFromCommandExecutor: Getting Hub url from HttpCommandExecutor
11:16:25.855 [verifyProductsAddedinCart@1] DEBUG c.b.utils.SeleniumMethodUtils - getURLFromCommandExecutor: Found url: https://hub-aps.browserstack.com/wd/hub
11:16:25.860 [verifyProductsAddedinCart@1] DEBUG com.browserstack.testOps.Listener - [ TESTHUB ] Processing Request Kind TestRunFinished
11:16:25.912 [teardown@1] DEBUG c.b.testNgListeners.TestNGUtils - [populateTestDataForBSTestOps] Event Type :: HookRunStarted, Method ClassName :: MargoExpress.Mobile.BaseTest 
11:16:25.912 [teardown@1] DEBUG c.browserstack.utils.UtilityMethods - [findFileMatcher] Current Path is :: C:\Users\xps\eclipse-workspace\Mobile, TestClass :: MargoExpress\Mobile\BaseTest
11:16:26.011 [teardown@1] DEBUG c.b.testNgListeners.TestNGUtils - [populateTestDataForBSTestOps] The filename fetched :: C:\Users\xps\eclipse-workspace\Mobile\src\test\java\MargoExpress\Mobile\BaseTest.java, fileSeparator :: \, AbsolutePath :: C:\Users\xps\eclipse-workspace\Mobile\., Normalized Path :: C:\Users\xps\eclipse-workspace\Mobile, File.Separator :: \
11:16:26.011 [teardown@1] DEBUG c.b.testNgListeners.TestNGUtils - [populateTestDataForBSTestOps] Replaced File Name is :: Mobile\src\test\java\MargoExpress\Mobile\BaseTest.java, Absolute Path :: C:\Users\xps\eclipse-workspace\Mobile\.., Normalized Path :: C:\Users\xps\eclipse-workspace 
11:16:26.020 [teardown@1] DEBUG c.b.utils.SeleniumMethodUtils - getURLFromCommandExecutor: Getting Hub url from HttpCommandExecutor
11:16:26.021 [teardown@1] DEBUG c.b.utils.SeleniumMethodUtils - getURLFromCommandExecutor: Found url: https://hub-aps.browserstack.com/wd/hub
11:16:26.021 [teardown@1] DEBUG c.b.utils.SeleniumMethodUtils - getURLFromCommandExecutor: Getting Hub url from HttpCommandExecutor
11:16:26.021 [teardown@1] DEBUG c.b.utils.SeleniumMethodUtils - getURLFromCommandExecutor: Found url: https://hub-aps.browserstack.com/wd/hub
11:16:26.021 [teardown@1] DEBUG com.browserstack.testOps.Listener - [ TESTHUB ] Processing Request Kind HookRunStarted
11:16:26.021 [teardown@1] DEBUG c.browserstack.utils.LogReportingAPI - sendPlatformDetails: Can't send CBT info, as driver or test is not found
11:16:26.655 [FillForm@0] DEBUG c.b.testNgListeners.TestNGUtils - [populateTestDataForBSTestOps] Event Type :: HookRunFinished, Method ClassName :: MargoExpress.Mobile.BaseTest 
11:16:26.655 [FillForm@0] DEBUG c.browserstack.utils.UtilityMethods - [findFileMatcher] Current Path is :: C:\Users\xps\eclipse-workspace\Mobile, TestClass :: MargoExpress\Mobile\BaseTest
11:16:26.757 [FillForm@0] DEBUG c.b.testNgListeners.TestNGUtils - [populateTestDataForBSTestOps] The filename fetched :: C:\Users\xps\eclipse-workspace\Mobile\src\test\java\MargoExpress\Mobile\BaseTest.java, fileSeparator :: \, AbsolutePath :: C:\Users\xps\eclipse-workspace\Mobile\., Normalized Path :: C:\Users\xps\eclipse-workspace\Mobile, File.Separator :: \
11:16:26.758 [FillForm@0] DEBUG c.b.testNgListeners.TestNGUtils - [populateTestDataForBSTestOps] Replaced File Name is :: Mobile\src\test\java\MargoExpress\Mobile\BaseTest.java, Absolute Path :: C:\Users\xps\eclipse-workspace\Mobile\.., Normalized Path :: C:\Users\xps\eclipse-workspace 
11:16:26.766 [FillForm@0] DEBUG c.b.utils.SeleniumMethodUtils - getURLFromCommandExecutor: Getting Hub url from HttpCommandExecutor
11:16:26.766 [FillForm@0] DEBUG c.b.utils.SeleniumMethodUtils - getURLFromCommandExecutor: Found url: https://hub-aps.browserstack.com/wd/hub
11:16:26.766 [FillForm@0] DEBUG c.b.utils.SeleniumMethodUtils - getURLFromCommandExecutor: Getting Hub url from HttpCommandExecutor
11:16:26.766 [FillForm@0] DEBUG c.b.utils.SeleniumMethodUtils - getURLFromCommandExecutor: Found url: https://hub-aps.browserstack.com/wd/hub
11:16:26.767 [FillForm@0] DEBUG com.browserstack.testOps.Listener - [ TESTHUB ] Processing Request Kind HookRunFinished
11:16:26.767 [FillForm@0] DEBUG c.b.testNgListeners.TestNGUtils - [populateTestDataForBSTestOps] Event Type :: TestRunFinished, Test ClassName :: MargoExpress.Mobile.Ecommerce_Tc_4_Hybrid 
11:16:26.767 [FillForm@0] DEBUG c.browserstack.utils.UtilityMethods - [findFileMatcher] Current Path is :: C:\Users\xps\eclipse-workspace\Mobile, TestClass :: MargoExpress\Mobile\Ecommerce_Tc_4_Hybrid
11:16:26.872 [FillForm@0] DEBUG c.b.testNgListeners.TestNGUtils - [populateTestDataForBSTestOps] The filename fetched :: C:\Users\xps\eclipse-workspace\Mobile\src\test\java\MargoExpress\Mobile\Ecommerce_Tc_4_Hybrid.java, fileSeparator :: \, AbsolutePath :: C:\Users\xps\eclipse-workspace\Mobile\., Normalized Path :: C:\Users\xps\eclipse-workspace\Mobile, File.Separator :: \
11:16:26.872 [FillForm@0] DEBUG c.b.testNgListeners.TestNGUtils - [populateTestDataForBSTestOps] Replaced File Name is :: Mobile\src\test\java\MargoExpress\Mobile\Ecommerce_Tc_4_Hybrid.java, Absolute Path :: C:\Users\xps\eclipse-workspace\Mobile\.., Normalized Path :: C:\Users\xps\eclipse-workspace 
11:16:26.880 [FillForm@0] DEBUG c.b.utils.SeleniumMethodUtils - getURLFromCommandExecutor: Getting Hub url from HttpCommandExecutor
11:16:26.880 [FillForm@0] DEBUG c.b.utils.SeleniumMethodUtils - getURLFromCommandExecutor: Found url: https://hub-aps.browserstack.com/wd/hub
11:16:26.880 [FillForm@0] DEBUG c.b.utils.SeleniumMethodUtils - getURLFromCommandExecutor: Getting Hub url from HttpCommandExecutor
11:16:26.880 [FillForm@0] DEBUG c.b.utils.SeleniumMethodUtils - getURLFromCommandExecutor: Found url: https://hub-aps.browserstack.com/wd/hub
11:16:26.883 [FillForm@0] DEBUG com.browserstack.testOps.Listener - [ TESTHUB ] Processing Request Kind TestRunFinished
11:16:27.032 [Default test-0@0] DEBUG c.b.testNgListeners.TestNGUtils - [populateTestDataForBSTestOps] Event Type :: TestRunStarted, Test ClassName :: MargoExpress.Mobile.Ecommerce_Tc_4_Hybrid 
11:16:27.032 [Default test-0@0] DEBUG c.browserstack.utils.UtilityMethods - [findFileMatcher] Current Path is :: C:\Users\xps\eclipse-workspace\Mobile, TestClass :: MargoExpress\Mobile\Ecommerce_Tc_4_Hybrid
11:16:27.130 [Default test-0@0] DEBUG c.b.testNgListeners.TestNGUtils - [populateTestDataForBSTestOps] The filename fetched :: C:\Users\xps\eclipse-workspace\Mobile\src\test\java\MargoExpress\Mobile\Ecommerce_Tc_4_Hybrid.java, fileSeparator :: \, AbsolutePath :: C:\Users\xps\eclipse-workspace\Mobile\., Normalized Path :: C:\Users\xps\eclipse-workspace\Mobile, File.Separator :: \
11:16:27.130 [Default test-0@0] DEBUG c.b.testNgListeners.TestNGUtils - [populateTestDataForBSTestOps] Replaced File Name is :: Mobile\src\test\java\MargoExpress\Mobile\Ecommerce_Tc_4_Hybrid.java, Absolute Path :: C:\Users\xps\eclipse-workspace\Mobile\.., Normalized Path :: C:\Users\xps\eclipse-workspace 
11:16:27.138 [Default test-0@0] DEBUG c.b.utils.SeleniumMethodUtils - getURLFromCommandExecutor: Getting Hub url from HttpCommandExecutor
11:16:27.138 [Default test-0@0] DEBUG c.b.utils.SeleniumMethodUtils - getURLFromCommandExecutor: Found url: https://hub-aps.browserstack.com/wd/hub
11:16:27.138 [Default test-0@0] DEBUG c.b.utils.SeleniumMethodUtils - getURLFromCommandExecutor: Getting Hub url from HttpCommandExecutor
11:16:27.138 [Default test-0@0] DEBUG c.b.utils.SeleniumMethodUtils - getURLFromCommandExecutor: Found url: https://hub-aps.browserstack.com/wd/hub
11:16:27.142 [Default test-0@0] DEBUG com.browserstack.testOps.Listener - [ TESTHUB ] Processing Request Kind TestRunStarted
11:16:27.288 [pool-4-thread-1] DEBUG c.browserstack.utils.RequestBatcher - Time Since Last Batch Processed 3993

11:16:27.290 [pool-5-thread-1] DEBUG c.browserstack.utils.RequestBatcher - Processing Batch 10

11:16:27.298 [pool-5-thread-1] DEBUG c.browserstack.testOps.RequestUtils - [requestToTestOps] Sending Observability request: POST api/v1/batch with request size 31449
11:16:27.301 [pool-5-thread-1] DEBUG c.browserstack.testOps.RequestUtils - [makeRequest] Sending request: POST https://collector-observability.browserstack.com/api/v1/batch with request size 31449
11:16:27.524 [pool-5-thread-1] DEBUG c.browserstack.testOps.RequestUtils - [makeRequest]: Response code: 200
11:16:27.524 [pool-5-thread-1] DEBUG c.browserstack.testOps.RequestUtils - requestToTestOps: Response code: 200
11:16:27.525 [pool-5-thread-1] DEBUG c.browserstack.utils.LogReportingAPI - 
[2024-11-05T07:16:27.525075600Z][ TESTHUB ] Batch event successfull!

11:16:28.287 [teardown@1] DEBUG c.b.testNgListeners.TestNGUtils - [populateTestDataForBSTestOps] Event Type :: HookRunFinished, Method ClassName :: MargoExpress.Mobile.BaseTest 
11:16:28.287 [teardown@1] DEBUG c.browserstack.utils.UtilityMethods - [findFileMatcher] Current Path is :: C:\Users\xps\eclipse-workspace\Mobile, TestClass :: MargoExpress\Mobile\BaseTest
11:16:28.403 [teardown@1] DEBUG c.b.testNgListeners.TestNGUtils - [populateTestDataForBSTestOps] The filename fetched :: C:\Users\xps\eclipse-workspace\Mobile\src\test\java\MargoExpress\Mobile\BaseTest.java, fileSeparator :: \, AbsolutePath :: C:\Users\xps\eclipse-workspace\Mobile\., Normalized Path :: C:\Users\xps\eclipse-workspace\Mobile, File.Separator :: \
11:16:28.403 [teardown@1] DEBUG c.b.testNgListeners.TestNGUtils - [populateTestDataForBSTestOps] Replaced File Name is :: Mobile\src\test\java\MargoExpress\Mobile\BaseTest.java, Absolute Path :: C:\Users\xps\eclipse-workspace\Mobile\.., Normalized Path :: C:\Users\xps\eclipse-workspace 
11:16:28.403 [teardown@1] DEBUG com.browserstack.testOps.Listener - [ TESTHUB ] Processing Request Kind HookRunFinished
11:16:28.411 [teardown@1] DEBUG c.b.utils.FunnelInstrumentation - Unable to parse data from processes. Exception: Unexpected token END OF FILE at position 0.
	at browserstack.shaded.org.json.simple.parser.JSONParser.parse(Unknown Source)
	at browserstack.shaded.org.json.simple.parser.JSONParser.parse(Unknown Source)
	at browserstack.shaded.org.json.simple.parser.JSONParser.parse(Unknown Source)
	at com.browserstack.utils.FunnelInstrumentation.getFormattedDataFromProcesses(Unknown Source)
	at com.browserstack.utils.FunnelInstrumentation.createParamsForEvent(Unknown Source)
	at com.browserstack.utils.FunnelInstrumentation.sendSDKEvent(Unknown Source)
	at com.browserstack.testNgListeners.TmpSuiteListener.onFinish(Unknown Source)
	at org.testng.TestRunner.fireEvent(TestRunner.java:873)
	at org.testng.TestRunner.afterRun(TestRunner.java:828)
	at org.testng.TestRunner.run(TestRunner.java:616)
	at org.testng.SuiteRunner.runTest(SuiteRunner.java:421)
	at org.testng.SuiteRunner$SuiteWorker.run(SuiteRunner.java:463)
	at org.testng.internal.thread.ThreadUtil.lambda$execute$0(ThreadUtil.java:64)
	at java.base/java.util.concurrent.FutureTask.run(FutureTask.java:317)
	at java.base/java.util.concurrent.ThreadPoolExecutor.runWorker(ThreadPoolExecutor.java:1144)
	at java.base/java.util.concurrent.ThreadPoolExecutor$Worker.run(ThreadPoolExecutor.java:642)
	at java.base/java.lang.Thread.run(Thread.java:1583)

11:16:28.412 [teardown@1] DEBUG com.browserstack.testOps.UsageStats - getFormattedData: Collecting data for TestObservability
11:16:28.412 [teardown@1] DEBUG com.browserstack.testOps.UsageStats - getEventStats: Getting event data for TestObservability
11:16:28.425 [teardown@1] DEBUG com.browserstack.testOps.UsageStats - [OBSERVABILITY] Failed to parse data from workers
11:16:28.536 [teardown@1] DEBUG c.b.utils.FunnelInstrumentation - Sending funnel data for SDKTestSuccessful with data: {"event_type":"SDKTestSuccessful","accessKey":"1XSLBqNLYzWiPhqyqy9L","userName":"roshinsurendran_Sh2ZAM","event_properties":{"isPercyAutoEnabled":false,"language":"java","sdkRunId":"c0316e5c-b209-418d-a670-ce358f64bd0e","buildIdentifier":"#4","error":"[{\"tests\":{\"MargoExpress.Mobile.Ecommerce_Tc_4_Hybrid-verifyProductsAddedinCart\":\"Unknown mobile command \\\"longClickGesture\\\". Only shell,scrollBackTo,viewportScreenshot,deepLink,startLogsBroadcast,stopLogsBroadcast,acceptAlert,dismissAlert,batteryInfo,deviceInfo,changePermissions,getPermissions,performEditorAction,startScreenStreaming,stopScreenStreaming,getNotifications,listSms,type commands are supported. Build info: version: '4.26.0', revision: '8ccf0219d7' System info: os.name: 'Windows 11', os.arch: 'amd64', os.version: '10.0', java.version: '21.0.3' Driver info: io.appium.java_client.android.AndroidDriver Command: [0d276928f6037cbd6a0f4f6f1c675c8bf4844fa9, executeScript {args=[{elementId=7809e265-00ef-4f4a-9b1e-0805d19a0ad9, duration=2000}], script=mobile: longClickGesture}] Capabilities {appium:appActivity: com.androidsample.generalst..., appium:appPackage: com.androidsample.generalstore, appium:automationName: uiautomator2, appium:bundleID: com.androidsample.generalstore, appium:bundleId: com.androidsample.generalstore, appium:chromedriverPort: 18081, appium:chromedriverPorts: [[18111, 18121]], appium:databaseEnabled: false, appium:desired: {appActivity: com.androidsample.generalst..., appPackage: com.androidsample.generalstore, automationName: uiautomator2, bstack:options: {buildIdentifier: #4, hostName: Roshin, localIdentifier: 05_Nov_1115_Roshin_LFYD}, bundleID: com.androidsample.generalstore, bundleId: com.androidsample.generalstore, chromedriverPort: 18081, chromedriverPorts: [[18111, 18121]], deviceName: pixel 8 pro emulator, disableSuppressAccessibilityService: true, goog:chromeOptions: {}, nativeWebScreenshot: true, newCommandTimeout: 0, platformName: Android, skipServerInstallation: true, systemPort: 8201, udid: R5CRA1WXY7P}, appium:deviceApiLevel: 30, appium:deviceManufacturer: samsung, appium:deviceModel: SM-G991B, appium:deviceName: R5CRA1WXY7P, appium:deviceScreenDensity: 480, appium:deviceScreenSize: 1080x2400, appium:deviceUDID: R5CRA1WXY7P, appium:disableSuppressAccessibilityService: true, appium:javascriptEnabled: true, appium:locationContextEnabled: false, appium:nativeWebScreenshot: true, appium:networkConnectionEnabled: true, appium:newCommandTimeout: 0, appium:optimalHubUrl: hub-aps.browserstack.com, appium:pixelRatio: 3, appium:platformVersion: 11, appium:skipServerInstallation: true, appium:statBarHeight: 79, appium:systemPort: 8201, appium:takesScreenshot: true, appium:udid: R5CRA1WXY7P, appium:viewportRect: {height: 2097, left: 0, top: 79, width: 1080}, appium:warnings: {}, appium:webStorageEnabled: false, bstack:options: {buildIdentifier: #4, hostName: Roshin, localIdentifier: 05_Nov_1115_Roshin_LFYD}, goog:chromeOptions: {}, platformName: ANDROID} Session ID: 0d276928f6037cbd6a0f4f6f1c675c8bf4844fa9\"},\"platformVersion\":\"11.0\",\"deviceName\":\"Samsung Galaxy S21\"}]","testhub_uuid":"5gf8c636fgoouh00itr5lovi6sdqnoutk7boe4bs","detectedAppiumVersion":"null","productMap":{"app_automate":true,"accessibility":false,"automate":false,"percy":false,"observability":true,"turboscale":false},"hostname":"Roshin","measures":{"percy:start":790,"local:start":8866,"sdk:setup":16719},"productUsage":{"testObservability":{"buildHashedId":"5gf8c636fgoouh00itr5lovi6sdqnoutk7boe4bs","manuallySet":false,"enabled":true,"events":{"hookEvents":{"started":{"errors":[],"triggeredCount":4,"failedCount":0,"sentCount":4},"finished":{"triggeredCount":3,"failedCount":0,"errors":[],"sentCount":2},"passed":{"errors":[],"triggeredCount":3,"failedCount":0,"sentCount":2}},"logEvents":{"errors":[],"triggeredCount":149,"failedCount":0,"sentCount":149,"log":{"errors":[],"triggeredCount":149,"failedCount":0,"sentCount":149}},"testEvents":{"started":{"errors":[],"triggeredCount":6,"failedCount":0,"sentCount":6},"finished":{"triggeredCount":4,"failedCount":0,"errors":[],"sentCount":4},"failed":{"errors":[],"triggeredCount":1,"failedCount":0,"sentCount":1},"passed":{"errors":[],"triggeredCount":3,"failedCount":0,"sentCount":3}},"batchEvents":{"triggeredCount":6,"failedCount":0,"errors":[],"sentCount":6},"cbtSessionEvents":{"errors":[],"triggeredCount":0,"failedCount":0,"sentCount":0},"buildEvents":{"started":{"error":null,"triggered":true,"status":"success"},"finished":{"error":null,"triggered":null,"status":null}}}}},"browserStackConfig":{"browserstackLocal":true,"percy":false,"logLevel":"info","staticWebDriver":true,"autoDetectFramework":true,"percyCaptureMode":"MANUAL","browserStackLocalOptions":{"localIdentifier":"05_Nov_1115_Roshin_LFYD","key":"****"},"percyOptions":{},"testContextOptions":{"skipSessionStatus":false,"serenityOverridePlugin":false,"skipSessionName":false},"platforms":[{"browserVersion":null,"osVersion":null,"capabilities":{"platformVersion":12.0,"platformName":"android","deviceName":"Samsung Galaxy S22 Ultra"},"browser":null,"device":"Samsung Galaxy S22 Ultra","os":null,"platformCaps":{"platformVersion":12.0,"platformName":"android","deviceName":"Samsung Galaxy S22 Ultra"},"platformString":"Samsung Galaxy S22 Ultra, 12.0","customVariables":"****"},{"browserVersion":null,"osVersion":null,"capabilities":{"platformVersion":11.0,"platformName":"android","deviceName":"Samsung Galaxy S21"},"browser":null,"device":"Samsung Galaxy S21","os":null,"platformCaps":{"platformVersion":11.0,"platformName":"android","deviceName":"Samsung Galaxy S21"},"platformString":"Samsung Galaxy S21, 11.0","customVariables":"****"},{"browserVersion":null,"osVersion":null,"capabilities":{"platformVersion":12.0,"platformName":"android","deviceName":"Google Pixel 6 Pro"},"browser":null,"device":"Google Pixel 6 Pro","os":null,"platformCaps":{"platformVersion":12.0,"platformName":"android","deviceName":"Google Pixel 6 Pro"},"platformString":"Google Pixel 6 Pro, 12.0","customVariables":"****"}],"parallelsPerPlatform":1,"framework":"testng","accessibility":false,"accessibilityOptions":{},"turboScaleOptions":{},"disableAutoCaptureLogs":true,"testObservability":true,"browserstackAutomation":true,"turboScale":false,"testObservabilityOptions":{},"gradleMConfig":null,"proxySettings":null},"percyBuildId":null,"product":"[app-automate, observability]","buildName":"browserstack build","os":"Windows 11","languageVersion":"21.0.3","appiumVersion":"9.3.0","frameworkDetectionInstrumentation":{"parseLoadClass":19,"ret-org.openqa.selenium.remote.RemoteWebDriver":502,"retransformClasses":504,"parseDependencies":33},"userFramework":"testng","detectedDependencies":"testng","referrer":"testng-javaagent\/1.26.4","locationTrigger":"onFinish","language_framework":"java_testng","detectedFramework":"testng","testOrchestration":{"abortBuildOnFailure":{"enabled":false},"retryTestsOnFailure":{"enabled":false},"userConfig":{}},"detectedSeleniumVersion":"4.26.0","seleniumVersion":"4.26.0"}}
11:16:29.171 [teardown@1] DEBUG c.b.utils.FunnelInstrumentation - API Event SDKTestSuccessful response - {"message":"SDK Event recorded successfully"}
11:16:29.172 [teardown@1] DEBUG c.browserstack.utils.LogReportingAPI - sendSync failed - driver not alive
11:16:29.174 [teardown@1] DEBUG com.browserstack.testOps.Listener - [ TESTHUB ] Processing Request Kind LogCreated
11:16:29.175 [teardown@1] DEBUG com.browserstack.testOps.Listener - [ TESTHUB ] Processing Request Kind LogCreated
11:16:29.177 [teardown@1] DEBUG com.browserstack.testOps.Listener - [ TESTHUB ] Processing Request Kind LogCreated
11:16:29.179 [teardown@1] DEBUG com.browserstack.testOps.Listener - [ TESTHUB ] Processing Request Kind LogCreated
11:16:30.516 [selectProduct@0] DEBUG c.b.testNgListeners.TestNGUtils - [populateTestDataForBSTestOps] Event Type :: TestRunFinished, Test ClassName :: MargoExpress.Mobile.Ecommerce_Tc_4_Hybrid 
11:16:30.516 [selectProduct@0] DEBUG c.browserstack.utils.UtilityMethods - [findFileMatcher] Current Path is :: C:\Users\xps\eclipse-workspace\Mobile, TestClass :: MargoExpress\Mobile\Ecommerce_Tc_4_Hybrid
11:16:30.548 [FillForm@2] DEBUG c.b.testNgListeners.TestNGUtils - [populateTestDataForBSTestOps] Event Type :: HookRunFinished, Method ClassName :: MargoExpress.Mobile.BaseTest 
11:16:30.550 [FillForm@2] DEBUG c.browserstack.utils.UtilityMethods - [findFileMatcher] Current Path is :: C:\Users\xps\eclipse-workspace\Mobile, TestClass :: MargoExpress\Mobile\BaseTest
11:16:30.690 [selectProduct@0] DEBUG c.b.testNgListeners.TestNGUtils - [populateTestDataForBSTestOps] The filename fetched :: C:\Users\xps\eclipse-workspace\Mobile\src\test\java\MargoExpress\Mobile\Ecommerce_Tc_4_Hybrid.java, fileSeparator :: \, AbsolutePath :: C:\Users\xps\eclipse-workspace\Mobile\., Normalized Path :: C:\Users\xps\eclipse-workspace\Mobile, File.Separator :: \
11:16:30.690 [selectProduct@0] DEBUG c.b.testNgListeners.TestNGUtils - [populateTestDataForBSTestOps] Replaced File Name is :: Mobile\src\test\java\MargoExpress\Mobile\Ecommerce_Tc_4_Hybrid.java, Absolute Path :: C:\Users\xps\eclipse-workspace\Mobile\.., Normalized Path :: C:\Users\xps\eclipse-workspace 
11:16:30.693 [FillForm@2] DEBUG c.b.testNgListeners.TestNGUtils - [populateTestDataForBSTestOps] The filename fetched :: C:\Users\xps\eclipse-workspace\Mobile\src\test\java\MargoExpress\Mobile\BaseTest.java, fileSeparator :: \, AbsolutePath :: C:\Users\xps\eclipse-workspace\Mobile\., Normalized Path :: C:\Users\xps\eclipse-workspace\Mobile, File.Separator :: \
11:16:30.694 [FillForm@2] DEBUG c.b.testNgListeners.TestNGUtils - [populateTestDataForBSTestOps] Replaced File Name is :: Mobile\src\test\java\MargoExpress\Mobile\BaseTest.java, Absolute Path :: C:\Users\xps\eclipse-workspace\Mobile\.., Normalized Path :: C:\Users\xps\eclipse-workspace 
11:16:30.699 [selectProduct@0] DEBUG c.b.utils.SeleniumMethodUtils - getURLFromCommandExecutor: Getting Hub url from HttpCommandExecutor
11:16:30.700 [selectProduct@0] DEBUG c.b.utils.SeleniumMethodUtils - getURLFromCommandExecutor: Found url: https://hub-aps.browserstack.com/wd/hub
11:16:30.700 [selectProduct@0] DEBUG c.b.utils.SeleniumMethodUtils - getURLFromCommandExecutor: Getting Hub url from HttpCommandExecutor
11:16:30.700 [selectProduct@0] DEBUG c.b.utils.SeleniumMethodUtils - getURLFromCommandExecutor: Found url: https://hub-aps.browserstack.com/wd/hub
11:16:30.705 [FillForm@2] DEBUG c.b.utils.SeleniumMethodUtils - getURLFromCommandExecutor: Getting Hub url from HttpCommandExecutor
11:16:30.705 [FillForm@2] DEBUG c.b.utils.SeleniumMethodUtils - getURLFromCommandExecutor: Found url: https://hub-aps.browserstack.com/wd/hub
11:16:30.705 [FillForm@2] DEBUG c.b.utils.SeleniumMethodUtils - getURLFromCommandExecutor: Getting Hub url from HttpCommandExecutor
11:16:30.705 [FillForm@2] DEBUG c.b.utils.SeleniumMethodUtils - getURLFromCommandExecutor: Found url: https://hub-aps.browserstack.com/wd/hub
11:16:30.705 [FillForm@2] DEBUG com.browserstack.testOps.Listener - [ TESTHUB ] Processing Request Kind HookRunFinished
11:16:30.705 [FillForm@2] DEBUG c.b.testNgListeners.TestNGUtils - [populateTestDataForBSTestOps] Event Type :: TestRunFinished, Test ClassName :: MargoExpress.Mobile.Ecommerce_Tc_4_Hybrid 
11:16:30.705 [FillForm@2] DEBUG c.browserstack.utils.UtilityMethods - [findFileMatcher] Current Path is :: C:\Users\xps\eclipse-workspace\Mobile, TestClass :: MargoExpress\Mobile\Ecommerce_Tc_4_Hybrid
11:16:30.707 [selectProduct@0] DEBUG com.browserstack.testOps.Listener - [ TESTHUB ] Processing Request Kind TestRunFinished
11:16:30.790 [Default test-0@0] DEBUG c.b.testNgListeners.TestNGUtils - [populateTestDataForBSTestOps] Event Type :: TestRunStarted, Test ClassName :: MargoExpress.Mobile.Ecommerce_Tc_4_Hybrid 
11:16:30.790 [Default test-0@0] DEBUG c.browserstack.utils.UtilityMethods - [findFileMatcher] Current Path is :: C:\Users\xps\eclipse-workspace\Mobile, TestClass :: MargoExpress\Mobile\Ecommerce_Tc_4_Hybrid
11:16:30.850 [FillForm@2] DEBUG c.b.testNgListeners.TestNGUtils - [populateTestDataForBSTestOps] The filename fetched :: C:\Users\xps\eclipse-workspace\Mobile\src\test\java\MargoExpress\Mobile\Ecommerce_Tc_4_Hybrid.java, fileSeparator :: \, AbsolutePath :: C:\Users\xps\eclipse-workspace\Mobile\., Normalized Path :: C:\Users\xps\eclipse-workspace\Mobile, File.Separator :: \
11:16:30.851 [FillForm@2] DEBUG c.b.testNgListeners.TestNGUtils - [populateTestDataForBSTestOps] Replaced File Name is :: Mobile\src\test\java\MargoExpress\Mobile\Ecommerce_Tc_4_Hybrid.java, Absolute Path :: C:\Users\xps\eclipse-workspace\Mobile\.., Normalized Path :: C:\Users\xps\eclipse-workspace 
11:16:30.860 [FillForm@2] DEBUG c.b.utils.SeleniumMethodUtils - getURLFromCommandExecutor: Getting Hub url from HttpCommandExecutor
11:16:30.861 [FillForm@2] DEBUG c.b.utils.SeleniumMethodUtils - getURLFromCommandExecutor: Found url: https://hub-aps.browserstack.com/wd/hub
11:16:30.861 [FillForm@2] DEBUG c.b.utils.SeleniumMethodUtils - getURLFromCommandExecutor: Getting Hub url from HttpCommandExecutor
11:16:30.861 [FillForm@2] DEBUG c.b.utils.SeleniumMethodUtils - getURLFromCommandExecutor: Found url: https://hub-aps.browserstack.com/wd/hub
11:16:30.864 [FillForm@2] DEBUG com.browserstack.testOps.Listener - [ TESTHUB ] Processing Request Kind TestRunFinished
11:16:30.924 [Default test-2@2] DEBUG c.b.testNgListeners.TestNGUtils - [populateTestDataForBSTestOps] Event Type :: TestRunStarted, Test ClassName :: MargoExpress.Mobile.Ecommerce_Tc_4_Hybrid 
11:16:30.925 [Default test-2@2] DEBUG c.browserstack.utils.UtilityMethods - [findFileMatcher] Current Path is :: C:\Users\xps\eclipse-workspace\Mobile, TestClass :: MargoExpress\Mobile\Ecommerce_Tc_4_Hybrid
11:16:30.927 [Default test-0@0] DEBUG c.b.testNgListeners.TestNGUtils - [populateTestDataForBSTestOps] The filename fetched :: C:\Users\xps\eclipse-workspace\Mobile\src\test\java\MargoExpress\Mobile\Ecommerce_Tc_4_Hybrid.java, fileSeparator :: \, AbsolutePath :: C:\Users\xps\eclipse-workspace\Mobile\., Normalized Path :: C:\Users\xps\eclipse-workspace\Mobile, File.Separator :: \
11:16:30.927 [Default test-0@0] DEBUG c.b.testNgListeners.TestNGUtils - [populateTestDataForBSTestOps] Replaced File Name is :: Mobile\src\test\java\MargoExpress\Mobile\Ecommerce_Tc_4_Hybrid.java, Absolute Path :: C:\Users\xps\eclipse-workspace\Mobile\.., Normalized Path :: C:\Users\xps\eclipse-workspace 
11:16:30.944 [Default test-0@0] DEBUG c.b.utils.SeleniumMethodUtils - getURLFromCommandExecutor: Getting Hub url from HttpCommandExecutor
11:16:30.944 [Default test-0@0] DEBUG c.b.utils.SeleniumMethodUtils - getURLFromCommandExecutor: Found url: https://hub-aps.browserstack.com/wd/hub
11:16:30.944 [Default test-0@0] DEBUG c.b.utils.SeleniumMethodUtils - getURLFromCommandExecutor: Getting Hub url from HttpCommandExecutor
11:16:30.944 [Default test-0@0] DEBUG c.b.utils.SeleniumMethodUtils - getURLFromCommandExecutor: Found url: https://hub-aps.browserstack.com/wd/hub
11:16:30.949 [Default test-0@0] DEBUG com.browserstack.testOps.Listener - [ TESTHUB ] Processing Request Kind TestRunStarted
11:16:31.055 [Default test-2@2] DEBUG c.b.testNgListeners.TestNGUtils - [populateTestDataForBSTestOps] The filename fetched :: C:\Users\xps\eclipse-workspace\Mobile\src\test\java\MargoExpress\Mobile\Ecommerce_Tc_4_Hybrid.java, fileSeparator :: \, AbsolutePath :: C:\Users\xps\eclipse-workspace\Mobile\., Normalized Path :: C:\Users\xps\eclipse-workspace\Mobile, File.Separator :: \
11:16:31.057 [Default test-2@2] DEBUG c.b.testNgListeners.TestNGUtils - [populateTestDataForBSTestOps] Replaced File Name is :: Mobile\src\test\java\MargoExpress\Mobile\Ecommerce_Tc_4_Hybrid.java, Absolute Path :: C:\Users\xps\eclipse-workspace\Mobile\.., Normalized Path :: C:\Users\xps\eclipse-workspace 
11:16:31.070 [Default test-2@2] DEBUG c.b.utils.SeleniumMethodUtils - getURLFromCommandExecutor: Getting Hub url from HttpCommandExecutor
11:16:31.070 [Default test-2@2] DEBUG c.b.utils.SeleniumMethodUtils - getURLFromCommandExecutor: Found url: https://hub-aps.browserstack.com/wd/hub
11:16:31.070 [Default test-2@2] DEBUG c.b.utils.SeleniumMethodUtils - getURLFromCommandExecutor: Getting Hub url from HttpCommandExecutor
11:16:31.070 [Default test-2@2] DEBUG c.b.utils.SeleniumMethodUtils - getURLFromCommandExecutor: Found url: https://hub-aps.browserstack.com/wd/hub
11:16:31.075 [Default test-2@2] DEBUG com.browserstack.testOps.Listener - [ TESTHUB ] Processing Request Kind TestRunStarted
11:16:31.233 [verifyProductsAddedinCart@0] DEBUG com.browserstack.testOps.Listener - [ TESTHUB ] Processing Request Kind LogCreated
11:16:31.291 [pool-4-thread-1] DEBUG c.browserstack.utils.RequestBatcher - Time Since Last Batch Processed 4003

11:16:31.293 [pool-5-thread-1] DEBUG c.browserstack.utils.RequestBatcher - Processing Batch 11

11:16:31.296 [pool-5-thread-1] DEBUG c.browserstack.testOps.RequestUtils - [requestToTestOps] Sending Observability request: POST api/v1/batch with request size 23843
11:16:31.299 [pool-5-thread-1] DEBUG c.browserstack.testOps.RequestUtils - [makeRequest] Sending request: POST https://collector-observability.browserstack.com/api/v1/batch with request size 23843
11:16:31.339 [verifyProductsAddedinCart@0] DEBUG com.browserstack.testOps.Listener - [ TESTHUB ] Processing Request Kind LogCreated
11:16:31.540 [pool-5-thread-1] DEBUG c.browserstack.testOps.RequestUtils - [makeRequest]: Response code: 200
11:16:31.540 [pool-5-thread-1] DEBUG c.browserstack.testOps.RequestUtils - requestToTestOps: Response code: 200
11:16:31.541 [pool-5-thread-1] DEBUG c.browserstack.utils.LogReportingAPI - 
[2024-11-05T07:16:31.541966300Z][ TESTHUB ] Batch event successfull!

11:16:31.632 [verifyProductsAddedinCart@0] DEBUG com.browserstack.testOps.Listener - [ TESTHUB ] Processing Request Kind LogCreated
11:16:32.002 [verifyProductsAddedinCart@0] DEBUG c.b.testNgListeners.TestNGUtils - [populateTestDataForBSTestOps] Event Type :: TestRunFinished, Test ClassName :: MargoExpress.Mobile.Ecommerce_Tc_4_Hybrid 
11:16:32.003 [verifyProductsAddedinCart@0] DEBUG c.browserstack.utils.UtilityMethods - [findFileMatcher] Current Path is :: C:\Users\xps\eclipse-workspace\Mobile, TestClass :: MargoExpress\Mobile\Ecommerce_Tc_4_Hybrid
11:16:32.161 [verifyProductsAddedinCart@0] DEBUG c.b.testNgListeners.TestNGUtils - [populateTestDataForBSTestOps] The filename fetched :: C:\Users\xps\eclipse-workspace\Mobile\src\test\java\MargoExpress\Mobile\Ecommerce_Tc_4_Hybrid.java, fileSeparator :: \, AbsolutePath :: C:\Users\xps\eclipse-workspace\Mobile\., Normalized Path :: C:\Users\xps\eclipse-workspace\Mobile, File.Separator :: \
11:16:32.162 [verifyProductsAddedinCart@0] DEBUG c.b.testNgListeners.TestNGUtils - [populateTestDataForBSTestOps] Replaced File Name is :: Mobile\src\test\java\MargoExpress\Mobile\Ecommerce_Tc_4_Hybrid.java, Absolute Path :: C:\Users\xps\eclipse-workspace\Mobile\.., Normalized Path :: C:\Users\xps\eclipse-workspace 
11:16:32.183 [verifyProductsAddedinCart@0] DEBUG c.b.utils.SeleniumMethodUtils - getURLFromCommandExecutor: Getting Hub url from HttpCommandExecutor
11:16:32.183 [verifyProductsAddedinCart@0] DEBUG c.b.utils.SeleniumMethodUtils - getURLFromCommandExecutor: Found url: https://hub-aps.browserstack.com/wd/hub
11:16:32.183 [verifyProductsAddedinCart@0] DEBUG c.b.utils.SeleniumMethodUtils - getURLFromCommandExecutor: Getting Hub url from HttpCommandExecutor
11:16:32.183 [verifyProductsAddedinCart@0] DEBUG c.b.utils.SeleniumMethodUtils - getURLFromCommandExecutor: Found url: https://hub-aps.browserstack.com/wd/hub
11:16:32.188 [verifyProductsAddedinCart@0] DEBUG com.browserstack.testOps.Listener - [ TESTHUB ] Processing Request Kind TestRunFinished
11:16:32.272 [teardown@0] DEBUG c.b.testNgListeners.TestNGUtils - [populateTestDataForBSTestOps] Event Type :: HookRunStarted, Method ClassName :: MargoExpress.Mobile.BaseTest 
11:16:32.273 [teardown@0] DEBUG c.browserstack.utils.UtilityMethods - [findFileMatcher] Current Path is :: C:\Users\xps\eclipse-workspace\Mobile, TestClass :: MargoExpress\Mobile\BaseTest
11:16:32.583 [teardown@0] DEBUG c.b.testNgListeners.TestNGUtils - [populateTestDataForBSTestOps] The filename fetched :: C:\Users\xps\eclipse-workspace\Mobile\src\test\java\MargoExpress\Mobile\BaseTest.java, fileSeparator :: \, AbsolutePath :: C:\Users\xps\eclipse-workspace\Mobile\., Normalized Path :: C:\Users\xps\eclipse-workspace\Mobile, File.Separator :: \
11:16:32.584 [teardown@0] DEBUG c.b.testNgListeners.TestNGUtils - [populateTestDataForBSTestOps] Replaced File Name is :: Mobile\src\test\java\MargoExpress\Mobile\BaseTest.java, Absolute Path :: C:\Users\xps\eclipse-workspace\Mobile\.., Normalized Path :: C:\Users\xps\eclipse-workspace 
11:16:32.603 [teardown@0] DEBUG c.b.utils.SeleniumMethodUtils - getURLFromCommandExecutor: Getting Hub url from HttpCommandExecutor
11:16:32.604 [teardown@0] DEBUG c.b.utils.SeleniumMethodUtils - getURLFromCommandExecutor: Found url: https://hub-aps.browserstack.com/wd/hub
11:16:32.604 [teardown@0] DEBUG c.b.utils.SeleniumMethodUtils - getURLFromCommandExecutor: Getting Hub url from HttpCommandExecutor
11:16:32.604 [teardown@0] DEBUG c.b.utils.SeleniumMethodUtils - getURLFromCommandExecutor: Found url: https://hub-aps.browserstack.com/wd/hub
11:16:32.605 [teardown@0] DEBUG com.browserstack.testOps.Listener - [ TESTHUB ] Processing Request Kind HookRunStarted
11:16:32.605 [teardown@0] DEBUG c.browserstack.utils.LogReportingAPI - sendPlatformDetails: Can't send CBT info, as driver or test is not found
11:16:33.911 [selectProduct@2] DEBUG c.b.testNgListeners.TestNGUtils - [populateTestDataForBSTestOps] Event Type :: TestRunFinished, Test ClassName :: MargoExpress.Mobile.Ecommerce_Tc_4_Hybrid 
11:16:33.912 [selectProduct@2] DEBUG c.browserstack.utils.UtilityMethods - [findFileMatcher] Current Path is :: C:\Users\xps\eclipse-workspace\Mobile, TestClass :: MargoExpress\Mobile\Ecommerce_Tc_4_Hybrid
11:16:34.047 [selectProduct@2] DEBUG c.b.testNgListeners.TestNGUtils - [populateTestDataForBSTestOps] The filename fetched :: C:\Users\xps\eclipse-workspace\Mobile\src\test\java\MargoExpress\Mobile\Ecommerce_Tc_4_Hybrid.java, fileSeparator :: \, AbsolutePath :: C:\Users\xps\eclipse-workspace\Mobile\., Normalized Path :: C:\Users\xps\eclipse-workspace\Mobile, File.Separator :: \
11:16:34.048 [selectProduct@2] DEBUG c.b.testNgListeners.TestNGUtils - [populateTestDataForBSTestOps] Replaced File Name is :: Mobile\src\test\java\MargoExpress\Mobile\Ecommerce_Tc_4_Hybrid.java, Absolute Path :: C:\Users\xps\eclipse-workspace\Mobile\.., Normalized Path :: C:\Users\xps\eclipse-workspace 
11:16:34.055 [selectProduct@2] DEBUG c.b.utils.SeleniumMethodUtils - getURLFromCommandExecutor: Getting Hub url from HttpCommandExecutor
11:16:34.056 [selectProduct@2] DEBUG c.b.utils.SeleniumMethodUtils - getURLFromCommandExecutor: Found url: https://hub-aps.browserstack.com/wd/hub
11:16:34.057 [selectProduct@2] DEBUG c.b.utils.SeleniumMethodUtils - getURLFromCommandExecutor: Getting Hub url from HttpCommandExecutor
11:16:34.057 [selectProduct@2] DEBUG c.b.utils.SeleniumMethodUtils - getURLFromCommandExecutor: Found url: https://hub-aps.browserstack.com/wd/hub
11:16:34.061 [selectProduct@2] DEBUG com.browserstack.testOps.Listener - [ TESTHUB ] Processing Request Kind TestRunFinished
11:16:34.114 [Default test-2@2] DEBUG c.b.testNgListeners.TestNGUtils - [populateTestDataForBSTestOps] Event Type :: TestRunStarted, Test ClassName :: MargoExpress.Mobile.Ecommerce_Tc_4_Hybrid 
11:16:34.114 [Default test-2@2] DEBUG c.browserstack.utils.UtilityMethods - [findFileMatcher] Current Path is :: C:\Users\xps\eclipse-workspace\Mobile, TestClass :: MargoExpress\Mobile\Ecommerce_Tc_4_Hybrid
11:16:34.380 [Default test-2@2] DEBUG c.b.testNgListeners.TestNGUtils - [populateTestDataForBSTestOps] The filename fetched :: C:\Users\xps\eclipse-workspace\Mobile\src\test\java\MargoExpress\Mobile\Ecommerce_Tc_4_Hybrid.java, fileSeparator :: \, AbsolutePath :: C:\Users\xps\eclipse-workspace\Mobile\., Normalized Path :: C:\Users\xps\eclipse-workspace\Mobile, File.Separator :: \
11:16:34.380 [Default test-2@2] DEBUG c.b.testNgListeners.TestNGUtils - [populateTestDataForBSTestOps] Replaced File Name is :: Mobile\src\test\java\MargoExpress\Mobile\Ecommerce_Tc_4_Hybrid.java, Absolute Path :: C:\Users\xps\eclipse-workspace\Mobile\.., Normalized Path :: C:\Users\xps\eclipse-workspace 
11:16:34.404 [Default test-2@2] DEBUG c.b.utils.SeleniumMethodUtils - getURLFromCommandExecutor: Getting Hub url from HttpCommandExecutor
11:16:34.404 [Default test-2@2] DEBUG c.b.utils.SeleniumMethodUtils - getURLFromCommandExecutor: Found url: https://hub-aps.browserstack.com/wd/hub
11:16:34.404 [Default test-2@2] DEBUG c.b.utils.SeleniumMethodUtils - getURLFromCommandExecutor: Getting Hub url from HttpCommandExecutor
11:16:34.404 [Default test-2@2] DEBUG c.b.utils.SeleniumMethodUtils - getURLFromCommandExecutor: Found url: https://hub-aps.browserstack.com/wd/hub
11:16:34.412 [Default test-2@2] DEBUG com.browserstack.testOps.Listener - [ TESTHUB ] Processing Request Kind TestRunStarted
11:16:34.604 [verifyProductsAddedinCart@2] DEBUG com.browserstack.testOps.Listener - [ TESTHUB ] Processing Request Kind LogCreated
11:16:34.682 [verifyProductsAddedinCart@2] DEBUG com.browserstack.testOps.Listener - [ TESTHUB ] Processing Request Kind LogCreated
11:16:34.868 [verifyProductsAddedinCart@2] DEBUG com.browserstack.testOps.Listener - [ TESTHUB ] Processing Request Kind LogCreated
11:16:34.984 [teardown@0] DEBUG c.b.testNgListeners.TestNGUtils - [populateTestDataForBSTestOps] Event Type :: HookRunFinished, Method ClassName :: MargoExpress.Mobile.BaseTest 
11:16:34.985 [teardown@0] DEBUG c.browserstack.utils.UtilityMethods - [findFileMatcher] Current Path is :: C:\Users\xps\eclipse-workspace\Mobile, TestClass :: MargoExpress\Mobile\BaseTest
11:16:35.152 [verifyProductsAddedinCart@2] DEBUG c.b.testNgListeners.TestNGUtils - [populateTestDataForBSTestOps] Event Type :: TestRunFinished, Test ClassName :: MargoExpress.Mobile.Ecommerce_Tc_4_Hybrid 
11:16:35.152 [verifyProductsAddedinCart@2] DEBUG c.browserstack.utils.UtilityMethods - [findFileMatcher] Current Path is :: C:\Users\xps\eclipse-workspace\Mobile, TestClass :: MargoExpress\Mobile\Ecommerce_Tc_4_Hybrid
11:16:35.167 [teardown@0] DEBUG c.b.testNgListeners.TestNGUtils - [populateTestDataForBSTestOps] The filename fetched :: C:\Users\xps\eclipse-workspace\Mobile\src\test\java\MargoExpress\Mobile\BaseTest.java, fileSeparator :: \, AbsolutePath :: C:\Users\xps\eclipse-workspace\Mobile\., Normalized Path :: C:\Users\xps\eclipse-workspace\Mobile, File.Separator :: \
11:16:35.167 [teardown@0] DEBUG c.b.testNgListeners.TestNGUtils - [populateTestDataForBSTestOps] Replaced File Name is :: Mobile\src\test\java\MargoExpress\Mobile\BaseTest.java, Absolute Path :: C:\Users\xps\eclipse-workspace\Mobile\.., Normalized Path :: C:\Users\xps\eclipse-workspace 
11:16:35.168 [teardown@0] DEBUG com.browserstack.testOps.Listener - [ TESTHUB ] Processing Request Kind HookRunFinished
11:16:35.177 [teardown@0] DEBUG c.b.utils.FunnelInstrumentation - Unable to parse data from processes. Exception: Unexpected token END OF FILE at position 0.
	at browserstack.shaded.org.json.simple.parser.JSONParser.parse(Unknown Source)
	at browserstack.shaded.org.json.simple.parser.JSONParser.parse(Unknown Source)
	at browserstack.shaded.org.json.simple.parser.JSONParser.parse(Unknown Source)
	at com.browserstack.utils.FunnelInstrumentation.getFormattedDataFromProcesses(Unknown Source)
	at com.browserstack.utils.FunnelInstrumentation.createParamsForEvent(Unknown Source)
	at com.browserstack.utils.FunnelInstrumentation.sendSDKEvent(Unknown Source)
	at com.browserstack.testNgListeners.TmpSuiteListener.onFinish(Unknown Source)
	at org.testng.TestRunner.fireEvent(TestRunner.java:873)
	at org.testng.TestRunner.afterRun(TestRunner.java:828)
	at org.testng.TestRunner.run(TestRunner.java:616)
	at org.testng.SuiteRunner.runTest(SuiteRunner.java:421)
	at org.testng.SuiteRunner$SuiteWorker.run(SuiteRunner.java:463)
	at org.testng.internal.thread.ThreadUtil.lambda$execute$0(ThreadUtil.java:64)
	at java.base/java.util.concurrent.FutureTask.run(FutureTask.java:317)
	at java.base/java.util.concurrent.ThreadPoolExecutor.runWorker(ThreadPoolExecutor.java:1144)
	at java.base/java.util.concurrent.ThreadPoolExecutor$Worker.run(ThreadPoolExecutor.java:642)
	at java.base/java.lang.Thread.run(Thread.java:1583)

11:16:35.178 [teardown@0] DEBUG com.browserstack.testOps.UsageStats - getFormattedData: Collecting data for TestObservability
11:16:35.178 [teardown@0] DEBUG com.browserstack.testOps.UsageStats - getEventStats: Getting event data for TestObservability
11:16:35.179 [teardown@0] DEBUG com.browserstack.testOps.UsageStats - [OBSERVABILITY] Failed to parse data from workers
11:16:35.201 [teardown@0] DEBUG c.b.utils.FunnelInstrumentation - Sending funnel data for SDKTestSuccessful with data: {"event_type":"SDKTestSuccessful","accessKey":"1XSLBqNLYzWiPhqyqy9L","userName":"roshinsurendran_Sh2ZAM","event_properties":{"isPercyAutoEnabled":false,"language":"java","sdkRunId":"c0316e5c-b209-418d-a670-ce358f64bd0e","buildIdentifier":"#4","error":"[{\"tests\":{\"MargoExpress.Mobile.Ecommerce_Tc_4_Hybrid-verifyProductsAddedinCart\":\"Unknown mobile command \\\"longClickGesture\\\". Only shell,scrollBackTo,viewportScreenshot,deepLink,startLogsBroadcast,stopLogsBroadcast,acceptAlert,dismissAlert,batteryInfo,deviceInfo,changePermissions,getPermissions,performEditorAction,startScreenStreaming,stopScreenStreaming,getNotifications,listSms,type commands are supported. Build info: version: '4.26.0', revision: '8ccf0219d7' System info: os.name: 'Windows 11', os.arch: 'amd64', os.version: '10.0', java.version: '21.0.3' Driver info: io.appium.java_client.android.AndroidDriver Command: [3a464012b310f0f2b5ad0189e72de032a97eb4ae, executeScript {args=[{elementId=4d1ff8d3-34c5-4d89-bb73-51b7fd245648, duration=2000}], script=mobile: longClickGesture}] Capabilities {appium:appActivity: com.androidsample.generalst..., appium:appPackage: com.androidsample.generalstore, appium:automationName: uiautomator2, appium:bundleID: com.androidsample.generalstore, appium:bundleId: com.androidsample.generalstore, appium:chromedriverPort: 18085, appium:chromedriverPorts: [[18155, 18165]], appium:databaseEnabled: false, appium:desired: {appActivity: com.androidsample.generalst..., appPackage: com.androidsample.generalstore, automationName: uiautomator2, bstack:options: {buildIdentifier: #4, hostName: Roshin, localIdentifier: 05_Nov_1115_Roshin_LFYD}, bundleID: com.androidsample.generalstore, bundleId: com.androidsample.generalstore, chromedriverPort: 18085, chromedriverPorts: [[18155, 18165]], deviceName: pixel 8 pro emulator, disableSuppressAccessibilityService: true, goog:chromeOptions: {}, nativeWebScreenshot: true, newCommandTimeout: 0, platformName: Android, skipServerInstallation: true, systemPort: 8205, udid: R5CT3130P8X}, appium:deviceApiLevel: 31, appium:deviceManufacturer: samsung, appium:deviceModel: SM-S908E, appium:deviceName: R5CT3130P8X, appium:deviceScreenDensity: 450, appium:deviceScreenSize: 1080x2316, appium:deviceUDID: R5CT3130P8X, appium:disableSuppressAccessibilityService: true, appium:javascriptEnabled: true, appium:locationContextEnabled: false, appium:nativeWebScreenshot: true, appium:networkConnectionEnabled: true, appium:newCommandTimeout: 0, appium:optimalHubUrl: hub-aps.browserstack.com, appium:pixelRatio: 2.8125, appium:platformVersion: 12, appium:skipServerInstallation: true, appium:statBarHeight: 75, appium:systemPort: 8205, appium:takesScreenshot: true, appium:udid: R5CT3130P8X, appium:viewportRect: {height: 2031, left: 0, top: 75, width: 1080}, appium:warnings: {}, appium:webStorageEnabled: false, bstack:options: {buildIdentifier: #4, hostName: Roshin, localIdentifier: 05_Nov_1115_Roshin_LFYD}, goog:chromeOptions: {}, platformName: ANDROID} Session ID: 3a464012b310f0f2b5ad0189e72de032a97eb4ae\"},\"platformVersion\":\"12.0\",\"deviceName\":\"Samsung Galaxy S22 Ultra\"},{\"tests\":{\"MargoExpress.Mobile.Ecommerce_Tc_4_Hybrid-verifyProductsAddedinCart\":\"Unknown mobile command \\\"longClickGesture\\\". Only shell,scrollBackTo,viewportScreenshot,deepLink,startLogsBroadcast,stopLogsBroadcast,acceptAlert,dismissAlert,batteryInfo,deviceInfo,changePermissions,getPermissions,performEditorAction,startScreenStreaming,stopScreenStreaming,getNotifications,listSms,type commands are supported. Build info: version: '4.26.0', revision: '8ccf0219d7' System info: os.name: 'Windows 11', os.arch: 'amd64', os.version: '10.0', java.version: '21.0.3' Driver info: io.appium.java_client.android.AndroidDriver Command: [0d276928f6037cbd6a0f4f6f1c675c8bf4844fa9, executeScript {args=[{elementId=7809e265-00ef-4f4a-9b1e-0805d19a0ad9, duration=2000}], script=mobile: longClickGesture}] Capabilities {appium:appActivity: com.androidsample.generalst..., appium:appPackage: com.androidsample.generalstore, appium:automationName: uiautomator2, appium:bundleID: com.androidsample.generalstore, appium:bundleId: com.androidsample.generalstore, appium:chromedriverPort: 18081, appium:chromedriverPorts: [[18111, 18121]], appium:databaseEnabled: false, appium:desired: {appActivity: com.androidsample.generalst..., appPackage: com.androidsample.generalstore, automationName: uiautomator2, bstack:options: {buildIdentifier: #4, hostName: Roshin, localIdentifier: 05_Nov_1115_Roshin_LFYD}, bundleID: com.androidsample.generalstore, bundleId: com.androidsample.generalstore, chromedriverPort: 18081, chromedriverPorts: [[18111, 18121]], deviceName: pixel 8 pro emulator, disableSuppressAccessibilityService: true, goog:chromeOptions: {}, nativeWebScreenshot: true, newCommandTimeout: 0, platformName: Android, skipServerInstallation: true, systemPort: 8201, udid: R5CRA1WXY7P}, appium:deviceApiLevel: 30, appium:deviceManufacturer: samsung, appium:deviceModel: SM-G991B, appium:deviceName: R5CRA1WXY7P, appium:deviceScreenDensity: 480, appium:deviceScreenSize: 1080x2400, appium:deviceUDID: R5CRA1WXY7P, appium:disableSuppressAccessibilityService: true, appium:javascriptEnabled: true, appium:locationContextEnabled: false, appium:nativeWebScreenshot: true, appium:networkConnectionEnabled: true, appium:newCommandTimeout: 0, appium:optimalHubUrl: hub-aps.browserstack.com, appium:pixelRatio: 3, appium:platformVersion: 11, appium:skipServerInstallation: true, appium:statBarHeight: 79, appium:systemPort: 8201, appium:takesScreenshot: true, appium:udid: R5CRA1WXY7P, appium:viewportRect: {height: 2097, left: 0, top: 79, width: 1080}, appium:warnings: {}, appium:webStorageEnabled: false, bstack:options: {buildIdentifier: #4, hostName: Roshin, localIdentifier: 05_Nov_1115_Roshin_LFYD}, goog:chromeOptions: {}, platformName: ANDROID} Session ID: 0d276928f6037cbd6a0f4f6f1c675c8bf4844fa9\"},\"platformVersion\":\"11.0\",\"deviceName\":\"Samsung Galaxy S21\"},{\"tests\":{\"MargoExpress.Mobile.Ecommerce_Tc_4_Hybrid-verifyProductsAddedinCart\":\"Unknown mobile command \\\"longClickGesture\\\". Only shell,scrollBackTo,viewportScreenshot,deepLink,startLogsBroadcast,stopLogsBroadcast,acceptAlert,dismissAlert,batteryInfo,deviceInfo,changePermissions,getPermissions,performEditorAction,startScreenStreaming,stopScreenStreaming,getNotifications,listSms,type commands are supported. Build info: version: '4.26.0', revision: '8ccf0219d7' System info: os.name: 'Windows 11', os.arch: 'amd64', os.version: '10.0', java.version: '21.0.3' Driver info: io.appium.java_client.android.AndroidDriver Command: [528b8788a36bc81f2487765e14c0bbb0017e4556, executeScript {args=[{elementId=03b4ee96-f483-46a6-acbb-1b443614d73d, duration=2000}], script=mobile: longClickGesture}] Capabilities {appium:appActivity: com.androidsample.generalst..., appium:appPackage: com.androidsample.generalstore, appium:automationName: uiautomator2, appium:bundleID: com.androidsample.generalstore, appium:bundleId: com.androidsample.generalstore, appium:chromedriverPort: 18080, appium:chromedriverPorts: [[18100, 18110]], appium:databaseEnabled: false, appium:desired: {appActivity: com.androidsample.generalst..., appPackage: com.androidsample.generalstore, automationName: uiautomator2, bstack:options: {buildIdentifier: #4, hostName: Roshin, localIdentifier: 05_Nov_1115_Roshin_LFYD}, bundleID: com.androidsample.generalstore, bundleId: com.androidsample.generalstore, chromedriverPort: 18080, chromedriverPorts: [[18100, 18110]], deviceName: pixel 8 pro emulator, disableSuppressAccessibilityService: true, goog:chromeOptions: {}, nativeWebScreenshot: true, newCommandTimeout: 0, platformName: Android, skipServerInstallation: true, systemPort: 8200, udid: 24011FDEE005P2}, appium:deviceApiLevel: 31, appium:deviceManufacturer: Google, appium:deviceModel: Pixel 6 Pro, appium:deviceName: 24011FDEE005P2, appium:deviceScreenDensity: 560, appium:deviceScreenSize: 1440x3120, appium:deviceUDID: 24011FDEE005P2, appium:disableSuppressAccessibilityService: true, appium:javascriptEnabled: true, appium:locationContextEnabled: false, appium:nativeWebScreenshot: true, appium:networkConnectionEnabled: true, appium:newCommandTimeout: 0, appium:optimalHubUrl: hub-aps.browserstack.com, appium:pixelRatio: 3.5, appium:platformVersion: 12, appium:skipServerInstallation: true, appium:statBarHeight: 145, appium:systemPort: 8200, appium:takesScreenshot: true, appium:udid: 24011FDEE005P2, appium:viewportRect: {height: 2789, left: 0, top: 145, width: 1440}, appium:warnings: {}, appium:webStorageEnabled: false, bstack:options: {buildIdentifier: #4, hostName: Roshin, localIdentifier: 05_Nov_1115_Roshin_LFYD}, goog:chromeOptions: {}, platformName: ANDROID} Session ID: 528b8788a36bc81f2487765e14c0bbb0017e4556\"},\"platformVersion\":\"12.0\",\"deviceName\":\"Google Pixel 6 Pro\"}]","testhub_uuid":"5gf8c636fgoouh00itr5lovi6sdqnoutk7boe4bs","detectedAppiumVersion":"null","productMap":{"app_automate":true,"accessibility":false,"automate":false,"percy":false,"observability":true,"turboscale":false},"hostname":"Roshin","measures":{"percy:start":790,"local:start":8866,"sdk:setup":16719},"productUsage":{"testObservability":{"buildHashedId":"5gf8c636fgoouh00itr5lovi6sdqnoutk7boe4bs","manuallySet":false,"enabled":true,"events":{"hookEvents":{"started":{"errors":[],"triggeredCount":5,"failedCount":0,"sentCount":4},"finished":{"triggeredCount":5,"failedCount":0,"errors":[],"sentCount":4},"passed":{"errors":[],"triggeredCount":5,"failedCount":0,"sentCount":4}},"logEvents":{"errors":[],"triggeredCount":159,"failedCount":0,"sentCount":154,"log":{"errors":[],"triggeredCount":159,"failedCount":0,"sentCount":154}},"testEvents":{"started":{"errors":[],"triggeredCount":9,"failedCount":0,"sentCount":8},"finished":{"triggeredCount":8,"failedCount":0,"errors":[],"sentCount":6},"failed":{"errors":[],"triggeredCount":2,"failedCount":0,"sentCount":1},"passed":{"errors":[],"triggeredCount":6,"failedCount":0,"sentCount":5}},"batchEvents":{"triggeredCount":7,"failedCount":0,"errors":[],"sentCount":7},"cbtSessionEvents":{"errors":[],"triggeredCount":0,"failedCount":0,"sentCount":0},"buildEvents":{"started":{"error":null,"triggered":true,"status":"success"},"finished":{"error":null,"triggered":null,"status":null}}}}},"browserStackConfig":{"browserstackLocal":true,"percy":false,"logLevel":"info","staticWebDriver":true,"autoDetectFramework":true,"percyCaptureMode":"MANUAL","browserStackLocalOptions":{"localIdentifier":"05_Nov_1115_Roshin_LFYD","key":"****"},"percyOptions":{},"testContextOptions":{"skipSessionStatus":false,"serenityOverridePlugin":false,"skipSessionName":false},"platforms":[{"browserVersion":null,"osVersion":null,"capabilities":{"platformVersion":12.0,"platformName":"android","deviceName":"Samsung Galaxy S22 Ultra"},"browser":null,"device":"Samsung Galaxy S22 Ultra","os":null,"platformCaps":{"platformVersion":12.0,"platformName":"android","deviceName":"Samsung Galaxy S22 Ultra"},"platformString":"Samsung Galaxy S22 Ultra, 12.0","customVariables":"****"},{"browserVersion":null,"osVersion":null,"capabilities":{"platformVersion":11.0,"platformName":"android","deviceName":"Samsung Galaxy S21"},"browser":null,"device":"Samsung Galaxy S21","os":null,"platformCaps":{"platformVersion":11.0,"platformName":"android","deviceName":"Samsung Galaxy S21"},"platformString":"Samsung Galaxy S21, 11.0","customVariables":"****"},{"browserVersion":null,"osVersion":null,"capabilities":{"platformVersion":12.0,"platformName":"android","deviceName":"Google Pixel 6 Pro"},"browser":null,"device":"Google Pixel 6 Pro","os":null,"platformCaps":{"platformVersion":12.0,"platformName":"android","deviceName":"Google Pixel 6 Pro"},"platformString":"Google Pixel 6 Pro, 12.0","customVariables":"****"}],"parallelsPerPlatform":1,"framework":"testng","accessibility":false,"accessibilityOptions":{},"turboScaleOptions":{},"disableAutoCaptureLogs":true,"testObservability":true,"browserstackAutomation":true,"turboScale":false,"testObservabilityOptions":{},"gradleMConfig":null,"proxySettings":null},"percyBuildId":null,"product":"[app-automate, observability]","buildName":"browserstack build","os":"Windows 11","languageVersion":"21.0.3","appiumVersion":"9.3.0","frameworkDetectionInstrumentation":{"parseLoadClass":19,"ret-org.openqa.selenium.remote.RemoteWebDriver":502,"retransformClasses":504,"parseDependencies":33},"userFramework":"testng","detectedDependencies":"testng","referrer":"testng-javaagent\/1.26.4","locationTrigger":"onFinish","language_framework":"java_testng","detectedFramework":"testng","testOrchestration":{"abortBuildOnFailure":{"enabled":false},"retryTestsOnFailure":{"enabled":false},"userConfig":{}},"detectedSeleniumVersion":"4.26.0","seleniumVersion":"4.26.0"}}
11:16:35.287 [pool-4-thread-1] DEBUG c.browserstack.utils.RequestBatcher - Time Since Last Batch Processed 3996

11:16:35.288 [pool-5-thread-1] DEBUG c.browserstack.utils.RequestBatcher - Processing Batch 10

11:16:35.290 [pool-5-thread-1] DEBUG c.browserstack.testOps.RequestUtils - [requestToTestOps] Sending Observability request: POST api/v1/batch with request size 23232
11:16:35.292 [pool-5-thread-1] DEBUG c.browserstack.testOps.RequestUtils - [makeRequest] Sending request: POST https://collector-observability.browserstack.com/api/v1/batch with request size 23232
11:16:35.300 [verifyProductsAddedinCart@2] DEBUG c.b.testNgListeners.TestNGUtils - [populateTestDataForBSTestOps] The filename fetched :: C:\Users\xps\eclipse-workspace\Mobile\src\test\java\MargoExpress\Mobile\Ecommerce_Tc_4_Hybrid.java, fileSeparator :: \, AbsolutePath :: C:\Users\xps\eclipse-workspace\Mobile\., Normalized Path :: C:\Users\xps\eclipse-workspace\Mobile, File.Separator :: \
11:16:35.300 [verifyProductsAddedinCart@2] DEBUG c.b.testNgListeners.TestNGUtils - [populateTestDataForBSTestOps] Replaced File Name is :: Mobile\src\test\java\MargoExpress\Mobile\Ecommerce_Tc_4_Hybrid.java, Absolute Path :: C:\Users\xps\eclipse-workspace\Mobile\.., Normalized Path :: C:\Users\xps\eclipse-workspace 
11:16:35.311 [verifyProductsAddedinCart@2] DEBUG c.b.utils.SeleniumMethodUtils - getURLFromCommandExecutor: Getting Hub url from HttpCommandExecutor
11:16:35.311 [verifyProductsAddedinCart@2] DEBUG c.b.utils.SeleniumMethodUtils - getURLFromCommandExecutor: Found url: https://hub-aps.browserstack.com/wd/hub
11:16:35.311 [verifyProductsAddedinCart@2] DEBUG c.b.utils.SeleniumMethodUtils - getURLFromCommandExecutor: Getting Hub url from HttpCommandExecutor
11:16:35.311 [verifyProductsAddedinCart@2] DEBUG c.b.utils.SeleniumMethodUtils - getURLFromCommandExecutor: Found url: https://hub-aps.browserstack.com/wd/hub
11:16:35.314 [verifyProductsAddedinCart@2] DEBUG com.browserstack.testOps.Listener - [ TESTHUB ] Processing Request Kind TestRunFinished
11:16:35.361 [teardown@2] DEBUG c.b.testNgListeners.TestNGUtils - [populateTestDataForBSTestOps] Event Type :: HookRunStarted, Method ClassName :: MargoExpress.Mobile.BaseTest 
11:16:35.362 [teardown@2] DEBUG c.browserstack.utils.UtilityMethods - [findFileMatcher] Current Path is :: C:\Users\xps\eclipse-workspace\Mobile, TestClass :: MargoExpress\Mobile\BaseTest
11:16:35.510 [teardown@2] DEBUG c.b.testNgListeners.TestNGUtils - [populateTestDataForBSTestOps] The filename fetched :: C:\Users\xps\eclipse-workspace\Mobile\src\test\java\MargoExpress\Mobile\BaseTest.java, fileSeparator :: \, AbsolutePath :: C:\Users\xps\eclipse-workspace\Mobile\., Normalized Path :: C:\Users\xps\eclipse-workspace\Mobile, File.Separator :: \
11:16:35.510 [teardown@2] DEBUG c.b.testNgListeners.TestNGUtils - [populateTestDataForBSTestOps] Replaced File Name is :: Mobile\src\test\java\MargoExpress\Mobile\BaseTest.java, Absolute Path :: C:\Users\xps\eclipse-workspace\Mobile\.., Normalized Path :: C:\Users\xps\eclipse-workspace 
11:16:35.515 [teardown@2] DEBUG c.b.utils.SeleniumMethodUtils - getURLFromCommandExecutor: Getting Hub url from HttpCommandExecutor
11:16:35.516 [teardown@2] DEBUG c.b.utils.SeleniumMethodUtils - getURLFromCommandExecutor: Found url: https://hub-aps.browserstack.com/wd/hub
11:16:35.516 [teardown@2] DEBUG c.b.utils.SeleniumMethodUtils - getURLFromCommandExecutor: Getting Hub url from HttpCommandExecutor
11:16:35.516 [teardown@2] DEBUG c.b.utils.SeleniumMethodUtils - getURLFromCommandExecutor: Found url: https://hub-aps.browserstack.com/wd/hub
11:16:35.516 [teardown@2] DEBUG com.browserstack.testOps.Listener - [ TESTHUB ] Processing Request Kind HookRunStarted
11:16:35.516 [teardown@2] DEBUG c.browserstack.utils.LogReportingAPI - sendPlatformDetails: Can't send CBT info, as driver or test is not found
11:16:35.520 [pool-5-thread-1] DEBUG c.browserstack.testOps.RequestUtils - [makeRequest]: Response code: 200
11:16:35.520 [pool-5-thread-1] DEBUG c.browserstack.testOps.RequestUtils - requestToTestOps: Response code: 200
11:16:35.521 [pool-5-thread-1] DEBUG c.browserstack.utils.LogReportingAPI - 
[2024-11-05T07:16:35.521653500Z][ TESTHUB ] Batch event successfull!

11:16:35.723 [teardown@0] DEBUG c.b.utils.FunnelInstrumentation - API Event SDKTestSuccessful response - {"message":"SDK Event recorded successfully"}
11:16:35.724 [teardown@0] DEBUG c.browserstack.utils.LogReportingAPI - sendSync failed - driver not alive
11:16:35.724 [teardown@0] DEBUG com.browserstack.testOps.Listener - [ TESTHUB ] Processing Request Kind LogCreated
11:16:35.724 [teardown@0] DEBUG com.browserstack.testOps.Listener - [ TESTHUB ] Processing Request Kind LogCreated
11:16:35.725 [teardown@0] DEBUG com.browserstack.testOps.Listener - [ TESTHUB ] Processing Request Kind LogCreated
11:16:35.725 [teardown@0] DEBUG com.browserstack.testOps.Listener - [ TESTHUB ] Processing Request Kind LogCreated
11:16:37.288 [pool-4-thread-1] DEBUG c.browserstack.utils.RequestBatcher - Time Since Last Batch Processed 2001

11:16:37.288 [pool-5-thread-1] DEBUG c.browserstack.utils.RequestBatcher - Processing Batch 6

11:16:37.290 [pool-5-thread-1] DEBUG c.browserstack.testOps.RequestUtils - [requestToTestOps] Sending Observability request: POST api/v1/batch with request size 21344
11:16:37.291 [pool-5-thread-1] DEBUG c.browserstack.testOps.RequestUtils - [makeRequest] Sending request: POST https://collector-observability.browserstack.com/api/v1/batch with request size 21344
11:16:37.535 [pool-5-thread-1] DEBUG c.browserstack.testOps.RequestUtils - [makeRequest]: Response code: 200
11:16:37.538 [pool-5-thread-1] DEBUG c.browserstack.testOps.RequestUtils - requestToTestOps: Response code: 200
11:16:37.540 [pool-5-thread-1] DEBUG c.browserstack.utils.LogReportingAPI - 
[2024-11-05T07:16:37.540461800Z][ TESTHUB ] Batch event successfull!

11:16:37.877 [teardown@2] DEBUG c.b.testNgListeners.TestNGUtils - [populateTestDataForBSTestOps] Event Type :: HookRunFinished, Method ClassName :: MargoExpress.Mobile.BaseTest 
11:16:37.877 [teardown@2] DEBUG c.browserstack.utils.UtilityMethods - [findFileMatcher] Current Path is :: C:\Users\xps\eclipse-workspace\Mobile, TestClass :: MargoExpress\Mobile\BaseTest
11:16:38.013 [teardown@2] DEBUG c.b.testNgListeners.TestNGUtils - [populateTestDataForBSTestOps] The filename fetched :: C:\Users\xps\eclipse-workspace\Mobile\src\test\java\MargoExpress\Mobile\BaseTest.java, fileSeparator :: \, AbsolutePath :: C:\Users\xps\eclipse-workspace\Mobile\., Normalized Path :: C:\Users\xps\eclipse-workspace\Mobile, File.Separator :: \
11:16:38.013 [teardown@2] DEBUG c.b.testNgListeners.TestNGUtils - [populateTestDataForBSTestOps] Replaced File Name is :: Mobile\src\test\java\MargoExpress\Mobile\BaseTest.java, Absolute Path :: C:\Users\xps\eclipse-workspace\Mobile\.., Normalized Path :: C:\Users\xps\eclipse-workspace 
11:16:38.014 [teardown@2] DEBUG com.browserstack.testOps.Listener - [ TESTHUB ] Processing Request Kind HookRunFinished
11:16:38.016 [teardown@2] DEBUG c.b.utils.FunnelInstrumentation - Unable to parse data from processes. Exception: Unexpected token END OF FILE at position 0.
	at browserstack.shaded.org.json.simple.parser.JSONParser.parse(Unknown Source)
	at browserstack.shaded.org.json.simple.parser.JSONParser.parse(Unknown Source)
	at browserstack.shaded.org.json.simple.parser.JSONParser.parse(Unknown Source)
	at com.browserstack.utils.FunnelInstrumentation.getFormattedDataFromProcesses(Unknown Source)
	at com.browserstack.utils.FunnelInstrumentation.createParamsForEvent(Unknown Source)
	at com.browserstack.utils.FunnelInstrumentation.sendSDKEvent(Unknown Source)
	at com.browserstack.testNgListeners.TmpSuiteListener.onFinish(Unknown Source)
	at org.testng.TestRunner.fireEvent(TestRunner.java:873)
	at org.testng.TestRunner.afterRun(TestRunner.java:828)
	at org.testng.TestRunner.run(TestRunner.java:616)
	at org.testng.SuiteRunner.runTest(SuiteRunner.java:421)
	at org.testng.SuiteRunner$SuiteWorker.run(SuiteRunner.java:463)
	at org.testng.internal.thread.ThreadUtil.lambda$execute$0(ThreadUtil.java:64)
	at java.base/java.util.concurrent.FutureTask.run(FutureTask.java:317)
	at java.base/java.util.concurrent.ThreadPoolExecutor.runWorker(ThreadPoolExecutor.java:1144)
	at java.base/java.util.concurrent.ThreadPoolExecutor$Worker.run(ThreadPoolExecutor.java:642)
	at java.base/java.lang.Thread.run(Thread.java:1583)

11:16:38.016 [teardown@2] DEBUG com.browserstack.testOps.UsageStats - getFormattedData: Collecting data for TestObservability
11:16:38.016 [teardown@2] DEBUG com.browserstack.testOps.UsageStats - getEventStats: Getting event data for TestObservability
11:16:38.016 [teardown@2] DEBUG com.browserstack.testOps.UsageStats - [OBSERVABILITY] Failed to parse data from workers
11:16:38.029 [teardown@2] DEBUG c.b.utils.FunnelInstrumentation - Sending funnel data for SDKTestSuccessful with data: {"event_type":"SDKTestSuccessful","accessKey":"1XSLBqNLYzWiPhqyqy9L","userName":"roshinsurendran_Sh2ZAM","event_properties":{"isPercyAutoEnabled":false,"language":"java","sdkRunId":"c0316e5c-b209-418d-a670-ce358f64bd0e","buildIdentifier":"#4","error":"[{\"tests\":{\"MargoExpress.Mobile.Ecommerce_Tc_4_Hybrid-verifyProductsAddedinCart\":\"Unknown mobile command \\\"longClickGesture\\\". Only shell,scrollBackTo,viewportScreenshot,deepLink,startLogsBroadcast,stopLogsBroadcast,acceptAlert,dismissAlert,batteryInfo,deviceInfo,changePermissions,getPermissions,performEditorAction,startScreenStreaming,stopScreenStreaming,getNotifications,listSms,type commands are supported. Build info: version: '4.26.0', revision: '8ccf0219d7' System info: os.name: 'Windows 11', os.arch: 'amd64', os.version: '10.0', java.version: '21.0.3' Driver info: io.appium.java_client.android.AndroidDriver Command: [3a464012b310f0f2b5ad0189e72de032a97eb4ae, executeScript {args=[{elementId=4d1ff8d3-34c5-4d89-bb73-51b7fd245648, duration=2000}], script=mobile: longClickGesture}] Capabilities {appium:appActivity: com.androidsample.generalst..., appium:appPackage: com.androidsample.generalstore, appium:automationName: uiautomator2, appium:bundleID: com.androidsample.generalstore, appium:bundleId: com.androidsample.generalstore, appium:chromedriverPort: 18085, appium:chromedriverPorts: [[18155, 18165]], appium:databaseEnabled: false, appium:desired: {appActivity: com.androidsample.generalst..., appPackage: com.androidsample.generalstore, automationName: uiautomator2, bstack:options: {buildIdentifier: #4, hostName: Roshin, localIdentifier: 05_Nov_1115_Roshin_LFYD}, bundleID: com.androidsample.generalstore, bundleId: com.androidsample.generalstore, chromedriverPort: 18085, chromedriverPorts: [[18155, 18165]], deviceName: pixel 8 pro emulator, disableSuppressAccessibilityService: true, goog:chromeOptions: {}, nativeWebScreenshot: true, newCommandTimeout: 0, platformName: Android, skipServerInstallation: true, systemPort: 8205, udid: R5CT3130P8X}, appium:deviceApiLevel: 31, appium:deviceManufacturer: samsung, appium:deviceModel: SM-S908E, appium:deviceName: R5CT3130P8X, appium:deviceScreenDensity: 450, appium:deviceScreenSize: 1080x2316, appium:deviceUDID: R5CT3130P8X, appium:disableSuppressAccessibilityService: true, appium:javascriptEnabled: true, appium:locationContextEnabled: false, appium:nativeWebScreenshot: true, appium:networkConnectionEnabled: true, appium:newCommandTimeout: 0, appium:optimalHubUrl: hub-aps.browserstack.com, appium:pixelRatio: 2.8125, appium:platformVersion: 12, appium:skipServerInstallation: true, appium:statBarHeight: 75, appium:systemPort: 8205, appium:takesScreenshot: true, appium:udid: R5CT3130P8X, appium:viewportRect: {height: 2031, left: 0, top: 75, width: 1080}, appium:warnings: {}, appium:webStorageEnabled: false, bstack:options: {buildIdentifier: #4, hostName: Roshin, localIdentifier: 05_Nov_1115_Roshin_LFYD}, goog:chromeOptions: {}, platformName: ANDROID} Session ID: 3a464012b310f0f2b5ad0189e72de032a97eb4ae\"},\"platformVersion\":\"12.0\",\"deviceName\":\"Samsung Galaxy S22 Ultra\"},{\"tests\":{\"MargoExpress.Mobile.Ecommerce_Tc_4_Hybrid-verifyProductsAddedinCart\":\"Unknown mobile command \\\"longClickGesture\\\". Only shell,scrollBackTo,viewportScreenshot,deepLink,startLogsBroadcast,stopLogsBroadcast,acceptAlert,dismissAlert,batteryInfo,deviceInfo,changePermissions,getPermissions,performEditorAction,startScreenStreaming,stopScreenStreaming,getNotifications,listSms,type commands are supported. Build info: version: '4.26.0', revision: '8ccf0219d7' System info: os.name: 'Windows 11', os.arch: 'amd64', os.version: '10.0', java.version: '21.0.3' Driver info: io.appium.java_client.android.AndroidDriver Command: [0d276928f6037cbd6a0f4f6f1c675c8bf4844fa9, executeScript {args=[{elementId=7809e265-00ef-4f4a-9b1e-0805d19a0ad9, duration=2000}], script=mobile: longClickGesture}] Capabilities {appium:appActivity: com.androidsample.generalst..., appium:appPackage: com.androidsample.generalstore, appium:automationName: uiautomator2, appium:bundleID: com.androidsample.generalstore, appium:bundleId: com.androidsample.generalstore, appium:chromedriverPort: 18081, appium:chromedriverPorts: [[18111, 18121]], appium:databaseEnabled: false, appium:desired: {appActivity: com.androidsample.generalst..., appPackage: com.androidsample.generalstore, automationName: uiautomator2, bstack:options: {buildIdentifier: #4, hostName: Roshin, localIdentifier: 05_Nov_1115_Roshin_LFYD}, bundleID: com.androidsample.generalstore, bundleId: com.androidsample.generalstore, chromedriverPort: 18081, chromedriverPorts: [[18111, 18121]], deviceName: pixel 8 pro emulator, disableSuppressAccessibilityService: true, goog:chromeOptions: {}, nativeWebScreenshot: true, newCommandTimeout: 0, platformName: Android, skipServerInstallation: true, systemPort: 8201, udid: R5CRA1WXY7P}, appium:deviceApiLevel: 30, appium:deviceManufacturer: samsung, appium:deviceModel: SM-G991B, appium:deviceName: R5CRA1WXY7P, appium:deviceScreenDensity: 480, appium:deviceScreenSize: 1080x2400, appium:deviceUDID: R5CRA1WXY7P, appium:disableSuppressAccessibilityService: true, appium:javascriptEnabled: true, appium:locationContextEnabled: false, appium:nativeWebScreenshot: true, appium:networkConnectionEnabled: true, appium:newCommandTimeout: 0, appium:optimalHubUrl: hub-aps.browserstack.com, appium:pixelRatio: 3, appium:platformVersion: 11, appium:skipServerInstallation: true, appium:statBarHeight: 79, appium:systemPort: 8201, appium:takesScreenshot: true, appium:udid: R5CRA1WXY7P, appium:viewportRect: {height: 2097, left: 0, top: 79, width: 1080}, appium:warnings: {}, appium:webStorageEnabled: false, bstack:options: {buildIdentifier: #4, hostName: Roshin, localIdentifier: 05_Nov_1115_Roshin_LFYD}, goog:chromeOptions: {}, platformName: ANDROID} Session ID: 0d276928f6037cbd6a0f4f6f1c675c8bf4844fa9\"},\"platformVersion\":\"11.0\",\"deviceName\":\"Samsung Galaxy S21\"},{\"tests\":{\"MargoExpress.Mobile.Ecommerce_Tc_4_Hybrid-verifyProductsAddedinCart\":\"Unknown mobile command \\\"longClickGesture\\\". Only shell,scrollBackTo,viewportScreenshot,deepLink,startLogsBroadcast,stopLogsBroadcast,acceptAlert,dismissAlert,batteryInfo,deviceInfo,changePermissions,getPermissions,performEditorAction,startScreenStreaming,stopScreenStreaming,getNotifications,listSms,type commands are supported. Build info: version: '4.26.0', revision: '8ccf0219d7' System info: os.name: 'Windows 11', os.arch: 'amd64', os.version: '10.0', java.version: '21.0.3' Driver info: io.appium.java_client.android.AndroidDriver Command: [528b8788a36bc81f2487765e14c0bbb0017e4556, executeScript {args=[{elementId=03b4ee96-f483-46a6-acbb-1b443614d73d, duration=2000}], script=mobile: longClickGesture}] Capabilities {appium:appActivity: com.androidsample.generalst..., appium:appPackage: com.androidsample.generalstore, appium:automationName: uiautomator2, appium:bundleID: com.androidsample.generalstore, appium:bundleId: com.androidsample.generalstore, appium:chromedriverPort: 18080, appium:chromedriverPorts: [[18100, 18110]], appium:databaseEnabled: false, appium:desired: {appActivity: com.androidsample.generalst..., appPackage: com.androidsample.generalstore, automationName: uiautomator2, bstack:options: {buildIdentifier: #4, hostName: Roshin, localIdentifier: 05_Nov_1115_Roshin_LFYD}, bundleID: com.androidsample.generalstore, bundleId: com.androidsample.generalstore, chromedriverPort: 18080, chromedriverPorts: [[18100, 18110]], deviceName: pixel 8 pro emulator, disableSuppressAccessibilityService: true, goog:chromeOptions: {}, nativeWebScreenshot: true, newCommandTimeout: 0, platformName: Android, skipServerInstallation: true, systemPort: 8200, udid: 24011FDEE005P2}, appium:deviceApiLevel: 31, appium:deviceManufacturer: Google, appium:deviceModel: Pixel 6 Pro, appium:deviceName: 24011FDEE005P2, appium:deviceScreenDensity: 560, appium:deviceScreenSize: 1440x3120, appium:deviceUDID: 24011FDEE005P2, appium:disableSuppressAccessibilityService: true, appium:javascriptEnabled: true, appium:locationContextEnabled: false, appium:nativeWebScreenshot: true, appium:networkConnectionEnabled: true, appium:newCommandTimeout: 0, appium:optimalHubUrl: hub-aps.browserstack.com, appium:pixelRatio: 3.5, appium:platformVersion: 12, appium:skipServerInstallation: true, appium:statBarHeight: 145, appium:systemPort: 8200, appium:takesScreenshot: true, appium:udid: 24011FDEE005P2, appium:viewportRect: {height: 2789, left: 0, top: 145, width: 1440}, appium:warnings: {}, appium:webStorageEnabled: false, bstack:options: {buildIdentifier: #4, hostName: Roshin, localIdentifier: 05_Nov_1115_Roshin_LFYD}, goog:chromeOptions: {}, platformName: ANDROID} Session ID: 528b8788a36bc81f2487765e14c0bbb0017e4556\"},\"platformVersion\":\"12.0\",\"deviceName\":\"Google Pixel 6 Pro\"}]","testhub_uuid":"5gf8c636fgoouh00itr5lovi6sdqnoutk7boe4bs","detectedAppiumVersion":"null","productMap":{"app_automate":true,"accessibility":false,"automate":false,"percy":false,"observability":true,"turboscale":false},"hostname":"Roshin","measures":{"percy:start":790,"local:start":8866,"sdk:setup":16719},"productUsage":{"testObservability":{"buildHashedId":"5gf8c636fgoouh00itr5lovi6sdqnoutk7boe4bs","manuallySet":false,"enabled":true,"events":{"hookEvents":{"started":{"errors":[],"triggeredCount":6,"failedCount":0,"sentCount":6},"finished":{"triggeredCount":6,"failedCount":0,"errors":[],"sentCount":5},"passed":{"errors":[],"triggeredCount":6,"failedCount":0,"sentCount":5}},"logEvents":{"errors":[],"triggeredCount":163,"failedCount":0,"sentCount":163,"log":{"errors":[],"triggeredCount":163,"failedCount":0,"sentCount":163}},"testEvents":{"started":{"errors":[],"triggeredCount":9,"failedCount":0,"sentCount":9},"finished":{"triggeredCount":9,"failedCount":0,"errors":[],"sentCount":9},"failed":{"errors":[],"triggeredCount":3,"failedCount":0,"sentCount":3},"passed":{"errors":[],"triggeredCount":6,"failedCount":0,"sentCount":6}},"batchEvents":{"triggeredCount":9,"failedCount":0,"errors":[],"sentCount":9},"cbtSessionEvents":{"errors":[],"triggeredCount":0,"failedCount":0,"sentCount":0},"buildEvents":{"started":{"error":null,"triggered":true,"status":"success"},"finished":{"error":null,"triggered":null,"status":null}}}}},"browserStackConfig":{"browserstackLocal":true,"percy":false,"logLevel":"info","staticWebDriver":true,"autoDetectFramework":true,"percyCaptureMode":"MANUAL","browserStackLocalOptions":{"localIdentifier":"05_Nov_1115_Roshin_LFYD","key":"****"},"percyOptions":{},"testContextOptions":{"skipSessionStatus":false,"serenityOverridePlugin":false,"skipSessionName":false},"platforms":[{"browserVersion":null,"osVersion":null,"capabilities":{"platformVersion":12.0,"platformName":"android","deviceName":"Samsung Galaxy S22 Ultra"},"browser":null,"device":"Samsung Galaxy S22 Ultra","os":null,"platformCaps":{"platformVersion":12.0,"platformName":"android","deviceName":"Samsung Galaxy S22 Ultra"},"platformString":"Samsung Galaxy S22 Ultra, 12.0","customVariables":"****"},{"browserVersion":null,"osVersion":null,"capabilities":{"platformVersion":11.0,"platformName":"android","deviceName":"Samsung Galaxy S21"},"browser":null,"device":"Samsung Galaxy S21","os":null,"platformCaps":{"platformVersion":11.0,"platformName":"android","deviceName":"Samsung Galaxy S21"},"platformString":"Samsung Galaxy S21, 11.0","customVariables":"****"},{"browserVersion":null,"osVersion":null,"capabilities":{"platformVersion":12.0,"platformName":"android","deviceName":"Google Pixel 6 Pro"},"browser":null,"device":"Google Pixel 6 Pro","os":null,"platformCaps":{"platformVersion":12.0,"platformName":"android","deviceName":"Google Pixel 6 Pro"},"platformString":"Google Pixel 6 Pro, 12.0","customVariables":"****"}],"parallelsPerPlatform":1,"framework":"testng","accessibility":false,"accessibilityOptions":{},"turboScaleOptions":{},"disableAutoCaptureLogs":true,"testObservability":true,"browserstackAutomation":true,"turboScale":false,"testObservabilityOptions":{},"gradleMConfig":null,"proxySettings":null},"percyBuildId":null,"product":"[app-automate, observability]","buildName":"browserstack build","os":"Windows 11","languageVersion":"21.0.3","appiumVersion":"9.3.0","frameworkDetectionInstrumentation":{"parseLoadClass":19,"ret-org.openqa.selenium.remote.RemoteWebDriver":502,"retransformClasses":504,"parseDependencies":33},"userFramework":"testng","detectedDependencies":"testng","referrer":"testng-javaagent\/1.26.4","locationTrigger":"onFinish","language_framework":"java_testng","detectedFramework":"testng","testOrchestration":{"abortBuildOnFailure":{"enabled":false},"retryTestsOnFailure":{"enabled":false},"userConfig":{}},"detectedSeleniumVersion":"4.26.0","seleniumVersion":"4.26.0"}}
11:16:38.782 [teardown@2] DEBUG c.b.utils.FunnelInstrumentation - API Event SDKTestSuccessful response - {"message":"SDK Event recorded successfully"}
11:16:38.783 [teardown@2] DEBUG c.browserstack.utils.LogReportingAPI - sendSync failed - driver not alive
11:16:38.783 [teardown@2] DEBUG com.browserstack.testOps.Listener - [ TESTHUB ] Processing Request Kind LogCreated
11:16:38.783 [teardown@2] DEBUG com.browserstack.testOps.Listener - [ TESTHUB ] Processing Request Kind LogCreated
11:16:38.784 [teardown@2] DEBUG com.browserstack.testOps.Listener - [ TESTHUB ] Processing Request Kind LogCreated
11:16:38.784 [teardown@2] DEBUG com.browserstack.testOps.Listener - [ TESTHUB ] Processing Request Kind LogCreated
11:16:38.808 [main] DEBUG com.browserstack.testOps.Listener - [ TESTHUB ] Processing Request Kind LogCreated
11:16:38.910 [main] DEBUG com.browserstack.testOps.Listener - [ TESTHUB ] Processing Request Kind LogCreated
11:16:38.912 [main] DEBUG com.browserstack.testOps.Listener - [ TESTHUB ] Processing Request Kind LogCreated
11:16:38.912 [main] DEBUG com.browserstack.testOps.Listener - [ TESTHUB ] Processing Request Kind LogCreated
11:16:38.913 [main] DEBUG com.browserstack.testOps.Listener - [ TESTHUB ] Processing Request Kind LogCreated
11:16:38.913 [main] DEBUG com.browserstack.testOps.Listener - [ TESTHUB ] Processing Request Kind LogCreated
11:16:38.914 [main] DEBUG com.browserstack.testOps.Listener - [ TESTHUB ] Processing Request Kind LogCreated
11:16:38.914 [main] DEBUG com.browserstack.testOps.Listener - [ TESTHUB ] Processing Request Kind LogCreated
11:16:38.914 [main] DEBUG com.browserstack.testOps.Listener - [ TESTHUB ] Processing Request Kind LogCreated
11:16:38.924 [main] DEBUG com.browserstack.testOps.Listener - [ TESTHUB ] Processing Request Kind LogCreated
11:16:38.925 [main] DEBUG com.browserstack.testOps.Listener - [ TESTHUB ] Processing Request Kind LogCreated
11:16:38.925 [main] DEBUG com.browserstack.testOps.Listener - [ TESTHUB ] Processing Request Kind LogCreated
11:16:38.926 [main] DEBUG com.browserstack.testOps.Listener - [ TESTHUB ] Processing Request Kind LogCreated
11:16:38.927 [main] DEBUG com.browserstack.testOps.Listener - [ TESTHUB ] Processing Request Kind LogCreated
11:16:38.927 [main] DEBUG com.browserstack.testOps.Listener - [ TESTHUB ] Processing Request Kind LogCreated
11:16:38.927 [main] DEBUG com.browserstack.testOps.Listener - [ TESTHUB ] Processing Request Kind LogCreated
11:16:38.928 [main] DEBUG com.browserstack.testOps.Listener - [ TESTHUB ] Processing Request Kind LogCreated
11:16:38.928 [main] DEBUG com.browserstack.testOps.Listener - [ TESTHUB ] Processing Request Kind LogCreated
11:16:38.928 [main] DEBUG com.browserstack.testOps.Listener - [ TESTHUB ] Processing Request Kind LogCreated
11:16:38.928 [main] DEBUG com.browserstack.testOps.Listener - [ TESTHUB ] Processing Request Kind LogCreated
11:16:38.930 [main] DEBUG com.browserstack.testOps.Listener - [ TESTHUB ] Processing Request Kind LogCreated
11:16:38.930 [main] DEBUG com.browserstack.testOps.Listener - [ TESTHUB ] Processing Request Kind LogCreated
11:16:38.930 [main] DEBUG com.browserstack.testOps.Listener - [ TESTHUB ] Processing Request Kind LogCreated
11:16:38.947 [main] DEBUG com.browserstack.testOps.Listener - [ TESTHUB ] Processing Request Kind LogCreated
11:16:38.978 [main] DEBUG com.browserstack.testOps.Listener - [ TESTHUB ] Processing Request Kind LogCreated
11:16:39.007 [main] DEBUG com.browserstack.testOps.Listener - [ TESTHUB ] Processing Request Kind LogCreated
11:16:39.030 [main] DEBUG com.browserstack.testOps.Listener - [ TESTHUB ] Processing Request Kind LogCreated
11:16:39.031 [main] DEBUG com.browserstack.testOps.Listener - [ TESTHUB ] Processing Request Kind LogCreated
11:16:39.033 [Thread-0] DEBUG c.browserstack.BrowserStackJavaAgent - Starting final execution
11:16:39.034 [Thread-0] DEBUG c.b.u.ObservabilityUtilityMethods - Processing batch requests with type: Global
11:16:39.035 [Thread-0] DEBUG c.browserstack.utils.LogReportingAPI - [2024-11-05T07:16:39.034703500Z][ OBSERVABILITY ] Processing stop observability
11:16:39.035 [pool-5-thread-1] DEBUG c.browserstack.utils.RequestBatcher - Processing Batch 33

11:16:39.036 [pool-5-thread-1] DEBUG c.browserstack.testOps.RequestUtils - [requestToTestOps] Sending Observability request: POST api/v1/batch with request size 14508
11:16:39.038 [pool-5-thread-1] DEBUG c.browserstack.testOps.RequestUtils - [makeRequest] Sending request: POST https://collector-observability.browserstack.com/api/v1/batch with request size 14508
11:16:39.273 [pool-5-thread-1] DEBUG c.browserstack.testOps.RequestUtils - [makeRequest]: Response code: 200
11:16:39.273 [pool-5-thread-1] DEBUG c.browserstack.testOps.RequestUtils - requestToTestOps: Response code: 200
11:16:39.274 [pool-5-thread-1] DEBUG c.browserstack.utils.LogReportingAPI - 
[2024-11-05T07:16:39.273252800Z][ TESTHUB ] Batch event successfull!

11:16:39.275 [Thread-0] DEBUG c.browserstack.testOps.RequestUtils - [ TESTHUB ] Processing Request Kind stopBuildUpstream
11:16:39.275 [Thread-0] DEBUG c.browserstack.testOps.RequestUtils - [requestToTestOps] Sending Observability request: PUT api/v1/builds/5gf8c636fgoouh00itr5lovi6sdqnoutk7boe4bs/stop with request size 65
11:16:39.275 [Thread-0] DEBUG c.browserstack.testOps.RequestUtils - [makeRequest] Sending request: PUT https://collector-observability.browserstack.com/api/v1/builds/5gf8c636fgoouh00itr5lovi6sdqnoutk7boe4bs/stop with request size 65
11:16:39.496 [Thread-0] DEBUG c.browserstack.testOps.RequestUtils - [makeRequest]: Response code: 200
11:16:39.498 [Thread-0] DEBUG c.browserstack.testOps.RequestUtils - requestToTestOps: Response code: 200
11:16:39.498 [Thread-0] DEBUG com.browserstack.testOps.Listener - Testhub stop response: 
11:16:42.932 [Thread-0] DEBUG c.b.utils.FunnelInstrumentation - Unable to parse data from processes. Exception: Unexpected token END OF FILE at position 0.
	at browserstack.shaded.org.json.simple.parser.JSONParser.parse(Unknown Source)
	at browserstack.shaded.org.json.simple.parser.JSONParser.parse(Unknown Source)
	at browserstack.shaded.org.json.simple.parser.JSONParser.parse(Unknown Source)
	at com.browserstack.utils.FunnelInstrumentation.getFormattedDataFromProcesses(Unknown Source)
	at com.browserstack.utils.FunnelInstrumentation.createParamsForEvent(Unknown Source)
	at com.browserstack.utils.FunnelInstrumentation.sendSDKEvent(Unknown Source)
	at com.browserstack.BrowserStackJavaAgent$FinalExecution.run(Unknown Source)

11:16:42.932 [Thread-0] DEBUG com.browserstack.testOps.UsageStats - getFormattedData: Collecting data for TestObservability
11:16:42.932 [Thread-0] DEBUG com.browserstack.testOps.UsageStats - getEventStats: Getting event data for TestObservability
11:16:42.933 [Thread-0] DEBUG com.browserstack.testOps.UsageStats - [OBSERVABILITY] Failed to parse data from workers
11:16:42.942 [Thread-0] DEBUG c.b.utils.FunnelInstrumentation - Sending funnel data for SDKTestSuccessful with data: {"event_type":"SDKTestSuccessful","accessKey":"1XSLBqNLYzWiPhqyqy9L","userName":"roshinsurendran_Sh2ZAM","event_properties":{"isPercyAutoEnabled":false,"language":"java","sdkRunId":"c0316e5c-b209-418d-a670-ce358f64bd0e","buildIdentifier":"#4","error":"[{\"tests\":{\"MargoExpress.Mobile.Ecommerce_Tc_4_Hybrid-verifyProductsAddedinCart\":\"Unknown mobile command \\\"longClickGesture\\\". Only shell,scrollBackTo,viewportScreenshot,deepLink,startLogsBroadcast,stopLogsBroadcast,acceptAlert,dismissAlert,batteryInfo,deviceInfo,changePermissions,getPermissions,performEditorAction,startScreenStreaming,stopScreenStreaming,getNotifications,listSms,type commands are supported. Build info: version: '4.26.0', revision: '8ccf0219d7' System info: os.name: 'Windows 11', os.arch: 'amd64', os.version: '10.0', java.version: '21.0.3' Driver info: io.appium.java_client.android.AndroidDriver Command: [3a464012b310f0f2b5ad0189e72de032a97eb4ae, executeScript {args=[{elementId=4d1ff8d3-34c5-4d89-bb73-51b7fd245648, duration=2000}], script=mobile: longClickGesture}] Capabilities {appium:appActivity: com.androidsample.generalst..., appium:appPackage: com.androidsample.generalstore, appium:automationName: uiautomator2, appium:bundleID: com.androidsample.generalstore, appium:bundleId: com.androidsample.generalstore, appium:chromedriverPort: 18085, appium:chromedriverPorts: [[18155, 18165]], appium:databaseEnabled: false, appium:desired: {appActivity: com.androidsample.generalst..., appPackage: com.androidsample.generalstore, automationName: uiautomator2, bstack:options: {buildIdentifier: #4, hostName: Roshin, localIdentifier: 05_Nov_1115_Roshin_LFYD}, bundleID: com.androidsample.generalstore, bundleId: com.androidsample.generalstore, chromedriverPort: 18085, chromedriverPorts: [[18155, 18165]], deviceName: pixel 8 pro emulator, disableSuppressAccessibilityService: true, goog:chromeOptions: {}, nativeWebScreenshot: true, newCommandTimeout: 0, platformName: Android, skipServerInstallation: true, systemPort: 8205, udid: R5CT3130P8X}, appium:deviceApiLevel: 31, appium:deviceManufacturer: samsung, appium:deviceModel: SM-S908E, appium:deviceName: R5CT3130P8X, appium:deviceScreenDensity: 450, appium:deviceScreenSize: 1080x2316, appium:deviceUDID: R5CT3130P8X, appium:disableSuppressAccessibilityService: true, appium:javascriptEnabled: true, appium:locationContextEnabled: false, appium:nativeWebScreenshot: true, appium:networkConnectionEnabled: true, appium:newCommandTimeout: 0, appium:optimalHubUrl: hub-aps.browserstack.com, appium:pixelRatio: 2.8125, appium:platformVersion: 12, appium:skipServerInstallation: true, appium:statBarHeight: 75, appium:systemPort: 8205, appium:takesScreenshot: true, appium:udid: R5CT3130P8X, appium:viewportRect: {height: 2031, left: 0, top: 75, width: 1080}, appium:warnings: {}, appium:webStorageEnabled: false, bstack:options: {buildIdentifier: #4, hostName: Roshin, localIdentifier: 05_Nov_1115_Roshin_LFYD}, goog:chromeOptions: {}, platformName: ANDROID} Session ID: 3a464012b310f0f2b5ad0189e72de032a97eb4ae\"},\"platformVersion\":\"12.0\",\"deviceName\":\"Samsung Galaxy S22 Ultra\"},{\"tests\":{\"MargoExpress.Mobile.Ecommerce_Tc_4_Hybrid-verifyProductsAddedinCart\":\"Unknown mobile command \\\"longClickGesture\\\". Only shell,scrollBackTo,viewportScreenshot,deepLink,startLogsBroadcast,stopLogsBroadcast,acceptAlert,dismissAlert,batteryInfo,deviceInfo,changePermissions,getPermissions,performEditorAction,startScreenStreaming,stopScreenStreaming,getNotifications,listSms,type commands are supported. Build info: version: '4.26.0', revision: '8ccf0219d7' System info: os.name: 'Windows 11', os.arch: 'amd64', os.version: '10.0', java.version: '21.0.3' Driver info: io.appium.java_client.android.AndroidDriver Command: [0d276928f6037cbd6a0f4f6f1c675c8bf4844fa9, executeScript {args=[{elementId=7809e265-00ef-4f4a-9b1e-0805d19a0ad9, duration=2000}], script=mobile: longClickGesture}] Capabilities {appium:appActivity: com.androidsample.generalst..., appium:appPackage: com.androidsample.generalstore, appium:automationName: uiautomator2, appium:bundleID: com.androidsample.generalstore, appium:bundleId: com.androidsample.generalstore, appium:chromedriverPort: 18081, appium:chromedriverPorts: [[18111, 18121]], appium:databaseEnabled: false, appium:desired: {appActivity: com.androidsample.generalst..., appPackage: com.androidsample.generalstore, automationName: uiautomator2, bstack:options: {buildIdentifier: #4, hostName: Roshin, localIdentifier: 05_Nov_1115_Roshin_LFYD}, bundleID: com.androidsample.generalstore, bundleId: com.androidsample.generalstore, chromedriverPort: 18081, chromedriverPorts: [[18111, 18121]], deviceName: pixel 8 pro emulator, disableSuppressAccessibilityService: true, goog:chromeOptions: {}, nativeWebScreenshot: true, newCommandTimeout: 0, platformName: Android, skipServerInstallation: true, systemPort: 8201, udid: R5CRA1WXY7P}, appium:deviceApiLevel: 30, appium:deviceManufacturer: samsung, appium:deviceModel: SM-G991B, appium:deviceName: R5CRA1WXY7P, appium:deviceScreenDensity: 480, appium:deviceScreenSize: 1080x2400, appium:deviceUDID: R5CRA1WXY7P, appium:disableSuppressAccessibilityService: true, appium:javascriptEnabled: true, appium:locationContextEnabled: false, appium:nativeWebScreenshot: true, appium:networkConnectionEnabled: true, appium:newCommandTimeout: 0, appium:optimalHubUrl: hub-aps.browserstack.com, appium:pixelRatio: 3, appium:platformVersion: 11, appium:skipServerInstallation: true, appium:statBarHeight: 79, appium:systemPort: 8201, appium:takesScreenshot: true, appium:udid: R5CRA1WXY7P, appium:viewportRect: {height: 2097, left: 0, top: 79, width: 1080}, appium:warnings: {}, appium:webStorageEnabled: false, bstack:options: {buildIdentifier: #4, hostName: Roshin, localIdentifier: 05_Nov_1115_Roshin_LFYD}, goog:chromeOptions: {}, platformName: ANDROID} Session ID: 0d276928f6037cbd6a0f4f6f1c675c8bf4844fa9\"},\"platformVersion\":\"11.0\",\"deviceName\":\"Samsung Galaxy S21\"},{\"tests\":{\"MargoExpress.Mobile.Ecommerce_Tc_4_Hybrid-verifyProductsAddedinCart\":\"Unknown mobile command \\\"longClickGesture\\\". Only shell,scrollBackTo,viewportScreenshot,deepLink,startLogsBroadcast,stopLogsBroadcast,acceptAlert,dismissAlert,batteryInfo,deviceInfo,changePermissions,getPermissions,performEditorAction,startScreenStreaming,stopScreenStreaming,getNotifications,listSms,type commands are supported. Build info: version: '4.26.0', revision: '8ccf0219d7' System info: os.name: 'Windows 11', os.arch: 'amd64', os.version: '10.0', java.version: '21.0.3' Driver info: io.appium.java_client.android.AndroidDriver Command: [528b8788a36bc81f2487765e14c0bbb0017e4556, executeScript {args=[{elementId=03b4ee96-f483-46a6-acbb-1b443614d73d, duration=2000}], script=mobile: longClickGesture}] Capabilities {appium:appActivity: com.androidsample.generalst..., appium:appPackage: com.androidsample.generalstore, appium:automationName: uiautomator2, appium:bundleID: com.androidsample.generalstore, appium:bundleId: com.androidsample.generalstore, appium:chromedriverPort: 18080, appium:chromedriverPorts: [[18100, 18110]], appium:databaseEnabled: false, appium:desired: {appActivity: com.androidsample.generalst..., appPackage: com.androidsample.generalstore, automationName: uiautomator2, bstack:options: {buildIdentifier: #4, hostName: Roshin, localIdentifier: 05_Nov_1115_Roshin_LFYD}, bundleID: com.androidsample.generalstore, bundleId: com.androidsample.generalstore, chromedriverPort: 18080, chromedriverPorts: [[18100, 18110]], deviceName: pixel 8 pro emulator, disableSuppressAccessibilityService: true, goog:chromeOptions: {}, nativeWebScreenshot: true, newCommandTimeout: 0, platformName: Android, skipServerInstallation: true, systemPort: 8200, udid: 24011FDEE005P2}, appium:deviceApiLevel: 31, appium:deviceManufacturer: Google, appium:deviceModel: Pixel 6 Pro, appium:deviceName: 24011FDEE005P2, appium:deviceScreenDensity: 560, appium:deviceScreenSize: 1440x3120, appium:deviceUDID: 24011FDEE005P2, appium:disableSuppressAccessibilityService: true, appium:javascriptEnabled: true, appium:locationContextEnabled: false, appium:nativeWebScreenshot: true, appium:networkConnectionEnabled: true, appium:newCommandTimeout: 0, appium:optimalHubUrl: hub-aps.browserstack.com, appium:pixelRatio: 3.5, appium:platformVersion: 12, appium:skipServerInstallation: true, appium:statBarHeight: 145, appium:systemPort: 8200, appium:takesScreenshot: true, appium:udid: 24011FDEE005P2, appium:viewportRect: {height: 2789, left: 0, top: 145, width: 1440}, appium:warnings: {}, appium:webStorageEnabled: false, bstack:options: {buildIdentifier: #4, hostName: Roshin, localIdentifier: 05_Nov_1115_Roshin_LFYD}, goog:chromeOptions: {}, platformName: ANDROID} Session ID: 528b8788a36bc81f2487765e14c0bbb0017e4556\"},\"platformVersion\":\"12.0\",\"deviceName\":\"Google Pixel 6 Pro\"}]","testhub_uuid":"5gf8c636fgoouh00itr5lovi6sdqnoutk7boe4bs","detectedAppiumVersion":"null","productMap":{"app_automate":true,"accessibility":false,"automate":false,"percy":false,"observability":true,"turboscale":false},"hostname":"Roshin","measures":{"percy:start":790,"local:start":8866,"sdk:setup":16719,"percy:stop":0,"local:stop":3430},"productUsage":{"testObservability":{"buildHashedId":"5gf8c636fgoouh00itr5lovi6sdqnoutk7boe4bs","manuallySet":false,"enabled":true,"events":{"hookEvents":{"started":{"errors":[],"triggeredCount":6,"failedCount":0,"sentCount":6},"finished":{"triggeredCount":6,"failedCount":0,"errors":[],"sentCount":6},"passed":{"errors":[],"triggeredCount":6,"failedCount":0,"sentCount":6}},"logEvents":{"errors":[],"triggeredCount":195,"failedCount":0,"sentCount":195,"log":{"errors":[],"triggeredCount":195,"failedCount":0,"sentCount":195}},"testEvents":{"started":{"errors":[],"triggeredCount":9,"failedCount":0,"sentCount":9},"finished":{"triggeredCount":9,"failedCount":0,"errors":[],"sentCount":9},"failed":{"errors":[],"triggeredCount":3,"failedCount":0,"sentCount":3},"passed":{"errors":[],"triggeredCount":6,"failedCount":0,"sentCount":6}},"batchEvents":{"triggeredCount":10,"failedCount":0,"errors":[],"sentCount":10},"cbtSessionEvents":{"errors":[],"triggeredCount":0,"failedCount":0,"sentCount":0},"buildEvents":{"started":{"error":null,"triggered":true,"status":"success"},"finished":{"error":null,"triggered":true,"status":"success"}}}}},"browserStackConfig":{"browserstackLocal":true,"percy":false,"logLevel":"info","staticWebDriver":true,"autoDetectFramework":true,"percyCaptureMode":"MANUAL","browserStackLocalOptions":{"localIdentifier":"05_Nov_1115_Roshin_LFYD","key":"****"},"percyOptions":{},"testContextOptions":{"skipSessionStatus":false,"serenityOverridePlugin":false,"skipSessionName":false},"platforms":[{"browserVersion":null,"osVersion":null,"capabilities":{"platformVersion":12.0,"platformName":"android","deviceName":"Samsung Galaxy S22 Ultra"},"browser":null,"device":"Samsung Galaxy S22 Ultra","os":null,"platformCaps":{"platformVersion":12.0,"platformName":"android","deviceName":"Samsung Galaxy S22 Ultra"},"platformString":"Samsung Galaxy S22 Ultra, 12.0","customVariables":"****"},{"browserVersion":null,"osVersion":null,"capabilities":{"platformVersion":11.0,"platformName":"android","deviceName":"Samsung Galaxy S21"},"browser":null,"device":"Samsung Galaxy S21","os":null,"platformCaps":{"platformVersion":11.0,"platformName":"android","deviceName":"Samsung Galaxy S21"},"platformString":"Samsung Galaxy S21, 11.0","customVariables":"****"},{"browserVersion":null,"osVersion":null,"capabilities":{"platformVersion":12.0,"platformName":"android","deviceName":"Google Pixel 6 Pro"},"browser":null,"device":"Google Pixel 6 Pro","os":null,"platformCaps":{"platformVersion":12.0,"platformName":"android","deviceName":"Google Pixel 6 Pro"},"platformString":"Google Pixel 6 Pro, 12.0","customVariables":"****"}],"parallelsPerPlatform":1,"framework":"testng","accessibility":false,"accessibilityOptions":{},"turboScaleOptions":{},"disableAutoCaptureLogs":true,"testObservability":true,"browserstackAutomation":true,"turboScale":false,"testObservabilityOptions":{},"gradleMConfig":null,"proxySettings":null},"percyBuildId":null,"product":"[app-automate, observability]","buildName":"browserstack build","os":"Windows 11","languageVersion":"21.0.3","appiumVersion":"9.3.0","frameworkDetectionInstrumentation":{"parseLoadClass":19,"ret-org.openqa.selenium.remote.RemoteWebDriver":502,"retransformClasses":504,"parseDependencies":33},"userFramework":"testng","detectedDependencies":"testng","referrer":"testng-javaagent\/1.26.4","locationTrigger":"BSTACK_BUILD_END","language_framework":"java_testng","detectedFramework":"testng","testOrchestration":{"abortBuildOnFailure":{"enabled":false},"retryTestsOnFailure":{"enabled":false},"userConfig":{}},"detectedSeleniumVersion":"4.26.0","seleniumVersion":"4.26.0"}}
11:16:43.507 [Thread-0] DEBUG c.b.utils.FunnelInstrumentation - API Event SDKTestSuccessful response - {"message":"SDK Event recorded successfully"}
11:16:44.927 [Thread-0] DEBUG c.browserstack.utils.UtilityMethods - Browserstack Gradle Config File does not exist.
11:16:45.485 [Thread-0] DEBUG c.browserstack.utils.UtilityMethods - Server side buildName(browserstack build  4) is not same as client side buildName(browserstack build #4)
11:17:03.005 [main] DEBUG c.b.config.BrowserStackConfig - Cli Config passed - {}
11:17:03.618 [main] DEBUG c.b.logger.BrowserstackLoggerFactory - Log Level set to TRACE for logger com.browserstack
11:17:03.619 [main] DEBUG c.b.logger.BrowserstackLoggerFactory - Log Level set to INFO for logger stdoutPrinter
11:17:03.727 [main] DEBUG c.b.utils.FrameworkDetectionUtils - Java command - org.testng.remote.RemoteTestNG -serport 59630 -protocol json -d C:\Users\xps\eclipse-workspace\Mobile\test-output C:\Users\xps\AppData\Local\Temp\testng-eclipse-870228310\testng-customsuite.xml
11:17:03.728 [main] DEBUG c.b.utils.FrameworkDetectionUtils - testng suite xml path C:\Users\xps\AppData\Local\Temp\testng-eclipse-870228310\testng-customsuite.xml
11:17:03.744 [main] DEBUG c.b.utils.FrameworkDetectionUtils - Test classes detected: MargoExpress.Mobile.Ecommerce_Tc_4_Hybrid
11:17:03.764 [main] DEBUG c.b.utils.FrameworkDetectionUtils - Runner: testng, Engine: none
11:17:03.793 [main] DEBUG c.b.utils.FrameworkDetectionUtils - Runner: testng, Engine: none from dependencies
11:17:03.793 [main] DEBUG c.b.utils.FrameworkDetectionUtils - Detected final framework as: testng
11:17:03.793 [main] DEBUG c.browserstack.BrowserStackJavaAgent - JavaAgent Version 1.26.4
11:17:03.800 [main] DEBUG c.b.utils.ExitSignalHandler - Registered handler for INT
11:17:03.801 [main] DEBUG c.b.utils.ExitSignalHandler - Registered handler for TERM
11:17:03.801 [main] DEBUG c.b.utils.ExitSignalHandler - Unable to attach signal handler for HUP Unknown signal: HUP
11:17:03.801 [main] DEBUG c.b.utils.ExitSignalHandler - Registered handler for ABRT
11:17:04.603 [Thread-1] DEBUG c.browserstack.utils.UtilityMethods - NEXT HUBS ARE: ["hub-aps.browserstack.com","hub-euw.browserstack.com","hub-apse.browserstack.com"]
11:17:04.952 [main] DEBUG c.browserstack.utils.UtilityMethods - EXECUTION TIME OF hub-aps.browserstack.com HUB IS: 346ms
11:17:05.800 [main] DEBUG c.browserstack.utils.UtilityMethods - EXECUTION TIME OF hub-euw.browserstack.com HUB IS: 843ms
11:17:07.738 [main] DEBUG c.browserstack.utils.UtilityMethods - EXECUTION TIME OF hub-apse.browserstack.com HUB IS: 1937ms
11:17:07.742 [main] DEBUG c.browserstack.utils.UtilityMethods - NEAREST HUB ALLOCATED IS - hub-aps.browserstack.com
11:17:07.770 [main] DEBUG c.b.utils.FunnelInstrumentation - Sending funnel data for SDKTestAttempted with data: {"event_type":"SDKTestAttempted","accessKey":"1XSLBqNLYzWiPhqyqy9L","userName":"roshinsurendran_Sh2ZAM","event_properties":{"product":"[app-automate, observability]","buildName":"browserstack build","os":"Windows 11","languageVersion":"21.0.3","appiumVersion":"9.3.0","frameworkDetectionInstrumentation":{"parseLoadClass":17,"parseDependencies":29},"language":"java","sdkRunId":"90b1b6ee-7395-4c9d-8503-6e9a768fc702","buildIdentifier":"#5","userFramework":"testng","testhub_uuid":"","detectedAppiumVersion":"null","detectedDependencies":"testng","productMap":{"app_automate":true,"accessibility":false,"automate":false,"percy":false,"observability":true,"turboscale":false},"referrer":"testng-javaagent\/1.26.4","hostname":"Roshin","language_framework":"java_testng","detectedFramework":"testng","detectedSeleniumVersion":"4.26.0","seleniumVersion":"4.26.0"}}
11:17:08.559 [main] DEBUG c.b.utils.FunnelInstrumentation - API Event SDKTestAttempted response - {"message":"SDK Event recorded successfully"}
11:17:08.967 [main] DEBUG c.browserstack.testOps.RequestUtils - [ TESTHUB ] Processing Request Kind launchTestSession
11:17:08.968 [main] DEBUG c.browserstack.testOps.RequestUtils - [requestToTestOps] Sending Observability request: POST api/v2/builds with request size 1246
11:17:08.969 [main] DEBUG c.browserstack.testOps.RequestUtils - [makeRequest] Sending request: POST https://collector-observability.browserstack.com/api/v2/builds with request size 1246
11:17:09.905 [main] DEBUG c.browserstack.testOps.RequestUtils - [makeRequest]: Response code: 200
11:17:09.905 [main] DEBUG c.browserstack.testOps.RequestUtils - requestToTestOps: Response code: 200
11:17:09.905 [main] DEBUG com.browserstack.testOps.Listener - BROWSERSTACK_TESTHUB_UUID : 3ohpmky932giq0mw8rgxzjroi9bwjocotv9trxaq
11:17:09.905 [main] DEBUG com.browserstack.testOps.Listener - [ TESTHUB ] Build creation successfull
11:17:09.912 [main] DEBUG com.browserstack.PercyFactory - Fetching token for BrowserStack Sample
11:17:10.623 [main] DEBUG com.browserstack.LocalFactory - Starting BrowserStack Local with identifier 05_Nov_1117_Roshin_zcvy
11:17:18.202 [main] DEBUG c.b.t.XMLSuiteClassListener - Number of parallels - 3 and number of platforms - 3
11:17:18.482 [main] DEBUG com.browserstack.testOps.Listener - [ TESTHUB ] Processing Request Kind LogCreated
11:17:18.492 [main] DEBUG com.browserstack.testOps.Listener - [ TESTHUB ] Processing Request Kind LogCreated
11:17:18.494 [main] DEBUG com.browserstack.testOps.Listener - [ TESTHUB ] Processing Request Kind LogCreated
11:17:18.494 [main] DEBUG com.browserstack.testOps.Listener - [ TESTHUB ] Processing Request Kind LogCreated
11:17:18.495 [main] DEBUG com.browserstack.testOps.Listener - [ TESTHUB ] Processing Request Kind LogCreated
11:17:18.495 [main] DEBUG com.browserstack.testOps.Listener - [ TESTHUB ] Processing Request Kind LogCreated
11:17:18.496 [main] DEBUG com.browserstack.testOps.Listener - [ TESTHUB ] Processing Request Kind LogCreated
11:17:18.497 [main] DEBUG com.browserstack.testOps.Listener - [ TESTHUB ] Processing Request Kind LogCreated
11:17:18.507 [main] DEBUG com.browserstack.testOps.Listener - [ TESTHUB ] Processing Request Kind LogCreated
11:17:18.518 [main] DEBUG com.browserstack.testOps.Listener - [ TESTHUB ] Processing Request Kind LogCreated
11:17:18.519 [main] DEBUG com.browserstack.testOps.Listener - [ TESTHUB ] Processing Request Kind LogCreated
11:17:18.522 [main] DEBUG com.browserstack.testOps.Listener - [ TESTHUB ] Processing Request Kind LogCreated
11:17:18.522 [main] DEBUG com.browserstack.testOps.Listener - [ TESTHUB ] Processing Request Kind LogCreated
11:17:18.522 [main] DEBUG com.browserstack.testOps.Listener - [ TESTHUB ] Processing Request Kind LogCreated
11:17:18.523 [main] DEBUG com.browserstack.testOps.Listener - [ TESTHUB ] Processing Request Kind LogCreated
11:17:18.525 [main] DEBUG com.browserstack.testOps.Listener - [ TESTHUB ] Processing Request Kind LogCreated
11:17:18.525 [main] DEBUG com.browserstack.testOps.Listener - [ TESTHUB ] Processing Request Kind LogCreated
11:17:18.525 [main] DEBUG com.browserstack.testOps.Listener - [ TESTHUB ] Processing Request Kind LogCreated
11:17:18.526 [main] DEBUG com.browserstack.testOps.Listener - [ TESTHUB ] Processing Request Kind LogCreated
11:17:18.526 [main] DEBUG com.browserstack.testOps.Listener - [ TESTHUB ] Processing Request Kind LogCreated
11:17:18.526 [main] DEBUG com.browserstack.testOps.Listener - [ TESTHUB ] Processing Request Kind LogCreated
11:17:18.527 [main] DEBUG com.browserstack.testOps.Listener - [ TESTHUB ] Processing Request Kind LogCreated
11:17:18.528 [main] DEBUG com.browserstack.testOps.Listener - [ TESTHUB ] Processing Request Kind LogCreated
11:17:18.528 [main] DEBUG com.browserstack.testOps.Listener - [ TESTHUB ] Processing Request Kind LogCreated
11:17:18.529 [main] DEBUG com.browserstack.testOps.Listener - [ TESTHUB ] Processing Request Kind LogCreated
11:17:18.529 [main] DEBUG com.browserstack.testOps.Listener - [ TESTHUB ] Processing Request Kind LogCreated
11:17:18.534 [main] DEBUG com.browserstack.testOps.Listener - [ TESTHUB ] Processing Request Kind LogCreated
11:17:18.534 [main] DEBUG com.browserstack.testOps.Listener - [ TESTHUB ] Processing Request Kind LogCreated
11:17:18.535 [main] DEBUG com.browserstack.testOps.Listener - [ TESTHUB ] Processing Request Kind LogCreated
11:17:18.535 [main] DEBUG com.browserstack.testOps.Listener - [ TESTHUB ] Processing Request Kind LogCreated
11:17:18.540 [main] DEBUG com.browserstack.testOps.Listener - [ TESTHUB ] Processing Request Kind LogCreated
11:17:18.540 [main] DEBUG com.browserstack.testOps.Listener - [ TESTHUB ] Processing Request Kind LogCreated
11:17:18.540 [main] DEBUG com.browserstack.testOps.Listener - [ TESTHUB ] Processing Request Kind LogCreated
11:17:18.540 [main] DEBUG com.browserstack.testOps.Listener - [ TESTHUB ] Processing Request Kind LogCreated
11:17:18.542 [main] DEBUG com.browserstack.testOps.Listener - [ TESTHUB ] Processing Request Kind LogCreated
11:17:18.542 [main] DEBUG com.browserstack.testOps.Listener - [ TESTHUB ] Processing Request Kind LogCreated
11:17:18.542 [main] DEBUG com.browserstack.testOps.Listener - [ TESTHUB ] Processing Request Kind LogCreated
11:17:18.543 [main] DEBUG com.browserstack.testOps.Listener - [ TESTHUB ] Processing Request Kind LogCreated
11:17:18.543 [main] DEBUG com.browserstack.testOps.Listener - [ TESTHUB ] Processing Request Kind LogCreated
11:17:18.549 [main] DEBUG com.browserstack.testOps.Listener - [ TESTHUB ] Processing Request Kind LogCreated
11:17:18.549 [main] DEBUG com.browserstack.testOps.Listener - [ TESTHUB ] Processing Request Kind LogCreated
11:17:18.549 [main] DEBUG com.browserstack.testOps.Listener - [ TESTHUB ] Processing Request Kind LogCreated
11:17:18.550 [main] DEBUG com.browserstack.testOps.Listener - [ TESTHUB ] Processing Request Kind LogCreated
11:17:18.553 [main] DEBUG com.browserstack.testOps.Listener - [ TESTHUB ] Processing Request Kind LogCreated
11:17:18.553 [main] DEBUG com.browserstack.testOps.Listener - [ TESTHUB ] Processing Request Kind LogCreated
11:17:18.553 [main] DEBUG com.browserstack.testOps.Listener - [ TESTHUB ] Processing Request Kind LogCreated
11:17:18.553 [main] DEBUG com.browserstack.testOps.Listener - [ TESTHUB ] Processing Request Kind LogCreated
11:17:18.571 [main] DEBUG com.browserstack.testOps.Listener - [ TESTHUB ] Processing Request Kind LogCreated
11:17:18.572 [main] DEBUG com.browserstack.testOps.Listener - [ TESTHUB ] Processing Request Kind LogCreated
11:17:18.572 [main] DEBUG com.browserstack.testOps.Listener - [ TESTHUB ] Processing Request Kind LogCreated
11:17:18.573 [main] DEBUG com.browserstack.testOps.Listener - [ TESTHUB ] Processing Request Kind LogCreated
11:17:18.573 [main] DEBUG com.browserstack.testOps.Listener - [ TESTHUB ] Processing Request Kind LogCreated
11:17:18.574 [main] DEBUG com.browserstack.testOps.Listener - [ TESTHUB ] Processing Request Kind LogCreated
11:17:18.574 [main] DEBUG com.browserstack.testOps.Listener - [ TESTHUB ] Processing Request Kind LogCreated
11:17:18.574 [main] DEBUG com.browserstack.testOps.Listener - [ TESTHUB ] Processing Request Kind LogCreated
11:17:18.575 [main] DEBUG com.browserstack.testOps.Listener - [ TESTHUB ] Processing Request Kind LogCreated
11:17:18.576 [main] DEBUG com.browserstack.testOps.Listener - [ TESTHUB ] Processing Request Kind LogCreated
11:17:18.576 [main] DEBUG com.browserstack.testOps.Listener - [ TESTHUB ] Processing Request Kind LogCreated
11:17:18.576 [main] DEBUG com.browserstack.testOps.Listener - [ TESTHUB ] Processing Request Kind LogCreated
11:17:18.576 [main] DEBUG com.browserstack.testOps.Listener - [ TESTHUB ] Processing Request Kind LogCreated
11:17:18.576 [main] DEBUG com.browserstack.testOps.Listener - [ TESTHUB ] Processing Request Kind LogCreated
11:17:18.577 [main] DEBUG com.browserstack.testOps.Listener - [ TESTHUB ] Processing Request Kind LogCreated
11:17:18.579 [main] DEBUG com.browserstack.testOps.Listener - [ TESTHUB ] Processing Request Kind LogCreated
11:17:18.580 [main] DEBUG com.browserstack.testOps.Listener - [ TESTHUB ] Processing Request Kind LogCreated
11:17:18.580 [main] DEBUG com.browserstack.testOps.Listener - [ TESTHUB ] Processing Request Kind LogCreated
11:17:18.581 [main] DEBUG com.browserstack.testOps.Listener - [ TESTHUB ] Processing Request Kind LogCreated
11:17:18.581 [main] DEBUG com.browserstack.testOps.Listener - [ TESTHUB ] Processing Request Kind LogCreated
11:17:18.581 [main] DEBUG com.browserstack.testOps.Listener - [ TESTHUB ] Processing Request Kind LogCreated
11:17:18.581 [main] DEBUG com.browserstack.testOps.Listener - [ TESTHUB ] Processing Request Kind LogCreated
11:17:18.583 [main] DEBUG com.browserstack.testOps.Listener - [ TESTHUB ] Processing Request Kind LogCreated
11:17:18.583 [main] DEBUG com.browserstack.testOps.Listener - [ TESTHUB ] Processing Request Kind LogCreated
11:17:18.584 [main] DEBUG com.browserstack.testOps.Listener - [ TESTHUB ] Processing Request Kind LogCreated
11:17:18.584 [main] DEBUG com.browserstack.testOps.Listener - [ TESTHUB ] Processing Request Kind LogCreated
11:17:18.585 [main] DEBUG com.browserstack.testOps.Listener - [ TESTHUB ] Processing Request Kind LogCreated
11:17:18.586 [main] DEBUG com.browserstack.testOps.Listener - [ TESTHUB ] Processing Request Kind LogCreated
11:17:18.586 [main] DEBUG com.browserstack.testOps.Listener - [ TESTHUB ] Processing Request Kind LogCreated
11:17:18.586 [main] DEBUG com.browserstack.testOps.Listener - [ TESTHUB ] Processing Request Kind LogCreated
11:17:18.587 [main] DEBUG com.browserstack.testOps.Listener - [ TESTHUB ] Processing Request Kind LogCreated
11:17:18.587 [main] DEBUG com.browserstack.testOps.Listener - [ TESTHUB ] Processing Request Kind LogCreated
11:17:18.587 [main] DEBUG com.browserstack.testOps.Listener - [ TESTHUB ] Processing Request Kind LogCreated
11:17:18.587 [main] DEBUG com.browserstack.testOps.Listener - [ TESTHUB ] Processing Request Kind LogCreated
11:17:18.589 [main] DEBUG com.browserstack.testOps.Listener - [ TESTHUB ] Processing Request Kind LogCreated
11:17:18.589 [main] DEBUG com.browserstack.testOps.Listener - [ TESTHUB ] Processing Request Kind LogCreated
11:17:18.590 [main] DEBUG com.browserstack.testOps.Listener - [ TESTHUB ] Processing Request Kind LogCreated
11:17:18.590 [main] DEBUG com.browserstack.testOps.Listener - [ TESTHUB ] Processing Request Kind LogCreated
11:17:18.590 [main] DEBUG com.browserstack.testOps.Listener - [ TESTHUB ] Processing Request Kind LogCreated
11:17:18.591 [main] DEBUG com.browserstack.testOps.Listener - [ TESTHUB ] Processing Request Kind LogCreated
11:17:18.591 [main] DEBUG com.browserstack.testOps.Listener - [ TESTHUB ] Processing Request Kind LogCreated
11:17:18.591 [main] DEBUG com.browserstack.testOps.Listener - [ TESTHUB ] Processing Request Kind LogCreated
11:17:18.591 [main] DEBUG com.browserstack.testOps.Listener - [ TESTHUB ] Processing Request Kind LogCreated
11:17:18.591 [main] DEBUG com.browserstack.testOps.Listener - [ TESTHUB ] Processing Request Kind LogCreated
11:17:18.591 [main] DEBUG com.browserstack.testOps.Listener - [ TESTHUB ] Processing Request Kind LogCreated
11:17:18.591 [main] DEBUG com.browserstack.testOps.Listener - [ TESTHUB ] Processing Request Kind LogCreated
11:17:18.591 [main] DEBUG com.browserstack.testOps.Listener - [ TESTHUB ] Processing Request Kind LogCreated
11:17:18.598 [main] DEBUG com.browserstack.testOps.Listener - [ TESTHUB ] Processing Request Kind LogCreated
11:17:18.600 [main] DEBUG com.browserstack.testOps.Listener - [ TESTHUB ] Processing Request Kind LogCreated
11:17:18.600 [main] DEBUG com.browserstack.testOps.Listener - [ TESTHUB ] Processing Request Kind LogCreated
11:17:18.600 [main] DEBUG com.browserstack.testOps.Listener - [ TESTHUB ] Processing Request Kind LogCreated
11:17:18.600 [main] DEBUG com.browserstack.testOps.Listener - [ TESTHUB ] Processing Request Kind LogCreated
11:17:18.600 [main] DEBUG com.browserstack.testOps.Listener - [ TESTHUB ] Processing Request Kind LogCreated
11:17:18.601 [main] DEBUG com.browserstack.testOps.Listener - [ TESTHUB ] Processing Request Kind LogCreated
11:17:18.601 [main] DEBUG com.browserstack.testOps.Listener - [ TESTHUB ] Processing Request Kind LogCreated
11:17:18.602 [main] DEBUG com.browserstack.testOps.Listener - [ TESTHUB ] Processing Request Kind LogCreated
11:17:18.602 [main] DEBUG com.browserstack.testOps.Listener - [ TESTHUB ] Processing Request Kind LogCreated
11:17:18.603 [main] DEBUG com.browserstack.testOps.Listener - [ TESTHUB ] Processing Request Kind LogCreated
11:17:18.603 [main] DEBUG com.browserstack.testOps.Listener - [ TESTHUB ] Processing Request Kind LogCreated
11:17:18.603 [main] DEBUG com.browserstack.testOps.Listener - [ TESTHUB ] Processing Request Kind LogCreated
11:17:18.603 [main] DEBUG com.browserstack.testOps.Listener - [ TESTHUB ] Processing Request Kind LogCreated
11:17:18.603 [main] DEBUG com.browserstack.testOps.Listener - [ TESTHUB ] Processing Request Kind LogCreated
11:17:18.605 [main] DEBUG com.browserstack.testOps.Listener - [ TESTHUB ] Processing Request Kind LogCreated
11:17:18.605 [main] DEBUG com.browserstack.testOps.Listener - [ TESTHUB ] Processing Request Kind LogCreated
11:17:18.605 [main] DEBUG com.browserstack.testOps.Listener - [ TESTHUB ] Processing Request Kind LogCreated
11:17:18.605 [main] DEBUG com.browserstack.testOps.Listener - [ TESTHUB ] Processing Request Kind LogCreated
11:17:18.605 [main] DEBUG com.browserstack.testOps.Listener - [ TESTHUB ] Processing Request Kind LogCreated
11:17:18.606 [main] DEBUG com.browserstack.testOps.Listener - [ TESTHUB ] Processing Request Kind LogCreated
11:17:18.606 [main] DEBUG com.browserstack.testOps.Listener - [ TESTHUB ] Processing Request Kind LogCreated
11:17:18.606 [main] DEBUG com.browserstack.testOps.Listener - [ TESTHUB ] Processing Request Kind LogCreated
11:17:18.607 [main] DEBUG com.browserstack.testOps.Listener - [ TESTHUB ] Processing Request Kind LogCreated
11:17:18.607 [main] DEBUG com.browserstack.testOps.Listener - [ TESTHUB ] Processing Request Kind LogCreated
11:17:18.607 [main] DEBUG com.browserstack.testOps.Listener - [ TESTHUB ] Processing Request Kind LogCreated
11:17:18.608 [main] DEBUG com.browserstack.testOps.Listener - [ TESTHUB ] Processing Request Kind LogCreated
11:17:18.608 [main] DEBUG com.browserstack.testOps.Listener - [ TESTHUB ] Processing Request Kind LogCreated
11:17:18.608 [main] DEBUG com.browserstack.testOps.Listener - [ TESTHUB ] Processing Request Kind LogCreated
11:17:18.608 [main] DEBUG com.browserstack.testOps.Listener - [ TESTHUB ] Processing Request Kind LogCreated
11:17:18.608 [main] DEBUG com.browserstack.testOps.Listener - [ TESTHUB ] Processing Request Kind LogCreated
11:17:18.608 [main] DEBUG com.browserstack.testOps.Listener - [ TESTHUB ] Processing Request Kind LogCreated
11:17:18.608 [main] DEBUG com.browserstack.testOps.Listener - [ TESTHUB ] Processing Request Kind LogCreated
11:17:18.610 [main] DEBUG com.browserstack.testOps.Listener - [ TESTHUB ] Processing Request Kind LogCreated
11:17:18.611 [main] DEBUG com.browserstack.testOps.Listener - [ TESTHUB ] Processing Request Kind LogCreated
11:17:18.611 [main] DEBUG com.browserstack.testOps.Listener - [ TESTHUB ] Processing Request Kind LogCreated
11:17:18.612 [main] DEBUG com.browserstack.testOps.Listener - [ TESTHUB ] Processing Request Kind LogCreated
11:17:18.612 [main] DEBUG com.browserstack.testOps.Listener - [ TESTHUB ] Processing Request Kind LogCreated
11:17:18.613 [main] DEBUG com.browserstack.testOps.Listener - [ TESTHUB ] Processing Request Kind LogCreated
11:17:18.613 [main] DEBUG com.browserstack.testOps.Listener - [ TESTHUB ] Processing Request Kind LogCreated
11:17:18.613 [main] DEBUG com.browserstack.testOps.Listener - [ TESTHUB ] Processing Request Kind LogCreated
11:17:18.613 [main] DEBUG com.browserstack.testOps.Listener - [ TESTHUB ] Processing Request Kind LogCreated
11:17:18.613 [main] DEBUG com.browserstack.testOps.Listener - [ TESTHUB ] Processing Request Kind LogCreated
11:17:18.614 [main] DEBUG com.browserstack.testOps.Listener - [ TESTHUB ] Processing Request Kind LogCreated
11:17:18.614 [main] DEBUG com.browserstack.testOps.Listener - [ TESTHUB ] Processing Request Kind LogCreated
11:17:18.614 [main] DEBUG com.browserstack.testOps.Listener - [ TESTHUB ] Processing Request Kind LogCreated
11:17:18.615 [main] DEBUG com.browserstack.testOps.Listener - [ TESTHUB ] Processing Request Kind LogCreated
11:17:18.618 [main] DEBUG com.browserstack.testOps.Listener - [ TESTHUB ] Processing Request Kind LogCreated
11:17:18.620 [main] DEBUG c.browserstack.utils.LogReportingAPI - [2024-11-05T07:17:18.619849600Z][ OBSERVABILITY ] Processing Logs patching stream
11:17:18.640 [main] DEBUG com.browserstack.testOps.Listener - [ TESTHUB ] Processing Request Kind LogCreated
11:17:18.666 [Default test-1@1] DEBUG com.browserstack.testOps.Listener - [ TESTHUB ] Processing Request Kind LogCreated
11:17:18.666 [Default test-2@2] DEBUG com.browserstack.testOps.Listener - [ TESTHUB ] Processing Request Kind LogCreated
11:17:18.666 [Default test-0@0] DEBUG com.browserstack.testOps.Listener - [ TESTHUB ] Processing Request Kind LogCreated
11:17:18.712 [ConfigureAppium@2] DEBUG c.b.testNgListeners.TestNGUtils - [populateTestDataForBSTestOps] Event Type :: HookRunStarted, Method ClassName :: MargoExpress.Mobile.BaseTest 
11:17:18.712 [ConfigureAppium@1] DEBUG c.b.testNgListeners.TestNGUtils - [populateTestDataForBSTestOps] Event Type :: HookRunStarted, Method ClassName :: MargoExpress.Mobile.BaseTest 
11:17:18.712 [ConfigureAppium@0] DEBUG c.b.testNgListeners.TestNGUtils - [populateTestDataForBSTestOps] Event Type :: HookRunStarted, Method ClassName :: MargoExpress.Mobile.BaseTest 
11:17:18.712 [ConfigureAppium@2] DEBUG c.browserstack.utils.UtilityMethods - [findFileMatcher] Current Path is :: C:\Users\xps\eclipse-workspace\Mobile, TestClass :: MargoExpress\Mobile\BaseTest
11:17:18.712 [ConfigureAppium@0] DEBUG c.browserstack.utils.UtilityMethods - [findFileMatcher] Current Path is :: C:\Users\xps\eclipse-workspace\Mobile, TestClass :: MargoExpress\Mobile\BaseTest
11:17:18.712 [ConfigureAppium@1] DEBUG c.browserstack.utils.UtilityMethods - [findFileMatcher] Current Path is :: C:\Users\xps\eclipse-workspace\Mobile, TestClass :: MargoExpress\Mobile\BaseTest
11:17:18.851 [ConfigureAppium@2] DEBUG c.b.testNgListeners.TestNGUtils - [populateTestDataForBSTestOps] The filename fetched :: C:\Users\xps\eclipse-workspace\Mobile\src\test\java\MargoExpress\Mobile\BaseTest.java, fileSeparator :: \, AbsolutePath :: C:\Users\xps\eclipse-workspace\Mobile\., Normalized Path :: C:\Users\xps\eclipse-workspace\Mobile, File.Separator :: \
11:17:18.851 [ConfigureAppium@2] DEBUG c.b.testNgListeners.TestNGUtils - [populateTestDataForBSTestOps] Replaced File Name is :: Mobile\src\test\java\MargoExpress\Mobile\BaseTest.java, Absolute Path :: C:\Users\xps\eclipse-workspace\Mobile\.., Normalized Path :: C:\Users\xps\eclipse-workspace 
11:17:18.853 [ConfigureAppium@2] DEBUG com.browserstack.testOps.Listener - [ TESTHUB ] Processing Request Kind HookRunStarted
11:17:18.861 [ConfigureAppium@1] DEBUG c.b.testNgListeners.TestNGUtils - [populateTestDataForBSTestOps] The filename fetched :: C:\Users\xps\eclipse-workspace\Mobile\src\test\java\MargoExpress\Mobile\BaseTest.java, fileSeparator :: \, AbsolutePath :: C:\Users\xps\eclipse-workspace\Mobile\., Normalized Path :: C:\Users\xps\eclipse-workspace\Mobile, File.Separator :: \
11:17:18.862 [ConfigureAppium@1] DEBUG c.b.testNgListeners.TestNGUtils - [populateTestDataForBSTestOps] Replaced File Name is :: Mobile\src\test\java\MargoExpress\Mobile\BaseTest.java, Absolute Path :: C:\Users\xps\eclipse-workspace\Mobile\.., Normalized Path :: C:\Users\xps\eclipse-workspace 
11:17:18.862 [ConfigureAppium@1] DEBUG com.browserstack.testOps.Listener - [ TESTHUB ] Processing Request Kind HookRunStarted
11:17:18.866 [ConfigureAppium@0] DEBUG c.b.testNgListeners.TestNGUtils - [populateTestDataForBSTestOps] The filename fetched :: C:\Users\xps\eclipse-workspace\Mobile\src\test\java\MargoExpress\Mobile\BaseTest.java, fileSeparator :: \, AbsolutePath :: C:\Users\xps\eclipse-workspace\Mobile\., Normalized Path :: C:\Users\xps\eclipse-workspace\Mobile, File.Separator :: \
11:17:18.866 [ConfigureAppium@0] DEBUG c.b.testNgListeners.TestNGUtils - [populateTestDataForBSTestOps] Replaced File Name is :: Mobile\src\test\java\MargoExpress\Mobile\BaseTest.java, Absolute Path :: C:\Users\xps\eclipse-workspace\Mobile\.., Normalized Path :: C:\Users\xps\eclipse-workspace 
11:17:18.867 [ConfigureAppium@0] DEBUG com.browserstack.testOps.Listener - [ TESTHUB ] Processing Request Kind HookRunStarted
11:17:20.502 [pool-4-thread-1] DEBUG c.browserstack.utils.RequestBatcher - Time Since Last Batch Processed 1730791040502

11:17:20.508 [pool-5-thread-1] DEBUG c.browserstack.utils.RequestBatcher - Processing Batch 149

11:17:20.513 [pool-5-thread-1] DEBUG c.browserstack.testOps.RequestUtils - [requestToTestOps] Sending Observability request: POST api/v1/batch with request size 35818
11:17:20.517 [pool-5-thread-1] DEBUG c.browserstack.testOps.RequestUtils - [makeRequest] Sending request: POST https://collector-observability.browserstack.com/api/v1/batch with request size 35818
11:17:20.938 [pool-5-thread-1] DEBUG c.browserstack.testOps.RequestUtils - [makeRequest]: Response code: 200
11:17:20.938 [pool-5-thread-1] DEBUG c.browserstack.testOps.RequestUtils - requestToTestOps: Response code: 200
11:17:20.938 [pool-5-thread-1] DEBUG c.browserstack.utils.LogReportingAPI - 
[2024-11-05T07:17:20.938188900Z][ TESTHUB ] Batch event successfull!

11:17:23.428 [ConfigureAppium@1] DEBUG c.browserstack.utils.UtilityMethods - [Patch]: SDK enabled, patching remote server
11:17:23.428 [ConfigureAppium@2] DEBUG c.browserstack.utils.UtilityMethods - [Patch]: SDK enabled, patching remote server
11:17:23.428 [ConfigureAppium@0] DEBUG c.browserstack.utils.UtilityMethods - [Patch]: SDK enabled, patching remote server
11:17:23.436 [ConfigureAppium@1] DEBUG c.b.selenium.SeleniumHandler - beforeDriverInit: SDK enabled. Thread ID: 71
11:17:23.437 [ConfigureAppium@2] DEBUG c.b.selenium.SeleniumHandler - beforeDriverInit: SDK enabled. Thread ID: 72
11:17:23.437 [ConfigureAppium@0] DEBUG c.b.selenium.SeleniumHandler - beforeDriverInit: SDK enabled. Thread ID: 70
11:17:23.449 [ConfigureAppium@2] DEBUG c.browserstack.utils.UtilityMethods - [Patch]: SDK enabled, patching remote server
11:17:23.450 [ConfigureAppium@0] DEBUG c.browserstack.utils.UtilityMethods - [Patch]: SDK enabled, patching remote server
11:17:23.450 [ConfigureAppium@1] DEBUG c.browserstack.utils.UtilityMethods - [Patch]: SDK enabled, patching remote server
11:17:24.492 [pool-4-thread-1] DEBUG c.browserstack.utils.RequestBatcher - Time Since Last Batch Processed 3989

11:17:28.494 [pool-4-thread-1] DEBUG c.browserstack.utils.RequestBatcher - Time Since Last Batch Processed 4002

11:17:32.496 [pool-4-thread-1] DEBUG c.browserstack.utils.RequestBatcher - Time Since Last Batch Processed 4001

11:17:36.496 [pool-4-thread-1] DEBUG c.browserstack.utils.RequestBatcher - Time Since Last Batch Processed 4000

11:17:40.497 [pool-4-thread-1] DEBUG c.browserstack.utils.RequestBatcher - Time Since Last Batch Processed 4001

11:17:41.743 [ConfigureAppium@1] DEBUG c.b.selenium.SeleniumHandler - afterDriverInit: requested
11:17:41.783 [ConfigureAppium@1] DEBUG c.b.utils.SeleniumMethodUtils - getURLFromCommandExecutor: Getting Hub url from HttpCommandExecutor
11:17:41.783 [ConfigureAppium@1] DEBUG c.b.utils.SeleniumMethodUtils - getURLFromCommandExecutor: Found url: https://hub-aps.browserstack.com/wd/hub
11:17:41.783 [ConfigureAppium@1] DEBUG c.b.utils.SeleniumMethodUtils - getURLFromCommandExecutor: Getting Hub url from HttpCommandExecutor
11:17:41.783 [ConfigureAppium@1] DEBUG c.b.utils.SeleniumMethodUtils - getURLFromCommandExecutor: Found url: https://hub-aps.browserstack.com/wd/hub
11:17:41.894 [Default test-1@1] DEBUG c.b.testNgListeners.TestNGUtils - [populateTestDataForBSTestOps] Event Type :: TestRunStarted, Test ClassName :: MargoExpress.Mobile.Ecommerce_Tc_4_Hybrid 
11:17:41.895 [Default test-1@1] DEBUG c.browserstack.utils.UtilityMethods - [findFileMatcher] Current Path is :: C:\Users\xps\eclipse-workspace\Mobile, TestClass :: MargoExpress\Mobile\Ecommerce_Tc_4_Hybrid
11:17:41.976 [Default test-1@1] DEBUG c.b.testNgListeners.TestNGUtils - [populateTestDataForBSTestOps] The filename fetched :: C:\Users\xps\eclipse-workspace\Mobile\src\test\java\MargoExpress\Mobile\Ecommerce_Tc_4_Hybrid.java, fileSeparator :: \, AbsolutePath :: C:\Users\xps\eclipse-workspace\Mobile\., Normalized Path :: C:\Users\xps\eclipse-workspace\Mobile, File.Separator :: \
11:17:41.976 [Default test-1@1] DEBUG c.b.testNgListeners.TestNGUtils - [populateTestDataForBSTestOps] Replaced File Name is :: Mobile\src\test\java\MargoExpress\Mobile\Ecommerce_Tc_4_Hybrid.java, Absolute Path :: C:\Users\xps\eclipse-workspace\Mobile\.., Normalized Path :: C:\Users\xps\eclipse-workspace 
11:17:41.993 [Default test-1@1] DEBUG c.b.utils.SeleniumMethodUtils - getURLFromCommandExecutor: Getting Hub url from HttpCommandExecutor
11:17:41.993 [Default test-1@1] DEBUG c.b.utils.SeleniumMethodUtils - getURLFromCommandExecutor: Found url: https://hub-aps.browserstack.com/wd/hub
11:17:41.993 [Default test-1@1] DEBUG c.b.utils.SeleniumMethodUtils - getURLFromCommandExecutor: Getting Hub url from HttpCommandExecutor
11:17:41.993 [Default test-1@1] DEBUG c.b.utils.SeleniumMethodUtils - getURLFromCommandExecutor: Found url: https://hub-aps.browserstack.com/wd/hub
11:17:41.995 [Default test-1@1] DEBUG com.browserstack.testOps.Listener - [ TESTHUB ] Processing Request Kind TestRunStarted
11:17:42.322 [ConfigureAppium@2] DEBUG c.b.selenium.SeleniumHandler - afterDriverInit: requested
11:17:42.347 [ConfigureAppium@2] DEBUG c.b.utils.SeleniumMethodUtils - getURLFromCommandExecutor: Getting Hub url from HttpCommandExecutor
11:17:42.347 [ConfigureAppium@2] DEBUG c.b.utils.SeleniumMethodUtils - getURLFromCommandExecutor: Found url: https://hub-aps.browserstack.com/wd/hub
11:17:42.347 [ConfigureAppium@2] DEBUG c.b.utils.SeleniumMethodUtils - getURLFromCommandExecutor: Getting Hub url from HttpCommandExecutor
11:17:42.347 [ConfigureAppium@2] DEBUG c.b.utils.SeleniumMethodUtils - getURLFromCommandExecutor: Found url: https://hub-aps.browserstack.com/wd/hub
11:17:42.456 [Default test-2@2] DEBUG c.b.testNgListeners.TestNGUtils - [populateTestDataForBSTestOps] Event Type :: TestRunStarted, Test ClassName :: MargoExpress.Mobile.Ecommerce_Tc_4_Hybrid 
11:17:42.456 [Default test-2@2] DEBUG c.browserstack.utils.UtilityMethods - [findFileMatcher] Current Path is :: C:\Users\xps\eclipse-workspace\Mobile, TestClass :: MargoExpress\Mobile\Ecommerce_Tc_4_Hybrid
11:17:42.489 [ConfigureAppium@0] DEBUG c.b.selenium.SeleniumHandler - afterDriverInit: requested
11:17:42.500 [ConfigureAppium@0] DEBUG c.b.utils.SeleniumMethodUtils - getURLFromCommandExecutor: Getting Hub url from HttpCommandExecutor
11:17:42.500 [ConfigureAppium@0] DEBUG c.b.utils.SeleniumMethodUtils - getURLFromCommandExecutor: Found url: https://hub-aps.browserstack.com/wd/hub
11:17:42.500 [ConfigureAppium@0] DEBUG c.b.utils.SeleniumMethodUtils - getURLFromCommandExecutor: Getting Hub url from HttpCommandExecutor
11:17:42.500 [ConfigureAppium@0] DEBUG c.b.utils.SeleniumMethodUtils - getURLFromCommandExecutor: Found url: https://hub-aps.browserstack.com/wd/hub
11:17:42.518 [Default test-2@2] DEBUG c.b.testNgListeners.TestNGUtils - [populateTestDataForBSTestOps] The filename fetched :: C:\Users\xps\eclipse-workspace\Mobile\src\test\java\MargoExpress\Mobile\Ecommerce_Tc_4_Hybrid.java, fileSeparator :: \, AbsolutePath :: C:\Users\xps\eclipse-workspace\Mobile\., Normalized Path :: C:\Users\xps\eclipse-workspace\Mobile, File.Separator :: \
11:17:42.518 [Default test-2@2] DEBUG c.b.testNgListeners.TestNGUtils - [populateTestDataForBSTestOps] Replaced File Name is :: Mobile\src\test\java\MargoExpress\Mobile\Ecommerce_Tc_4_Hybrid.java, Absolute Path :: C:\Users\xps\eclipse-workspace\Mobile\.., Normalized Path :: C:\Users\xps\eclipse-workspace 
11:17:42.528 [Default test-2@2] DEBUG c.b.utils.SeleniumMethodUtils - getURLFromCommandExecutor: Getting Hub url from HttpCommandExecutor
11:17:42.528 [Default test-2@2] DEBUG c.b.utils.SeleniumMethodUtils - getURLFromCommandExecutor: Found url: https://hub-aps.browserstack.com/wd/hub
11:17:42.528 [Default test-2@2] DEBUG c.b.utils.SeleniumMethodUtils - getURLFromCommandExecutor: Getting Hub url from HttpCommandExecutor
11:17:42.528 [Default test-2@2] DEBUG c.b.utils.SeleniumMethodUtils - getURLFromCommandExecutor: Found url: https://hub-aps.browserstack.com/wd/hub
11:17:42.532 [Default test-2@2] DEBUG com.browserstack.testOps.Listener - [ TESTHUB ] Processing Request Kind TestRunStarted
11:17:42.584 [Default test-0@0] DEBUG c.b.testNgListeners.TestNGUtils - [populateTestDataForBSTestOps] Event Type :: TestRunStarted, Test ClassName :: MargoExpress.Mobile.Ecommerce_Tc_4_Hybrid 
11:17:42.584 [Default test-0@0] DEBUG c.browserstack.utils.UtilityMethods - [findFileMatcher] Current Path is :: C:\Users\xps\eclipse-workspace\Mobile, TestClass :: MargoExpress\Mobile\Ecommerce_Tc_4_Hybrid
11:17:42.643 [Default test-0@0] DEBUG c.b.testNgListeners.TestNGUtils - [populateTestDataForBSTestOps] The filename fetched :: C:\Users\xps\eclipse-workspace\Mobile\src\test\java\MargoExpress\Mobile\Ecommerce_Tc_4_Hybrid.java, fileSeparator :: \, AbsolutePath :: C:\Users\xps\eclipse-workspace\Mobile\., Normalized Path :: C:\Users\xps\eclipse-workspace\Mobile, File.Separator :: \
11:17:42.643 [Default test-0@0] DEBUG c.b.testNgListeners.TestNGUtils - [populateTestDataForBSTestOps] Replaced File Name is :: Mobile\src\test\java\MargoExpress\Mobile\Ecommerce_Tc_4_Hybrid.java, Absolute Path :: C:\Users\xps\eclipse-workspace\Mobile\.., Normalized Path :: C:\Users\xps\eclipse-workspace 
11:17:42.655 [Default test-0@0] DEBUG c.b.utils.SeleniumMethodUtils - getURLFromCommandExecutor: Getting Hub url from HttpCommandExecutor
11:17:42.655 [Default test-0@0] DEBUG c.b.utils.SeleniumMethodUtils - getURLFromCommandExecutor: Found url: https://hub-aps.browserstack.com/wd/hub
11:17:42.655 [Default test-0@0] DEBUG c.b.utils.SeleniumMethodUtils - getURLFromCommandExecutor: Getting Hub url from HttpCommandExecutor
11:17:42.655 [Default test-0@0] DEBUG c.b.utils.SeleniumMethodUtils - getURLFromCommandExecutor: Found url: https://hub-aps.browserstack.com/wd/hub
11:17:42.657 [Default test-0@0] DEBUG com.browserstack.testOps.Listener - [ TESTHUB ] Processing Request Kind TestRunStarted
11:17:44.490 [pool-4-thread-1] DEBUG c.browserstack.utils.RequestBatcher - Time Since Last Batch Processed 3993

11:17:44.491 [pool-5-thread-1] DEBUG c.browserstack.utils.RequestBatcher - Processing Batch 3

11:17:44.492 [pool-5-thread-1] DEBUG c.browserstack.testOps.RequestUtils - [requestToTestOps] Sending Observability request: POST api/v1/batch with request size 9615
11:17:44.493 [pool-5-thread-1] DEBUG c.browserstack.testOps.RequestUtils - [makeRequest] Sending request: POST https://collector-observability.browserstack.com/api/v1/batch with request size 9615
11:17:44.776 [pool-5-thread-1] DEBUG c.browserstack.testOps.RequestUtils - [makeRequest]: Response code: 200
11:17:44.776 [pool-5-thread-1] DEBUG c.browserstack.testOps.RequestUtils - requestToTestOps: Response code: 200
11:17:44.776 [pool-5-thread-1] DEBUG c.browserstack.utils.LogReportingAPI - 
[2024-11-05T07:17:44.776818Z][ TESTHUB ] Batch event successfull!

11:17:46.495 [pool-4-thread-1] DEBUG c.browserstack.utils.RequestBatcher - Time Since Last Batch Processed 2005

11:17:48.499 [pool-4-thread-1] DEBUG c.browserstack.utils.RequestBatcher - Time Since Last Batch Processed 2004

11:17:52.501 [pool-4-thread-1] DEBUG c.browserstack.utils.RequestBatcher - Time Since Last Batch Processed 4002

11:17:54.434 [FillForm@1] DEBUG c.b.testNgListeners.TestNGUtils - [populateTestDataForBSTestOps] Event Type :: HookRunFinished, Method ClassName :: MargoExpress.Mobile.BaseTest 
11:17:54.435 [FillForm@1] DEBUG c.browserstack.utils.UtilityMethods - [findFileMatcher] Current Path is :: C:\Users\xps\eclipse-workspace\Mobile, TestClass :: MargoExpress\Mobile\BaseTest
11:17:54.473 [FillForm@2] DEBUG c.b.testNgListeners.TestNGUtils - [populateTestDataForBSTestOps] Event Type :: HookRunFinished, Method ClassName :: MargoExpress.Mobile.BaseTest 
11:17:54.475 [FillForm@2] DEBUG c.browserstack.utils.UtilityMethods - [findFileMatcher] Current Path is :: C:\Users\xps\eclipse-workspace\Mobile, TestClass :: MargoExpress\Mobile\BaseTest
11:17:54.518 [FillForm@1] DEBUG c.b.testNgListeners.TestNGUtils - [populateTestDataForBSTestOps] The filename fetched :: C:\Users\xps\eclipse-workspace\Mobile\src\test\java\MargoExpress\Mobile\BaseTest.java, fileSeparator :: \, AbsolutePath :: C:\Users\xps\eclipse-workspace\Mobile\., Normalized Path :: C:\Users\xps\eclipse-workspace\Mobile, File.Separator :: \
11:17:54.518 [FillForm@1] DEBUG c.b.testNgListeners.TestNGUtils - [populateTestDataForBSTestOps] Replaced File Name is :: Mobile\src\test\java\MargoExpress\Mobile\BaseTest.java, Absolute Path :: C:\Users\xps\eclipse-workspace\Mobile\.., Normalized Path :: C:\Users\xps\eclipse-workspace 
11:17:54.524 [FillForm@1] DEBUG c.b.utils.SeleniumMethodUtils - getURLFromCommandExecutor: Getting Hub url from HttpCommandExecutor
11:17:54.525 [FillForm@1] DEBUG c.b.utils.SeleniumMethodUtils - getURLFromCommandExecutor: Found url: https://hub-aps.browserstack.com/wd/hub
11:17:54.525 [FillForm@1] DEBUG c.b.utils.SeleniumMethodUtils - getURLFromCommandExecutor: Getting Hub url from HttpCommandExecutor
11:17:54.525 [FillForm@1] DEBUG c.b.utils.SeleniumMethodUtils - getURLFromCommandExecutor: Found url: https://hub-aps.browserstack.com/wd/hub
11:17:54.525 [FillForm@1] DEBUG com.browserstack.testOps.Listener - [ TESTHUB ] Processing Request Kind HookRunFinished
11:17:54.525 [FillForm@1] DEBUG c.b.testNgListeners.TestNGUtils - [populateTestDataForBSTestOps] Event Type :: TestRunFinished, Test ClassName :: MargoExpress.Mobile.Ecommerce_Tc_4_Hybrid 
11:17:54.526 [FillForm@1] DEBUG c.browserstack.utils.UtilityMethods - [findFileMatcher] Current Path is :: C:\Users\xps\eclipse-workspace\Mobile, TestClass :: MargoExpress\Mobile\Ecommerce_Tc_4_Hybrid
11:17:54.569 [FillForm@2] DEBUG c.b.testNgListeners.TestNGUtils - [populateTestDataForBSTestOps] The filename fetched :: C:\Users\xps\eclipse-workspace\Mobile\src\test\java\MargoExpress\Mobile\BaseTest.java, fileSeparator :: \, AbsolutePath :: C:\Users\xps\eclipse-workspace\Mobile\., Normalized Path :: C:\Users\xps\eclipse-workspace\Mobile, File.Separator :: \
11:17:54.569 [FillForm@2] DEBUG c.b.testNgListeners.TestNGUtils - [populateTestDataForBSTestOps] Replaced File Name is :: Mobile\src\test\java\MargoExpress\Mobile\BaseTest.java, Absolute Path :: C:\Users\xps\eclipse-workspace\Mobile\.., Normalized Path :: C:\Users\xps\eclipse-workspace 
11:17:54.576 [FillForm@2] DEBUG c.b.utils.SeleniumMethodUtils - getURLFromCommandExecutor: Getting Hub url from HttpCommandExecutor
11:17:54.576 [FillForm@2] DEBUG c.b.utils.SeleniumMethodUtils - getURLFromCommandExecutor: Found url: https://hub-aps.browserstack.com/wd/hub
11:17:54.576 [FillForm@2] DEBUG c.b.utils.SeleniumMethodUtils - getURLFromCommandExecutor: Getting Hub url from HttpCommandExecutor
11:17:54.576 [FillForm@2] DEBUG c.b.utils.SeleniumMethodUtils - getURLFromCommandExecutor: Found url: https://hub-aps.browserstack.com/wd/hub
11:17:54.576 [FillForm@2] DEBUG com.browserstack.testOps.Listener - [ TESTHUB ] Processing Request Kind HookRunFinished
11:17:54.577 [FillForm@2] DEBUG c.b.testNgListeners.TestNGUtils - [populateTestDataForBSTestOps] Event Type :: TestRunFinished, Test ClassName :: MargoExpress.Mobile.Ecommerce_Tc_4_Hybrid 
11:17:54.577 [FillForm@2] DEBUG c.browserstack.utils.UtilityMethods - [findFileMatcher] Current Path is :: C:\Users\xps\eclipse-workspace\Mobile, TestClass :: MargoExpress\Mobile\Ecommerce_Tc_4_Hybrid
11:17:54.618 [FillForm@1] DEBUG c.b.testNgListeners.TestNGUtils - [populateTestDataForBSTestOps] The filename fetched :: C:\Users\xps\eclipse-workspace\Mobile\src\test\java\MargoExpress\Mobile\Ecommerce_Tc_4_Hybrid.java, fileSeparator :: \, AbsolutePath :: C:\Users\xps\eclipse-workspace\Mobile\., Normalized Path :: C:\Users\xps\eclipse-workspace\Mobile, File.Separator :: \
11:17:54.618 [FillForm@1] DEBUG c.b.testNgListeners.TestNGUtils - [populateTestDataForBSTestOps] Replaced File Name is :: Mobile\src\test\java\MargoExpress\Mobile\Ecommerce_Tc_4_Hybrid.java, Absolute Path :: C:\Users\xps\eclipse-workspace\Mobile\.., Normalized Path :: C:\Users\xps\eclipse-workspace 
11:17:54.627 [FillForm@1] DEBUG c.b.utils.SeleniumMethodUtils - getURLFromCommandExecutor: Getting Hub url from HttpCommandExecutor
11:17:54.627 [FillForm@1] DEBUG c.b.utils.SeleniumMethodUtils - getURLFromCommandExecutor: Found url: https://hub-aps.browserstack.com/wd/hub
11:17:54.627 [FillForm@1] DEBUG c.b.utils.SeleniumMethodUtils - getURLFromCommandExecutor: Getting Hub url from HttpCommandExecutor
11:17:54.627 [FillForm@1] DEBUG c.b.utils.SeleniumMethodUtils - getURLFromCommandExecutor: Found url: https://hub-aps.browserstack.com/wd/hub
11:17:54.631 [FillForm@1] DEBUG com.browserstack.testOps.Listener - [ TESTHUB ] Processing Request Kind TestRunFinished
11:17:54.661 [FillForm@2] DEBUG c.b.testNgListeners.TestNGUtils - [populateTestDataForBSTestOps] The filename fetched :: C:\Users\xps\eclipse-workspace\Mobile\src\test\java\MargoExpress\Mobile\Ecommerce_Tc_4_Hybrid.java, fileSeparator :: \, AbsolutePath :: C:\Users\xps\eclipse-workspace\Mobile\., Normalized Path :: C:\Users\xps\eclipse-workspace\Mobile, File.Separator :: \
11:17:54.661 [FillForm@2] DEBUG c.b.testNgListeners.TestNGUtils - [populateTestDataForBSTestOps] Replaced File Name is :: Mobile\src\test\java\MargoExpress\Mobile\Ecommerce_Tc_4_Hybrid.java, Absolute Path :: C:\Users\xps\eclipse-workspace\Mobile\.., Normalized Path :: C:\Users\xps\eclipse-workspace 
11:17:54.672 [FillForm@2] DEBUG c.b.utils.SeleniumMethodUtils - getURLFromCommandExecutor: Getting Hub url from HttpCommandExecutor
11:17:54.673 [FillForm@2] DEBUG c.b.utils.SeleniumMethodUtils - getURLFromCommandExecutor: Found url: https://hub-aps.browserstack.com/wd/hub
11:17:54.673 [FillForm@2] DEBUG c.b.utils.SeleniumMethodUtils - getURLFromCommandExecutor: Getting Hub url from HttpCommandExecutor
11:17:54.673 [FillForm@2] DEBUG c.b.utils.SeleniumMethodUtils - getURLFromCommandExecutor: Found url: https://hub-aps.browserstack.com/wd/hub
11:17:54.677 [FillForm@2] DEBUG com.browserstack.testOps.Listener - [ TESTHUB ] Processing Request Kind TestRunFinished
11:17:54.699 [Default test-1@1] DEBUG c.b.testNgListeners.TestNGUtils - [populateTestDataForBSTestOps] Event Type :: TestRunStarted, Test ClassName :: MargoExpress.Mobile.Ecommerce_Tc_4_Hybrid 
11:17:54.700 [Default test-1@1] DEBUG c.browserstack.utils.UtilityMethods - [findFileMatcher] Current Path is :: C:\Users\xps\eclipse-workspace\Mobile, TestClass :: MargoExpress\Mobile\Ecommerce_Tc_4_Hybrid
11:17:54.748 [Default test-2@2] DEBUG c.b.testNgListeners.TestNGUtils - [populateTestDataForBSTestOps] Event Type :: TestRunStarted, Test ClassName :: MargoExpress.Mobile.Ecommerce_Tc_4_Hybrid 
11:17:54.748 [Default test-2@2] DEBUG c.browserstack.utils.UtilityMethods - [findFileMatcher] Current Path is :: C:\Users\xps\eclipse-workspace\Mobile, TestClass :: MargoExpress\Mobile\Ecommerce_Tc_4_Hybrid
11:17:54.767 [Default test-1@1] DEBUG c.b.testNgListeners.TestNGUtils - [populateTestDataForBSTestOps] The filename fetched :: C:\Users\xps\eclipse-workspace\Mobile\src\test\java\MargoExpress\Mobile\Ecommerce_Tc_4_Hybrid.java, fileSeparator :: \, AbsolutePath :: C:\Users\xps\eclipse-workspace\Mobile\., Normalized Path :: C:\Users\xps\eclipse-workspace\Mobile, File.Separator :: \
11:17:54.767 [Default test-1@1] DEBUG c.b.testNgListeners.TestNGUtils - [populateTestDataForBSTestOps] Replaced File Name is :: Mobile\src\test\java\MargoExpress\Mobile\Ecommerce_Tc_4_Hybrid.java, Absolute Path :: C:\Users\xps\eclipse-workspace\Mobile\.., Normalized Path :: C:\Users\xps\eclipse-workspace 
11:17:54.773 [Default test-1@1] DEBUG c.b.utils.SeleniumMethodUtils - getURLFromCommandExecutor: Getting Hub url from HttpCommandExecutor
11:17:54.773 [Default test-1@1] DEBUG c.b.utils.SeleniumMethodUtils - getURLFromCommandExecutor: Found url: https://hub-aps.browserstack.com/wd/hub
11:17:54.773 [Default test-1@1] DEBUG c.b.utils.SeleniumMethodUtils - getURLFromCommandExecutor: Getting Hub url from HttpCommandExecutor
11:17:54.773 [Default test-1@1] DEBUG c.b.utils.SeleniumMethodUtils - getURLFromCommandExecutor: Found url: https://hub-aps.browserstack.com/wd/hub
11:17:54.778 [Default test-1@1] DEBUG com.browserstack.testOps.Listener - [ TESTHUB ] Processing Request Kind TestRunStarted
11:17:54.818 [Default test-2@2] DEBUG c.b.testNgListeners.TestNGUtils - [populateTestDataForBSTestOps] The filename fetched :: C:\Users\xps\eclipse-workspace\Mobile\src\test\java\MargoExpress\Mobile\Ecommerce_Tc_4_Hybrid.java, fileSeparator :: \, AbsolutePath :: C:\Users\xps\eclipse-workspace\Mobile\., Normalized Path :: C:\Users\xps\eclipse-workspace\Mobile, File.Separator :: \
11:17:54.818 [Default test-2@2] DEBUG c.b.testNgListeners.TestNGUtils - [populateTestDataForBSTestOps] Replaced File Name is :: Mobile\src\test\java\MargoExpress\Mobile\Ecommerce_Tc_4_Hybrid.java, Absolute Path :: C:\Users\xps\eclipse-workspace\Mobile\.., Normalized Path :: C:\Users\xps\eclipse-workspace 
11:17:54.825 [Default test-2@2] DEBUG c.b.utils.SeleniumMethodUtils - getURLFromCommandExecutor: Getting Hub url from HttpCommandExecutor
11:17:54.825 [Default test-2@2] DEBUG c.b.utils.SeleniumMethodUtils - getURLFromCommandExecutor: Found url: https://hub-aps.browserstack.com/wd/hub
11:17:54.825 [Default test-2@2] DEBUG c.b.utils.SeleniumMethodUtils - getURLFromCommandExecutor: Getting Hub url from HttpCommandExecutor
11:17:54.825 [Default test-2@2] DEBUG c.b.utils.SeleniumMethodUtils - getURLFromCommandExecutor: Found url: https://hub-aps.browserstack.com/wd/hub
11:17:54.827 [Default test-2@2] DEBUG com.browserstack.testOps.Listener - [ TESTHUB ] Processing Request Kind TestRunStarted
11:17:56.493 [pool-4-thread-1] DEBUG c.browserstack.utils.RequestBatcher - Time Since Last Batch Processed 3992

11:17:56.493 [pool-5-thread-1] DEBUG c.browserstack.utils.RequestBatcher - Processing Batch 6

11:17:56.494 [pool-5-thread-1] DEBUG c.browserstack.testOps.RequestUtils - [requestToTestOps] Sending Observability request: POST api/v1/batch with request size 19323
11:17:56.496 [pool-5-thread-1] DEBUG c.browserstack.testOps.RequestUtils - [makeRequest] Sending request: POST https://collector-observability.browserstack.com/api/v1/batch with request size 19323
11:17:56.718 [pool-5-thread-1] DEBUG c.browserstack.testOps.RequestUtils - [makeRequest]: Response code: 200
11:17:56.718 [pool-5-thread-1] DEBUG c.browserstack.testOps.RequestUtils - requestToTestOps: Response code: 200
11:17:56.719 [pool-5-thread-1] DEBUG c.browserstack.utils.LogReportingAPI - 
[2024-11-05T07:17:56.718314300Z][ TESTHUB ] Batch event successfull!

11:17:57.492 [FillForm@0] DEBUG c.b.testNgListeners.TestNGUtils - [populateTestDataForBSTestOps] Event Type :: HookRunFinished, Method ClassName :: MargoExpress.Mobile.BaseTest 
11:17:57.492 [FillForm@0] DEBUG c.browserstack.utils.UtilityMethods - [findFileMatcher] Current Path is :: C:\Users\xps\eclipse-workspace\Mobile, TestClass :: MargoExpress\Mobile\BaseTest
11:17:57.553 [FillForm@0] DEBUG c.b.testNgListeners.TestNGUtils - [populateTestDataForBSTestOps] The filename fetched :: C:\Users\xps\eclipse-workspace\Mobile\src\test\java\MargoExpress\Mobile\BaseTest.java, fileSeparator :: \, AbsolutePath :: C:\Users\xps\eclipse-workspace\Mobile\., Normalized Path :: C:\Users\xps\eclipse-workspace\Mobile, File.Separator :: \
11:17:57.554 [FillForm@0] DEBUG c.b.testNgListeners.TestNGUtils - [populateTestDataForBSTestOps] Replaced File Name is :: Mobile\src\test\java\MargoExpress\Mobile\BaseTest.java, Absolute Path :: C:\Users\xps\eclipse-workspace\Mobile\.., Normalized Path :: C:\Users\xps\eclipse-workspace 
11:17:57.556 [selectProduct@1] DEBUG c.b.testNgListeners.TestNGUtils - [populateTestDataForBSTestOps] Event Type :: TestRunFinished, Test ClassName :: MargoExpress.Mobile.Ecommerce_Tc_4_Hybrid 
11:17:57.556 [selectProduct@1] DEBUG c.browserstack.utils.UtilityMethods - [findFileMatcher] Current Path is :: C:\Users\xps\eclipse-workspace\Mobile, TestClass :: MargoExpress\Mobile\Ecommerce_Tc_4_Hybrid
11:17:57.564 [FillForm@0] DEBUG c.b.utils.SeleniumMethodUtils - getURLFromCommandExecutor: Getting Hub url from HttpCommandExecutor
11:17:57.564 [FillForm@0] DEBUG c.b.utils.SeleniumMethodUtils - getURLFromCommandExecutor: Found url: https://hub-aps.browserstack.com/wd/hub
11:17:57.565 [FillForm@0] DEBUG c.b.utils.SeleniumMethodUtils - getURLFromCommandExecutor: Getting Hub url from HttpCommandExecutor
11:17:57.565 [FillForm@0] DEBUG c.b.utils.SeleniumMethodUtils - getURLFromCommandExecutor: Found url: https://hub-aps.browserstack.com/wd/hub
11:17:57.565 [FillForm@0] DEBUG com.browserstack.testOps.Listener - [ TESTHUB ] Processing Request Kind HookRunFinished
11:17:57.565 [FillForm@0] DEBUG c.b.testNgListeners.TestNGUtils - [populateTestDataForBSTestOps] Event Type :: TestRunFinished, Test ClassName :: MargoExpress.Mobile.Ecommerce_Tc_4_Hybrid 
11:17:57.565 [FillForm@0] DEBUG c.browserstack.utils.UtilityMethods - [findFileMatcher] Current Path is :: C:\Users\xps\eclipse-workspace\Mobile, TestClass :: MargoExpress\Mobile\Ecommerce_Tc_4_Hybrid
11:17:57.636 [selectProduct@1] DEBUG c.b.testNgListeners.TestNGUtils - [populateTestDataForBSTestOps] The filename fetched :: C:\Users\xps\eclipse-workspace\Mobile\src\test\java\MargoExpress\Mobile\Ecommerce_Tc_4_Hybrid.java, fileSeparator :: \, AbsolutePath :: C:\Users\xps\eclipse-workspace\Mobile\., Normalized Path :: C:\Users\xps\eclipse-workspace\Mobile, File.Separator :: \
11:17:57.636 [selectProduct@1] DEBUG c.b.testNgListeners.TestNGUtils - [populateTestDataForBSTestOps] Replaced File Name is :: Mobile\src\test\java\MargoExpress\Mobile\Ecommerce_Tc_4_Hybrid.java, Absolute Path :: C:\Users\xps\eclipse-workspace\Mobile\.., Normalized Path :: C:\Users\xps\eclipse-workspace 
11:17:57.640 [FillForm@0] DEBUG c.b.testNgListeners.TestNGUtils - [populateTestDataForBSTestOps] The filename fetched :: C:\Users\xps\eclipse-workspace\Mobile\src\test\java\MargoExpress\Mobile\Ecommerce_Tc_4_Hybrid.java, fileSeparator :: \, AbsolutePath :: C:\Users\xps\eclipse-workspace\Mobile\., Normalized Path :: C:\Users\xps\eclipse-workspace\Mobile, File.Separator :: \
11:17:57.640 [FillForm@0] DEBUG c.b.testNgListeners.TestNGUtils - [populateTestDataForBSTestOps] Replaced File Name is :: Mobile\src\test\java\MargoExpress\Mobile\Ecommerce_Tc_4_Hybrid.java, Absolute Path :: C:\Users\xps\eclipse-workspace\Mobile\.., Normalized Path :: C:\Users\xps\eclipse-workspace 
11:17:57.641 [selectProduct@1] DEBUG c.b.utils.SeleniumMethodUtils - getURLFromCommandExecutor: Getting Hub url from HttpCommandExecutor
11:17:57.641 [selectProduct@1] DEBUG c.b.utils.SeleniumMethodUtils - getURLFromCommandExecutor: Found url: https://hub-aps.browserstack.com/wd/hub
11:17:57.641 [selectProduct@1] DEBUG c.b.utils.SeleniumMethodUtils - getURLFromCommandExecutor: Getting Hub url from HttpCommandExecutor
11:17:57.641 [selectProduct@1] DEBUG c.b.utils.SeleniumMethodUtils - getURLFromCommandExecutor: Found url: https://hub-aps.browserstack.com/wd/hub
11:17:57.643 [selectProduct@1] DEBUG com.browserstack.testOps.Listener - [ TESTHUB ] Processing Request Kind TestRunFinished
11:17:57.648 [FillForm@0] DEBUG c.b.utils.SeleniumMethodUtils - getURLFromCommandExecutor: Getting Hub url from HttpCommandExecutor
11:17:57.648 [FillForm@0] DEBUG c.b.utils.SeleniumMethodUtils - getURLFromCommandExecutor: Found url: https://hub-aps.browserstack.com/wd/hub
11:17:57.648 [FillForm@0] DEBUG c.b.utils.SeleniumMethodUtils - getURLFromCommandExecutor: Getting Hub url from HttpCommandExecutor
11:17:57.648 [FillForm@0] DEBUG c.b.utils.SeleniumMethodUtils - getURLFromCommandExecutor: Found url: https://hub-aps.browserstack.com/wd/hub
11:17:57.650 [FillForm@0] DEBUG com.browserstack.testOps.Listener - [ TESTHUB ] Processing Request Kind TestRunFinished
11:17:57.717 [Default test-1@1] DEBUG c.b.testNgListeners.TestNGUtils - [populateTestDataForBSTestOps] Event Type :: TestRunStarted, Test ClassName :: MargoExpress.Mobile.Ecommerce_Tc_4_Hybrid 
11:17:57.717 [Default test-1@1] DEBUG c.browserstack.utils.UtilityMethods - [findFileMatcher] Current Path is :: C:\Users\xps\eclipse-workspace\Mobile, TestClass :: MargoExpress\Mobile\Ecommerce_Tc_4_Hybrid
11:17:57.718 [Default test-0@0] DEBUG c.b.testNgListeners.TestNGUtils - [populateTestDataForBSTestOps] Event Type :: TestRunStarted, Test ClassName :: MargoExpress.Mobile.Ecommerce_Tc_4_Hybrid 
11:17:57.720 [Default test-0@0] DEBUG c.browserstack.utils.UtilityMethods - [findFileMatcher] Current Path is :: C:\Users\xps\eclipse-workspace\Mobile, TestClass :: MargoExpress\Mobile\Ecommerce_Tc_4_Hybrid
11:17:57.763 [selectProduct@2] DEBUG c.b.testNgListeners.TestNGUtils - [populateTestDataForBSTestOps] Event Type :: TestRunFinished, Test ClassName :: MargoExpress.Mobile.Ecommerce_Tc_4_Hybrid 
11:17:57.763 [selectProduct@2] DEBUG c.browserstack.utils.UtilityMethods - [findFileMatcher] Current Path is :: C:\Users\xps\eclipse-workspace\Mobile, TestClass :: MargoExpress\Mobile\Ecommerce_Tc_4_Hybrid
11:17:57.828 [Default test-1@1] DEBUG c.b.testNgListeners.TestNGUtils - [populateTestDataForBSTestOps] The filename fetched :: C:\Users\xps\eclipse-workspace\Mobile\src\test\java\MargoExpress\Mobile\Ecommerce_Tc_4_Hybrid.java, fileSeparator :: \, AbsolutePath :: C:\Users\xps\eclipse-workspace\Mobile\., Normalized Path :: C:\Users\xps\eclipse-workspace\Mobile, File.Separator :: \
11:17:57.829 [Default test-1@1] DEBUG c.b.testNgListeners.TestNGUtils - [populateTestDataForBSTestOps] Replaced File Name is :: Mobile\src\test\java\MargoExpress\Mobile\Ecommerce_Tc_4_Hybrid.java, Absolute Path :: C:\Users\xps\eclipse-workspace\Mobile\.., Normalized Path :: C:\Users\xps\eclipse-workspace 
11:17:57.831 [Default test-0@0] DEBUG c.b.testNgListeners.TestNGUtils - [populateTestDataForBSTestOps] The filename fetched :: C:\Users\xps\eclipse-workspace\Mobile\src\test\java\MargoExpress\Mobile\Ecommerce_Tc_4_Hybrid.java, fileSeparator :: \, AbsolutePath :: C:\Users\xps\eclipse-workspace\Mobile\., Normalized Path :: C:\Users\xps\eclipse-workspace\Mobile, File.Separator :: \
11:17:57.831 [Default test-0@0] DEBUG c.b.testNgListeners.TestNGUtils - [populateTestDataForBSTestOps] Replaced File Name is :: Mobile\src\test\java\MargoExpress\Mobile\Ecommerce_Tc_4_Hybrid.java, Absolute Path :: C:\Users\xps\eclipse-workspace\Mobile\.., Normalized Path :: C:\Users\xps\eclipse-workspace 
11:17:57.837 [Default test-0@0] DEBUG c.b.utils.SeleniumMethodUtils - getURLFromCommandExecutor: Getting Hub url from HttpCommandExecutor
11:17:57.838 [Default test-0@0] DEBUG c.b.utils.SeleniumMethodUtils - getURLFromCommandExecutor: Found url: https://hub-aps.browserstack.com/wd/hub
11:17:57.838 [Default test-0@0] DEBUG c.b.utils.SeleniumMethodUtils - getURLFromCommandExecutor: Getting Hub url from HttpCommandExecutor
11:17:57.838 [Default test-0@0] DEBUG c.b.utils.SeleniumMethodUtils - getURLFromCommandExecutor: Found url: https://hub-aps.browserstack.com/wd/hub
11:17:57.838 [Default test-1@1] DEBUG c.b.utils.SeleniumMethodUtils - getURLFromCommandExecutor: Getting Hub url from HttpCommandExecutor
11:17:57.838 [Default test-1@1] DEBUG c.b.utils.SeleniumMethodUtils - getURLFromCommandExecutor: Found url: https://hub-aps.browserstack.com/wd/hub
11:17:57.839 [Default test-1@1] DEBUG c.b.utils.SeleniumMethodUtils - getURLFromCommandExecutor: Getting Hub url from HttpCommandExecutor
11:17:57.839 [Default test-1@1] DEBUG c.b.utils.SeleniumMethodUtils - getURLFromCommandExecutor: Found url: https://hub-aps.browserstack.com/wd/hub
11:17:57.842 [Default test-1@1] DEBUG com.browserstack.testOps.Listener - [ TESTHUB ] Processing Request Kind TestRunStarted
11:17:57.842 [Default test-0@0] DEBUG com.browserstack.testOps.Listener - [ TESTHUB ] Processing Request Kind TestRunStarted
11:17:57.868 [selectProduct@2] DEBUG c.b.testNgListeners.TestNGUtils - [populateTestDataForBSTestOps] The filename fetched :: C:\Users\xps\eclipse-workspace\Mobile\src\test\java\MargoExpress\Mobile\Ecommerce_Tc_4_Hybrid.java, fileSeparator :: \, AbsolutePath :: C:\Users\xps\eclipse-workspace\Mobile\., Normalized Path :: C:\Users\xps\eclipse-workspace\Mobile, File.Separator :: \
11:17:57.868 [selectProduct@2] DEBUG c.b.testNgListeners.TestNGUtils - [populateTestDataForBSTestOps] Replaced File Name is :: Mobile\src\test\java\MargoExpress\Mobile\Ecommerce_Tc_4_Hybrid.java, Absolute Path :: C:\Users\xps\eclipse-workspace\Mobile\.., Normalized Path :: C:\Users\xps\eclipse-workspace 
11:17:57.874 [selectProduct@2] DEBUG c.b.utils.SeleniumMethodUtils - getURLFromCommandExecutor: Getting Hub url from HttpCommandExecutor
11:17:57.874 [selectProduct@2] DEBUG c.b.utils.SeleniumMethodUtils - getURLFromCommandExecutor: Found url: https://hub-aps.browserstack.com/wd/hub
11:17:57.875 [selectProduct@2] DEBUG c.b.utils.SeleniumMethodUtils - getURLFromCommandExecutor: Getting Hub url from HttpCommandExecutor
11:17:57.875 [selectProduct@2] DEBUG c.b.utils.SeleniumMethodUtils - getURLFromCommandExecutor: Found url: https://hub-aps.browserstack.com/wd/hub
11:17:57.877 [selectProduct@2] DEBUG com.browserstack.testOps.Listener - [ TESTHUB ] Processing Request Kind TestRunFinished
11:17:57.944 [Default test-2@2] DEBUG c.b.testNgListeners.TestNGUtils - [populateTestDataForBSTestOps] Event Type :: TestRunStarted, Test ClassName :: MargoExpress.Mobile.Ecommerce_Tc_4_Hybrid 
11:17:57.944 [Default test-2@2] DEBUG c.browserstack.utils.UtilityMethods - [findFileMatcher] Current Path is :: C:\Users\xps\eclipse-workspace\Mobile, TestClass :: MargoExpress\Mobile\Ecommerce_Tc_4_Hybrid
11:17:58.010 [Default test-2@2] DEBUG c.b.testNgListeners.TestNGUtils - [populateTestDataForBSTestOps] The filename fetched :: C:\Users\xps\eclipse-workspace\Mobile\src\test\java\MargoExpress\Mobile\Ecommerce_Tc_4_Hybrid.java, fileSeparator :: \, AbsolutePath :: C:\Users\xps\eclipse-workspace\Mobile\., Normalized Path :: C:\Users\xps\eclipse-workspace\Mobile, File.Separator :: \
11:17:58.010 [Default test-2@2] DEBUG c.b.testNgListeners.TestNGUtils - [populateTestDataForBSTestOps] Replaced File Name is :: Mobile\src\test\java\MargoExpress\Mobile\Ecommerce_Tc_4_Hybrid.java, Absolute Path :: C:\Users\xps\eclipse-workspace\Mobile\.., Normalized Path :: C:\Users\xps\eclipse-workspace 
11:17:58.015 [Default test-2@2] DEBUG c.b.utils.SeleniumMethodUtils - getURLFromCommandExecutor: Getting Hub url from HttpCommandExecutor
11:17:58.016 [Default test-2@2] DEBUG c.b.utils.SeleniumMethodUtils - getURLFromCommandExecutor: Found url: https://hub-aps.browserstack.com/wd/hub
11:17:58.016 [Default test-2@2] DEBUG c.b.utils.SeleniumMethodUtils - getURLFromCommandExecutor: Getting Hub url from HttpCommandExecutor
11:17:58.016 [Default test-2@2] DEBUG c.b.utils.SeleniumMethodUtils - getURLFromCommandExecutor: Found url: https://hub-aps.browserstack.com/wd/hub
11:17:58.020 [Default test-2@2] DEBUG com.browserstack.testOps.Listener - [ TESTHUB ] Processing Request Kind TestRunStarted
11:17:58.055 [verifyProductsAddedinCart@1] DEBUG com.browserstack.testOps.Listener - [ TESTHUB ] Processing Request Kind LogCreated
11:17:58.250 [verifyProductsAddedinCart@2] DEBUG com.browserstack.testOps.Listener - [ TESTHUB ] Processing Request Kind LogCreated
11:17:58.343 [verifyProductsAddedinCart@2] DEBUG com.browserstack.testOps.Listener - [ TESTHUB ] Processing Request Kind LogCreated
11:17:58.348 [verifyProductsAddedinCart@1] DEBUG com.browserstack.testOps.Listener - [ TESTHUB ] Processing Request Kind LogCreated
11:17:58.497 [pool-4-thread-1] DEBUG c.browserstack.utils.RequestBatcher - Time Since Last Batch Processed 2004

11:17:58.498 [pool-5-thread-1] DEBUG c.browserstack.utils.RequestBatcher - Processing Batch 11

11:17:58.499 [pool-5-thread-1] DEBUG c.browserstack.testOps.RequestUtils - [requestToTestOps] Sending Observability request: POST api/v1/batch with request size 23436
11:17:58.499 [pool-5-thread-1] DEBUG c.browserstack.testOps.RequestUtils - [makeRequest] Sending request: POST https://collector-observability.browserstack.com/api/v1/batch with request size 23436
11:17:58.508 [verifyProductsAddedinCart@1] DEBUG com.browserstack.testOps.Listener - [ TESTHUB ] Processing Request Kind LogCreated
11:17:58.582 [verifyProductsAddedinCart@2] DEBUG com.browserstack.testOps.Listener - [ TESTHUB ] Processing Request Kind LogCreated
11:17:58.718 [pool-5-thread-1] DEBUG c.browserstack.testOps.RequestUtils - [makeRequest]: Response code: 200
11:17:58.718 [pool-5-thread-1] DEBUG c.browserstack.testOps.RequestUtils - requestToTestOps: Response code: 200
11:17:58.718 [pool-5-thread-1] DEBUG c.browserstack.utils.LogReportingAPI - 
[2024-11-05T07:17:58.718206300Z][ TESTHUB ] Batch event successfull!

11:17:58.856 [verifyProductsAddedinCart@2] DEBUG c.b.testNgListeners.TestNGUtils - [populateTestDataForBSTestOps] Event Type :: TestRunFinished, Test ClassName :: MargoExpress.Mobile.Ecommerce_Tc_4_Hybrid 
11:17:58.857 [verifyProductsAddedinCart@2] DEBUG c.browserstack.utils.UtilityMethods - [findFileMatcher] Current Path is :: C:\Users\xps\eclipse-workspace\Mobile, TestClass :: MargoExpress\Mobile\Ecommerce_Tc_4_Hybrid
11:17:58.935 [verifyProductsAddedinCart@2] DEBUG c.b.testNgListeners.TestNGUtils - [populateTestDataForBSTestOps] The filename fetched :: C:\Users\xps\eclipse-workspace\Mobile\src\test\java\MargoExpress\Mobile\Ecommerce_Tc_4_Hybrid.java, fileSeparator :: \, AbsolutePath :: C:\Users\xps\eclipse-workspace\Mobile\., Normalized Path :: C:\Users\xps\eclipse-workspace\Mobile, File.Separator :: \
11:17:58.935 [verifyProductsAddedinCart@2] DEBUG c.b.testNgListeners.TestNGUtils - [populateTestDataForBSTestOps] Replaced File Name is :: Mobile\src\test\java\MargoExpress\Mobile\Ecommerce_Tc_4_Hybrid.java, Absolute Path :: C:\Users\xps\eclipse-workspace\Mobile\.., Normalized Path :: C:\Users\xps\eclipse-workspace 
11:17:58.942 [verifyProductsAddedinCart@2] DEBUG c.b.utils.SeleniumMethodUtils - getURLFromCommandExecutor: Getting Hub url from HttpCommandExecutor
11:17:58.942 [verifyProductsAddedinCart@2] DEBUG c.b.utils.SeleniumMethodUtils - getURLFromCommandExecutor: Found url: https://hub-aps.browserstack.com/wd/hub
11:17:58.942 [verifyProductsAddedinCart@2] DEBUG c.b.utils.SeleniumMethodUtils - getURLFromCommandExecutor: Getting Hub url from HttpCommandExecutor
11:17:58.942 [verifyProductsAddedinCart@2] DEBUG c.b.utils.SeleniumMethodUtils - getURLFromCommandExecutor: Found url: https://hub-aps.browserstack.com/wd/hub
11:17:58.944 [verifyProductsAddedinCart@2] DEBUG com.browserstack.testOps.Listener - [ TESTHUB ] Processing Request Kind TestRunFinished
11:17:58.951 [verifyProductsAddedinCart@1] DEBUG c.b.testNgListeners.TestNGUtils - [populateTestDataForBSTestOps] Event Type :: TestRunFinished, Test ClassName :: MargoExpress.Mobile.Ecommerce_Tc_4_Hybrid 
11:17:58.951 [verifyProductsAddedinCart@1] DEBUG c.browserstack.utils.UtilityMethods - [findFileMatcher] Current Path is :: C:\Users\xps\eclipse-workspace\Mobile, TestClass :: MargoExpress\Mobile\Ecommerce_Tc_4_Hybrid
11:17:59.017 [teardown@2] DEBUG c.b.testNgListeners.TestNGUtils - [populateTestDataForBSTestOps] Event Type :: HookRunStarted, Method ClassName :: MargoExpress.Mobile.BaseTest 
11:17:59.017 [teardown@2] DEBUG c.browserstack.utils.UtilityMethods - [findFileMatcher] Current Path is :: C:\Users\xps\eclipse-workspace\Mobile, TestClass :: MargoExpress\Mobile\BaseTest
11:17:59.019 [verifyProductsAddedinCart@1] DEBUG c.b.testNgListeners.TestNGUtils - [populateTestDataForBSTestOps] The filename fetched :: C:\Users\xps\eclipse-workspace\Mobile\src\test\java\MargoExpress\Mobile\Ecommerce_Tc_4_Hybrid.java, fileSeparator :: \, AbsolutePath :: C:\Users\xps\eclipse-workspace\Mobile\., Normalized Path :: C:\Users\xps\eclipse-workspace\Mobile, File.Separator :: \
11:17:59.020 [verifyProductsAddedinCart@1] DEBUG c.b.testNgListeners.TestNGUtils - [populateTestDataForBSTestOps] Replaced File Name is :: Mobile\src\test\java\MargoExpress\Mobile\Ecommerce_Tc_4_Hybrid.java, Absolute Path :: C:\Users\xps\eclipse-workspace\Mobile\.., Normalized Path :: C:\Users\xps\eclipse-workspace 
11:17:59.026 [verifyProductsAddedinCart@1] DEBUG c.b.utils.SeleniumMethodUtils - getURLFromCommandExecutor: Getting Hub url from HttpCommandExecutor
11:17:59.026 [verifyProductsAddedinCart@1] DEBUG c.b.utils.SeleniumMethodUtils - getURLFromCommandExecutor: Found url: https://hub-aps.browserstack.com/wd/hub
11:17:59.026 [verifyProductsAddedinCart@1] DEBUG c.b.utils.SeleniumMethodUtils - getURLFromCommandExecutor: Getting Hub url from HttpCommandExecutor
11:17:59.026 [verifyProductsAddedinCart@1] DEBUG c.b.utils.SeleniumMethodUtils - getURLFromCommandExecutor: Found url: https://hub-aps.browserstack.com/wd/hub
11:17:59.030 [verifyProductsAddedinCart@1] DEBUG com.browserstack.testOps.Listener - [ TESTHUB ] Processing Request Kind TestRunFinished
11:17:59.084 [teardown@2] DEBUG c.b.testNgListeners.TestNGUtils - [populateTestDataForBSTestOps] The filename fetched :: C:\Users\xps\eclipse-workspace\Mobile\src\test\java\MargoExpress\Mobile\BaseTest.java, fileSeparator :: \, AbsolutePath :: C:\Users\xps\eclipse-workspace\Mobile\., Normalized Path :: C:\Users\xps\eclipse-workspace\Mobile, File.Separator :: \
11:17:59.084 [teardown@2] DEBUG c.b.testNgListeners.TestNGUtils - [populateTestDataForBSTestOps] Replaced File Name is :: Mobile\src\test\java\MargoExpress\Mobile\BaseTest.java, Absolute Path :: C:\Users\xps\eclipse-workspace\Mobile\.., Normalized Path :: C:\Users\xps\eclipse-workspace 
11:17:59.090 [teardown@2] DEBUG c.b.utils.SeleniumMethodUtils - getURLFromCommandExecutor: Getting Hub url from HttpCommandExecutor
11:17:59.090 [teardown@2] DEBUG c.b.utils.SeleniumMethodUtils - getURLFromCommandExecutor: Found url: https://hub-aps.browserstack.com/wd/hub
11:17:59.090 [teardown@2] DEBUG c.b.utils.SeleniumMethodUtils - getURLFromCommandExecutor: Getting Hub url from HttpCommandExecutor
11:17:59.090 [teardown@2] DEBUG c.b.utils.SeleniumMethodUtils - getURLFromCommandExecutor: Found url: https://hub-aps.browserstack.com/wd/hub
11:17:59.090 [teardown@2] DEBUG com.browserstack.testOps.Listener - [ TESTHUB ] Processing Request Kind HookRunStarted
11:17:59.090 [teardown@2] DEBUG c.browserstack.utils.LogReportingAPI - sendPlatformDetails: Can't send CBT info, as driver or test is not found
11:17:59.095 [teardown@1] DEBUG c.b.testNgListeners.TestNGUtils - [populateTestDataForBSTestOps] Event Type :: HookRunStarted, Method ClassName :: MargoExpress.Mobile.BaseTest 
11:17:59.096 [teardown@1] DEBUG c.browserstack.utils.UtilityMethods - [findFileMatcher] Current Path is :: C:\Users\xps\eclipse-workspace\Mobile, TestClass :: MargoExpress\Mobile\BaseTest
11:17:59.146 [teardown@1] DEBUG c.b.testNgListeners.TestNGUtils - [populateTestDataForBSTestOps] The filename fetched :: C:\Users\xps\eclipse-workspace\Mobile\src\test\java\MargoExpress\Mobile\BaseTest.java, fileSeparator :: \, AbsolutePath :: C:\Users\xps\eclipse-workspace\Mobile\., Normalized Path :: C:\Users\xps\eclipse-workspace\Mobile, File.Separator :: \
11:17:59.146 [teardown@1] DEBUG c.b.testNgListeners.TestNGUtils - [populateTestDataForBSTestOps] Replaced File Name is :: Mobile\src\test\java\MargoExpress\Mobile\BaseTest.java, Absolute Path :: C:\Users\xps\eclipse-workspace\Mobile\.., Normalized Path :: C:\Users\xps\eclipse-workspace 
11:17:59.151 [teardown@1] DEBUG c.b.utils.SeleniumMethodUtils - getURLFromCommandExecutor: Getting Hub url from HttpCommandExecutor
11:17:59.152 [teardown@1] DEBUG c.b.utils.SeleniumMethodUtils - getURLFromCommandExecutor: Found url: https://hub-aps.browserstack.com/wd/hub
11:17:59.152 [teardown@1] DEBUG c.b.utils.SeleniumMethodUtils - getURLFromCommandExecutor: Getting Hub url from HttpCommandExecutor
11:17:59.152 [teardown@1] DEBUG c.b.utils.SeleniumMethodUtils - getURLFromCommandExecutor: Found url: https://hub-aps.browserstack.com/wd/hub
11:17:59.152 [teardown@1] DEBUG com.browserstack.testOps.Listener - [ TESTHUB ] Processing Request Kind HookRunStarted
11:17:59.152 [teardown@1] DEBUG c.browserstack.utils.LogReportingAPI - sendPlatformDetails: Can't send CBT info, as driver or test is not found
11:18:00.502 [pool-4-thread-1] DEBUG c.browserstack.utils.RequestBatcher - Time Since Last Batch Processed 2005

11:18:00.502 [pool-5-thread-1] DEBUG c.browserstack.utils.RequestBatcher - Processing Batch 6

11:18:00.504 [pool-5-thread-1] DEBUG c.browserstack.testOps.RequestUtils - [requestToTestOps] Sending Observability request: POST api/v1/batch with request size 29913
11:18:00.506 [pool-5-thread-1] DEBUG c.browserstack.testOps.RequestUtils - [makeRequest] Sending request: POST https://collector-observability.browserstack.com/api/v1/batch with request size 29913
11:18:00.720 [pool-5-thread-1] DEBUG c.browserstack.testOps.RequestUtils - [makeRequest]: Response code: 200
11:18:00.720 [pool-5-thread-1] DEBUG c.browserstack.testOps.RequestUtils - requestToTestOps: Response code: 200
11:18:00.722 [pool-5-thread-1] DEBUG c.browserstack.utils.LogReportingAPI - 
[2024-11-05T07:18:00.722021Z][ TESTHUB ] Batch event successfull!

11:18:00.980 [selectProduct@0] DEBUG c.b.testNgListeners.TestNGUtils - [populateTestDataForBSTestOps] Event Type :: TestRunFinished, Test ClassName :: MargoExpress.Mobile.Ecommerce_Tc_4_Hybrid 
11:18:00.980 [selectProduct@0] DEBUG c.browserstack.utils.UtilityMethods - [findFileMatcher] Current Path is :: C:\Users\xps\eclipse-workspace\Mobile, TestClass :: MargoExpress\Mobile\Ecommerce_Tc_4_Hybrid
11:18:01.037 [selectProduct@0] DEBUG c.b.testNgListeners.TestNGUtils - [populateTestDataForBSTestOps] The filename fetched :: C:\Users\xps\eclipse-workspace\Mobile\src\test\java\MargoExpress\Mobile\Ecommerce_Tc_4_Hybrid.java, fileSeparator :: \, AbsolutePath :: C:\Users\xps\eclipse-workspace\Mobile\., Normalized Path :: C:\Users\xps\eclipse-workspace\Mobile, File.Separator :: \
11:18:01.037 [selectProduct@0] DEBUG c.b.testNgListeners.TestNGUtils - [populateTestDataForBSTestOps] Replaced File Name is :: Mobile\src\test\java\MargoExpress\Mobile\Ecommerce_Tc_4_Hybrid.java, Absolute Path :: C:\Users\xps\eclipse-workspace\Mobile\.., Normalized Path :: C:\Users\xps\eclipse-workspace 
11:18:01.040 [selectProduct@0] DEBUG c.b.utils.SeleniumMethodUtils - getURLFromCommandExecutor: Getting Hub url from HttpCommandExecutor
11:18:01.040 [selectProduct@0] DEBUG c.b.utils.SeleniumMethodUtils - getURLFromCommandExecutor: Found url: https://hub-aps.browserstack.com/wd/hub
11:18:01.040 [selectProduct@0] DEBUG c.b.utils.SeleniumMethodUtils - getURLFromCommandExecutor: Getting Hub url from HttpCommandExecutor
11:18:01.040 [selectProduct@0] DEBUG c.b.utils.SeleniumMethodUtils - getURLFromCommandExecutor: Found url: https://hub-aps.browserstack.com/wd/hub
11:18:01.042 [selectProduct@0] DEBUG com.browserstack.testOps.Listener - [ TESTHUB ] Processing Request Kind TestRunFinished
11:18:01.110 [Default test-0@0] DEBUG c.b.testNgListeners.TestNGUtils - [populateTestDataForBSTestOps] Event Type :: TestRunStarted, Test ClassName :: MargoExpress.Mobile.Ecommerce_Tc_4_Hybrid 
11:18:01.110 [Default test-0@0] DEBUG c.browserstack.utils.UtilityMethods - [findFileMatcher] Current Path is :: C:\Users\xps\eclipse-workspace\Mobile, TestClass :: MargoExpress\Mobile\Ecommerce_Tc_4_Hybrid
11:18:01.163 [Default test-0@0] DEBUG c.b.testNgListeners.TestNGUtils - [populateTestDataForBSTestOps] The filename fetched :: C:\Users\xps\eclipse-workspace\Mobile\src\test\java\MargoExpress\Mobile\Ecommerce_Tc_4_Hybrid.java, fileSeparator :: \, AbsolutePath :: C:\Users\xps\eclipse-workspace\Mobile\., Normalized Path :: C:\Users\xps\eclipse-workspace\Mobile, File.Separator :: \
11:18:01.164 [Default test-0@0] DEBUG c.b.testNgListeners.TestNGUtils - [populateTestDataForBSTestOps] Replaced File Name is :: Mobile\src\test\java\MargoExpress\Mobile\Ecommerce_Tc_4_Hybrid.java, Absolute Path :: C:\Users\xps\eclipse-workspace\Mobile\.., Normalized Path :: C:\Users\xps\eclipse-workspace 
11:18:01.175 [Default test-0@0] DEBUG c.b.utils.SeleniumMethodUtils - getURLFromCommandExecutor: Getting Hub url from HttpCommandExecutor
11:18:01.175 [Default test-0@0] DEBUG c.b.utils.SeleniumMethodUtils - getURLFromCommandExecutor: Found url: https://hub-aps.browserstack.com/wd/hub
11:18:01.175 [Default test-0@0] DEBUG c.b.utils.SeleniumMethodUtils - getURLFromCommandExecutor: Getting Hub url from HttpCommandExecutor
11:18:01.175 [Default test-0@0] DEBUG c.b.utils.SeleniumMethodUtils - getURLFromCommandExecutor: Found url: https://hub-aps.browserstack.com/wd/hub
11:18:01.179 [Default test-0@0] DEBUG com.browserstack.testOps.Listener - [ TESTHUB ] Processing Request Kind TestRunStarted
11:18:01.371 [verifyProductsAddedinCart@0] DEBUG com.browserstack.testOps.Listener - [ TESTHUB ] Processing Request Kind LogCreated
11:18:01.458 [verifyProductsAddedinCart@0] DEBUG com.browserstack.testOps.Listener - [ TESTHUB ] Processing Request Kind LogCreated
11:18:01.693 [verifyProductsAddedinCart@0] DEBUG com.browserstack.testOps.Listener - [ TESTHUB ] Processing Request Kind LogCreated
11:18:01.717 [teardown@2] DEBUG c.b.testNgListeners.TestNGUtils - [populateTestDataForBSTestOps] Event Type :: HookRunFinished, Method ClassName :: MargoExpress.Mobile.BaseTest 
11:18:01.717 [teardown@2] DEBUG c.browserstack.utils.UtilityMethods - [findFileMatcher] Current Path is :: C:\Users\xps\eclipse-workspace\Mobile, TestClass :: MargoExpress\Mobile\BaseTest
11:18:01.790 [teardown@2] DEBUG c.b.testNgListeners.TestNGUtils - [populateTestDataForBSTestOps] The filename fetched :: C:\Users\xps\eclipse-workspace\Mobile\src\test\java\MargoExpress\Mobile\BaseTest.java, fileSeparator :: \, AbsolutePath :: C:\Users\xps\eclipse-workspace\Mobile\., Normalized Path :: C:\Users\xps\eclipse-workspace\Mobile, File.Separator :: \
11:18:01.790 [teardown@2] DEBUG c.b.testNgListeners.TestNGUtils - [populateTestDataForBSTestOps] Replaced File Name is :: Mobile\src\test\java\MargoExpress\Mobile\BaseTest.java, Absolute Path :: C:\Users\xps\eclipse-workspace\Mobile\.., Normalized Path :: C:\Users\xps\eclipse-workspace 
11:18:01.791 [teardown@2] DEBUG com.browserstack.testOps.Listener - [ TESTHUB ] Processing Request Kind HookRunFinished
11:18:01.795 [teardown@2] DEBUG c.b.utils.FunnelInstrumentation - Unable to parse data from processes. Exception: Unexpected token END OF FILE at position 0.
	at browserstack.shaded.org.json.simple.parser.JSONParser.parse(Unknown Source)
	at browserstack.shaded.org.json.simple.parser.JSONParser.parse(Unknown Source)
	at browserstack.shaded.org.json.simple.parser.JSONParser.parse(Unknown Source)
	at com.browserstack.utils.FunnelInstrumentation.getFormattedDataFromProcesses(Unknown Source)
	at com.browserstack.utils.FunnelInstrumentation.createParamsForEvent(Unknown Source)
	at com.browserstack.utils.FunnelInstrumentation.sendSDKEvent(Unknown Source)
	at com.browserstack.testNgListeners.TmpSuiteListener.onFinish(Unknown Source)
	at org.testng.TestRunner.fireEvent(TestRunner.java:873)
	at org.testng.TestRunner.afterRun(TestRunner.java:828)
	at org.testng.TestRunner.run(TestRunner.java:616)
	at org.testng.SuiteRunner.runTest(SuiteRunner.java:421)
	at org.testng.SuiteRunner$SuiteWorker.run(SuiteRunner.java:463)
	at org.testng.internal.thread.ThreadUtil.lambda$execute$0(ThreadUtil.java:64)
	at java.base/java.util.concurrent.FutureTask.run(FutureTask.java:317)
	at java.base/java.util.concurrent.ThreadPoolExecutor.runWorker(ThreadPoolExecutor.java:1144)
	at java.base/java.util.concurrent.ThreadPoolExecutor$Worker.run(ThreadPoolExecutor.java:642)
	at java.base/java.lang.Thread.run(Thread.java:1583)

11:18:01.795 [teardown@2] DEBUG com.browserstack.testOps.UsageStats - getFormattedData: Collecting data for TestObservability
11:18:01.795 [teardown@2] DEBUG com.browserstack.testOps.UsageStats - getEventStats: Getting event data for TestObservability
11:18:01.803 [teardown@2] DEBUG com.browserstack.testOps.UsageStats - [OBSERVABILITY] Failed to parse data from workers
11:18:01.876 [teardown@2] DEBUG c.b.utils.FunnelInstrumentation - Sending funnel data for SDKTestSuccessful with data: {"event_type":"SDKTestSuccessful","accessKey":"1XSLBqNLYzWiPhqyqy9L","userName":"roshinsurendran_Sh2ZAM","event_properties":{"isPercyAutoEnabled":false,"language":"java","sdkRunId":"90b1b6ee-7395-4c9d-8503-6e9a768fc702","buildIdentifier":"#5","error":"[{\"tests\":{\"MargoExpress.Mobile.Ecommerce_Tc_4_Hybrid-verifyProductsAddedinCart\":\"Unknown mobile command \\\"longClickGesture\\\". Only shell,scrollBackTo,viewportScreenshot,deepLink,startLogsBroadcast,stopLogsBroadcast,acceptAlert,dismissAlert,batteryInfo,deviceInfo,changePermissions,getPermissions,performEditorAction,startScreenStreaming,stopScreenStreaming,getNotifications,listSms,type commands are supported. Build info: version: '4.26.0', revision: '8ccf0219d7' System info: os.name: 'Windows 11', os.arch: 'amd64', os.version: '10.0', java.version: '21.0.3' Driver info: io.appium.java_client.android.AndroidDriver Command: [2159cd1d888b9671c90f60ef1c284587f5d2402f, executeScript {script=mobile: longClickGesture, args=[{elementId=1e6b667e-745a-4a77-8562-b3ac77d2dde7, duration=2000}]}] Capabilities {appium:appActivity: com.androidsample.generalst..., appium:appPackage: com.androidsample.generalstore, appium:automationName: uiautomator2, appium:bundleID: com.androidsample.generalstore, appium:bundleId: com.androidsample.generalstore, appium:chromedriverPort: 18080, appium:chromedriverPorts: [[18100, 18110]], appium:databaseEnabled: false, appium:desired: {appActivity: com.androidsample.generalst..., appPackage: com.androidsample.generalstore, automationName: uiautomator2, bstack:options: {buildIdentifier: #5, hostName: Roshin, localIdentifier: 05_Nov_1117_Roshin_zcvy}, bundleID: com.androidsample.generalstore, bundleId: com.androidsample.generalstore, chromedriverPort: 18080, chromedriverPorts: [[18100, 18110]], deviceName: pixel 8 pro emulator, disableSuppressAccessibilityService: true, goog:chromeOptions: {}, nativeWebScreenshot: true, newCommandTimeout: 0, platformName: Android, skipServerInstallation: true, systemPort: 8200, udid: R5CRA1RVJ6Z}, appium:deviceApiLevel: 30, appium:deviceManufacturer: samsung, appium:deviceModel: SM-G991B, appium:deviceName: R5CRA1RVJ6Z, appium:deviceScreenDensity: 480, appium:deviceScreenSize: 1080x2400, appium:deviceUDID: R5CRA1RVJ6Z, appium:disableSuppressAccessibilityService: true, appium:javascriptEnabled: true, appium:locationContextEnabled: false, appium:nativeWebScreenshot: true, appium:networkConnectionEnabled: true, appium:newCommandTimeout: 0, appium:optimalHubUrl: hub-aps.browserstack.com, appium:pixelRatio: 3, appium:platformVersion: 11, appium:skipServerInstallation: true, appium:statBarHeight: 79, appium:systemPort: 8200, appium:takesScreenshot: true, appium:udid: R5CRA1RVJ6Z, appium:viewportRect: {height: 2097, left: 0, top: 79, width: 1080}, appium:warnings: {}, appium:webStorageEnabled: false, bstack:options: {buildIdentifier: #5, hostName: Roshin, localIdentifier: 05_Nov_1117_Roshin_zcvy}, goog:chromeOptions: {}, platformName: ANDROID} Session ID: 2159cd1d888b9671c90f60ef1c284587f5d2402f\"},\"platformVersion\":\"11.0\",\"deviceName\":\"Samsung Galaxy S21\"},{\"tests\":{\"MargoExpress.Mobile.Ecommerce_Tc_4_Hybrid-verifyProductsAddedinCart\":\"Unknown mobile command \\\"longClickGesture\\\". Only shell,scrollBackTo,viewportScreenshot,deepLink,startLogsBroadcast,stopLogsBroadcast,acceptAlert,dismissAlert,batteryInfo,deviceInfo,changePermissions,getPermissions,performEditorAction,startScreenStreaming,stopScreenStreaming,getNotifications,listSms,type commands are supported. Build info: version: '4.26.0', revision: '8ccf0219d7' System info: os.name: 'Windows 11', os.arch: 'amd64', os.version: '10.0', java.version: '21.0.3' Driver info: io.appium.java_client.android.AndroidDriver Command: [3e68c9dfd1df0a7bd17301e076fcab039b6d6dcc, executeScript {script=mobile: longClickGesture, args=[{elementId=5e400b3c-19ba-4e99-9c76-b463e99f5dfc, duration=2000}]}] Capabilities {appium:appActivity: com.androidsample.generalst..., appium:appPackage: com.androidsample.generalstore, appium:automationName: uiautomator2, appium:bundleID: com.androidsample.generalstore, appium:bundleId: com.androidsample.generalstore, appium:chromedriverPort: 18081, appium:chromedriverPorts: [[18111, 18121]], appium:databaseEnabled: false, appium:desired: {appActivity: com.androidsample.generalst..., appPackage: com.androidsample.generalstore, automationName: uiautomator2, bstack:options: {buildIdentifier: #5, hostName: Roshin, localIdentifier: 05_Nov_1117_Roshin_zcvy}, bundleID: com.androidsample.generalstore, bundleId: com.androidsample.generalstore, chromedriverPort: 18081, chromedriverPorts: [[18111, 18121]], deviceName: pixel 8 pro emulator, disableSuppressAccessibilityService: true, goog:chromeOptions: {}, nativeWebScreenshot: true, newCommandTimeout: 0, platformName: Android, skipServerInstallation: true, systemPort: 8201, udid: 23091FDEE006ZG}, appium:deviceApiLevel: 31, appium:deviceManufacturer: Google, appium:deviceModel: Pixel 6 Pro, appium:deviceName: 23091FDEE006ZG, appium:deviceScreenDensity: 560, appium:deviceScreenSize: 1440x3120, appium:deviceUDID: 23091FDEE006ZG, appium:disableSuppressAccessibilityService: true, appium:javascriptEnabled: true, appium:locationContextEnabled: false, appium:nativeWebScreenshot: true, appium:networkConnectionEnabled: true, appium:newCommandTimeout: 0, appium:optimalHubUrl: hub-aps.browserstack.com, appium:pixelRatio: 3.5, appium:platformVersion: 12, appium:skipServerInstallation: true, appium:statBarHeight: 145, appium:systemPort: 8201, appium:takesScreenshot: true, appium:udid: 23091FDEE006ZG, appium:viewportRect: {height: 2789, left: 0, top: 145, width: 1440}, appium:warnings: {}, appium:webStorageEnabled: false, bstack:options: {buildIdentifier: #5, hostName: Roshin, localIdentifier: 05_Nov_1117_Roshin_zcvy}, goog:chromeOptions: {}, platformName: ANDROID} Session ID: 3e68c9dfd1df0a7bd17301e076fcab039b6d6dcc\"},\"platformVersion\":\"12.0\",\"deviceName\":\"Google Pixel 6 Pro\"}]","testhub_uuid":"3ohpmky932giq0mw8rgxzjroi9bwjocotv9trxaq","detectedAppiumVersion":"null","productMap":{"app_automate":true,"accessibility":false,"automate":false,"percy":false,"observability":true,"turboscale":false},"hostname":"Roshin","measures":{"percy:start":710,"local:start":6335,"sdk:setup":14504},"productUsage":{"testObservability":{"buildHashedId":"3ohpmky932giq0mw8rgxzjroi9bwjocotv9trxaq","manuallySet":false,"enabled":true,"events":{"hookEvents":{"started":{"errors":[],"failedCount":0,"triggeredCount":5,"sentCount":5},"finished":{"triggeredCount":4,"failedCount":0,"errors":[],"sentCount":3},"passed":{"errors":[],"failedCount":0,"triggeredCount":4,"sentCount":3}},"logEvents":{"errors":[],"failedCount":0,"triggeredCount":154,"sentCount":152,"log":{"errors":[],"failedCount":0,"triggeredCount":155,"sentCount":152}},"testEvents":{"started":{"errors":[],"failedCount":0,"triggeredCount":9,"sentCount":8},"finished":{"triggeredCount":8,"failedCount":0,"errors":[],"sentCount":7},"failed":{"errors":[],"failedCount":0,"triggeredCount":2,"sentCount":2},"passed":{"errors":[],"failedCount":0,"triggeredCount":6,"sentCount":5}},"batchEvents":{"triggeredCount":5,"failedCount":0,"errors":[],"sentCount":5},"cbtSessionEvents":{"errors":[],"failedCount":0,"triggeredCount":0,"sentCount":0},"buildEvents":{"started":{"error":null,"triggered":true,"status":"success"},"finished":{"error":null,"triggered":null,"status":null}}}}},"browserStackConfig":{"browserstackLocal":true,"percy":false,"logLevel":"info","staticWebDriver":true,"autoDetectFramework":true,"percyCaptureMode":"MANUAL","browserStackLocalOptions":{"localIdentifier":"05_Nov_1117_Roshin_zcvy","key":"****"},"percyOptions":{},"testContextOptions":{"skipSessionStatus":false,"serenityOverridePlugin":false,"skipSessionName":false},"platforms":[{"browser":null,"os":null,"device":"Samsung Galaxy S22 Ultra","osVersion":null,"browserVersion":null,"capabilities":{"platformVersion":12.0,"platformName":"android","deviceName":"Samsung Galaxy S22 Ultra"},"platformCaps":{"platformVersion":12.0,"platformName":"android","deviceName":"Samsung Galaxy S22 Ultra"},"platformString":"Samsung Galaxy S22 Ultra, 12.0","customVariables":"****"},{"browser":null,"os":null,"device":"Samsung Galaxy S21","osVersion":null,"browserVersion":null,"capabilities":{"platformVersion":11.0,"platformName":"android","deviceName":"Samsung Galaxy S21"},"platformCaps":{"platformVersion":11.0,"platformName":"android","deviceName":"Samsung Galaxy S21"},"platformString":"Samsung Galaxy S21, 11.0","customVariables":"****"},{"browser":null,"os":null,"device":"Google Pixel 6 Pro","osVersion":null,"browserVersion":null,"capabilities":{"platformVersion":12.0,"platformName":"android","deviceName":"Google Pixel 6 Pro"},"platformCaps":{"platformVersion":12.0,"platformName":"android","deviceName":"Google Pixel 6 Pro"},"platformString":"Google Pixel 6 Pro, 12.0","customVariables":"****"}],"parallelsPerPlatform":1,"framework":"testng","accessibility":false,"accessibilityOptions":{},"turboScaleOptions":{},"disableAutoCaptureLogs":true,"testObservability":true,"browserstackAutomation":true,"turboScale":false,"testObservabilityOptions":{},"gradleMConfig":null,"proxySettings":null},"percyBuildId":null,"product":"[app-automate, observability]","buildName":"browserstack build","os":"Windows 11","languageVersion":"21.0.3","appiumVersion":"9.3.0","frameworkDetectionInstrumentation":{"parseLoadClass":17,"ret-org.openqa.selenium.remote.RemoteWebDriver":511,"retransformClasses":511,"parseDependencies":29},"userFramework":"testng","detectedDependencies":"testng","referrer":"testng-javaagent\/1.26.4","locationTrigger":"onFinish","language_framework":"java_testng","detectedFramework":"testng","testOrchestration":{"abortBuildOnFailure":{"enabled":false},"retryTestsOnFailure":{"enabled":false},"userConfig":{}},"detectedSeleniumVersion":"4.26.0","seleniumVersion":"4.26.0"}}
11:18:02.005 [verifyProductsAddedinCart@0] DEBUG c.b.testNgListeners.TestNGUtils - [populateTestDataForBSTestOps] Event Type :: TestRunFinished, Test ClassName :: MargoExpress.Mobile.Ecommerce_Tc_4_Hybrid 
11:18:02.005 [verifyProductsAddedinCart@0] DEBUG c.browserstack.utils.UtilityMethods - [findFileMatcher] Current Path is :: C:\Users\xps\eclipse-workspace\Mobile, TestClass :: MargoExpress\Mobile\Ecommerce_Tc_4_Hybrid
11:18:02.088 [teardown@1] DEBUG c.b.testNgListeners.TestNGUtils - [populateTestDataForBSTestOps] Event Type :: HookRunFinished, Method ClassName :: MargoExpress.Mobile.BaseTest 
11:18:02.088 [teardown@1] DEBUG c.browserstack.utils.UtilityMethods - [findFileMatcher] Current Path is :: C:\Users\xps\eclipse-workspace\Mobile, TestClass :: MargoExpress\Mobile\BaseTest
11:18:02.092 [verifyProductsAddedinCart@0] DEBUG c.b.testNgListeners.TestNGUtils - [populateTestDataForBSTestOps] The filename fetched :: C:\Users\xps\eclipse-workspace\Mobile\src\test\java\MargoExpress\Mobile\Ecommerce_Tc_4_Hybrid.java, fileSeparator :: \, AbsolutePath :: C:\Users\xps\eclipse-workspace\Mobile\., Normalized Path :: C:\Users\xps\eclipse-workspace\Mobile, File.Separator :: \
11:18:02.093 [verifyProductsAddedinCart@0] DEBUG c.b.testNgListeners.TestNGUtils - [populateTestDataForBSTestOps] Replaced File Name is :: Mobile\src\test\java\MargoExpress\Mobile\Ecommerce_Tc_4_Hybrid.java, Absolute Path :: C:\Users\xps\eclipse-workspace\Mobile\.., Normalized Path :: C:\Users\xps\eclipse-workspace 
11:18:02.100 [verifyProductsAddedinCart@0] DEBUG c.b.utils.SeleniumMethodUtils - getURLFromCommandExecutor: Getting Hub url from HttpCommandExecutor
11:18:02.101 [verifyProductsAddedinCart@0] DEBUG c.b.utils.SeleniumMethodUtils - getURLFromCommandExecutor: Found url: https://hub-aps.browserstack.com/wd/hub
11:18:02.101 [verifyProductsAddedinCart@0] DEBUG c.b.utils.SeleniumMethodUtils - getURLFromCommandExecutor: Getting Hub url from HttpCommandExecutor
11:18:02.101 [verifyProductsAddedinCart@0] DEBUG c.b.utils.SeleniumMethodUtils - getURLFromCommandExecutor: Found url: https://hub-aps.browserstack.com/wd/hub
11:18:02.103 [verifyProductsAddedinCart@0] DEBUG com.browserstack.testOps.Listener - [ TESTHUB ] Processing Request Kind TestRunFinished
11:18:02.179 [teardown@0] DEBUG c.b.testNgListeners.TestNGUtils - [populateTestDataForBSTestOps] Event Type :: HookRunStarted, Method ClassName :: MargoExpress.Mobile.BaseTest 
11:18:02.179 [teardown@0] DEBUG c.browserstack.utils.UtilityMethods - [findFileMatcher] Current Path is :: C:\Users\xps\eclipse-workspace\Mobile, TestClass :: MargoExpress\Mobile\BaseTest
11:18:02.189 [teardown@1] DEBUG c.b.testNgListeners.TestNGUtils - [populateTestDataForBSTestOps] The filename fetched :: C:\Users\xps\eclipse-workspace\Mobile\src\test\java\MargoExpress\Mobile\BaseTest.java, fileSeparator :: \, AbsolutePath :: C:\Users\xps\eclipse-workspace\Mobile\., Normalized Path :: C:\Users\xps\eclipse-workspace\Mobile, File.Separator :: \
11:18:02.190 [teardown@1] DEBUG c.b.testNgListeners.TestNGUtils - [populateTestDataForBSTestOps] Replaced File Name is :: Mobile\src\test\java\MargoExpress\Mobile\BaseTest.java, Absolute Path :: C:\Users\xps\eclipse-workspace\Mobile\.., Normalized Path :: C:\Users\xps\eclipse-workspace 
11:18:02.190 [teardown@1] DEBUG com.browserstack.testOps.Listener - [ TESTHUB ] Processing Request Kind HookRunFinished
11:18:02.192 [teardown@1] DEBUG c.b.utils.FunnelInstrumentation - Unable to parse data from processes. Exception: Unexpected token END OF FILE at position 0.
	at browserstack.shaded.org.json.simple.parser.JSONParser.parse(Unknown Source)
	at browserstack.shaded.org.json.simple.parser.JSONParser.parse(Unknown Source)
	at browserstack.shaded.org.json.simple.parser.JSONParser.parse(Unknown Source)
	at com.browserstack.utils.FunnelInstrumentation.getFormattedDataFromProcesses(Unknown Source)
	at com.browserstack.utils.FunnelInstrumentation.createParamsForEvent(Unknown Source)
	at com.browserstack.utils.FunnelInstrumentation.sendSDKEvent(Unknown Source)
	at com.browserstack.testNgListeners.TmpSuiteListener.onFinish(Unknown Source)
	at org.testng.TestRunner.fireEvent(TestRunner.java:873)
	at org.testng.TestRunner.afterRun(TestRunner.java:828)
	at org.testng.TestRunner.run(TestRunner.java:616)
	at org.testng.SuiteRunner.runTest(SuiteRunner.java:421)
	at org.testng.SuiteRunner$SuiteWorker.run(SuiteRunner.java:463)
	at org.testng.internal.thread.ThreadUtil.lambda$execute$0(ThreadUtil.java:64)
	at java.base/java.util.concurrent.FutureTask.run(FutureTask.java:317)
	at java.base/java.util.concurrent.ThreadPoolExecutor.runWorker(ThreadPoolExecutor.java:1144)
	at java.base/java.util.concurrent.ThreadPoolExecutor$Worker.run(ThreadPoolExecutor.java:642)
	at java.base/java.lang.Thread.run(Thread.java:1583)

11:18:02.193 [teardown@1] DEBUG com.browserstack.testOps.UsageStats - getFormattedData: Collecting data for TestObservability
11:18:02.193 [teardown@1] DEBUG com.browserstack.testOps.UsageStats - getEventStats: Getting event data for TestObservability
11:18:02.193 [teardown@1] DEBUG com.browserstack.testOps.UsageStats - [OBSERVABILITY] Failed to parse data from workers
11:18:02.216 [teardown@1] DEBUG c.b.utils.FunnelInstrumentation - Sending funnel data for SDKTestSuccessful with data: {"event_type":"SDKTestSuccessful","accessKey":"1XSLBqNLYzWiPhqyqy9L","userName":"roshinsurendran_Sh2ZAM","event_properties":{"isPercyAutoEnabled":false,"language":"java","sdkRunId":"90b1b6ee-7395-4c9d-8503-6e9a768fc702","buildIdentifier":"#5","error":"[{\"tests\":{\"MargoExpress.Mobile.Ecommerce_Tc_4_Hybrid-verifyProductsAddedinCart\":\"Unknown mobile command \\\"longClickGesture\\\". Only shell,scrollBackTo,viewportScreenshot,deepLink,startLogsBroadcast,stopLogsBroadcast,acceptAlert,dismissAlert,batteryInfo,deviceInfo,changePermissions,getPermissions,performEditorAction,startScreenStreaming,stopScreenStreaming,getNotifications,listSms,type commands are supported. Build info: version: '4.26.0', revision: '8ccf0219d7' System info: os.name: 'Windows 11', os.arch: 'amd64', os.version: '10.0', java.version: '21.0.3' Driver info: io.appium.java_client.android.AndroidDriver Command: [1c471cb54acbe635d422b3ed7ba63b8bb8ab5e65, executeScript {script=mobile: longClickGesture, args=[{elementId=7aa254d4-1144-44de-9ca8-3566d76cff15, duration=2000}]}] Capabilities {appium:appActivity: com.androidsample.generalst..., appium:appPackage: com.androidsample.generalstore, appium:automationName: uiautomator2, appium:bundleID: com.androidsample.generalstore, appium:bundleId: com.androidsample.generalstore, appium:chromedriverPort: 18080, appium:chromedriverPorts: [[18100, 18110]], appium:databaseEnabled: false, appium:desired: {appActivity: com.androidsample.generalst..., appPackage: com.androidsample.generalstore, automationName: uiautomator2, bstack:options: {buildIdentifier: #5, hostName: Roshin, localIdentifier: 05_Nov_1117_Roshin_zcvy}, bundleID: com.androidsample.generalstore, bundleId: com.androidsample.generalstore, chromedriverPort: 18080, chromedriverPorts: [[18100, 18110]], deviceName: pixel 8 pro emulator, disableSuppressAccessibilityService: true, goog:chromeOptions: {}, nativeWebScreenshot: true, newCommandTimeout: 0, platformName: Android, skipServerInstallation: true, systemPort: 8200, udid: R5CT238S4XF}, appium:deviceApiLevel: 31, appium:deviceManufacturer: samsung, appium:deviceModel: SM-S908E, appium:deviceName: R5CT238S4XF, appium:deviceScreenDensity: 450, appium:deviceScreenSize: 1080x2316, appium:deviceUDID: R5CT238S4XF, appium:disableSuppressAccessibilityService: true, appium:javascriptEnabled: true, appium:locationContextEnabled: false, appium:nativeWebScreenshot: true, appium:networkConnectionEnabled: true, appium:newCommandTimeout: 0, appium:optimalHubUrl: hub-aps.browserstack.com, appium:pixelRatio: 2.8125, appium:platformVersion: 12, appium:skipServerInstallation: true, appium:statBarHeight: 75, appium:systemPort: 8200, appium:takesScreenshot: true, appium:udid: R5CT238S4XF, appium:viewportRect: {height: 2031, left: 0, top: 75, width: 1080}, appium:warnings: {}, appium:webStorageEnabled: false, bstack:options: {buildIdentifier: #5, hostName: Roshin, localIdentifier: 05_Nov_1117_Roshin_zcvy}, goog:chromeOptions: {}, platformName: ANDROID} Session ID: 1c471cb54acbe635d422b3ed7ba63b8bb8ab5e65\"},\"platformVersion\":\"12.0\",\"deviceName\":\"Samsung Galaxy S22 Ultra\"},{\"tests\":{\"MargoExpress.Mobile.Ecommerce_Tc_4_Hybrid-verifyProductsAddedinCart\":\"Unknown mobile command \\\"longClickGesture\\\". Only shell,scrollBackTo,viewportScreenshot,deepLink,startLogsBroadcast,stopLogsBroadcast,acceptAlert,dismissAlert,batteryInfo,deviceInfo,changePermissions,getPermissions,performEditorAction,startScreenStreaming,stopScreenStreaming,getNotifications,listSms,type commands are supported. Build info: version: '4.26.0', revision: '8ccf0219d7' System info: os.name: 'Windows 11', os.arch: 'amd64', os.version: '10.0', java.version: '21.0.3' Driver info: io.appium.java_client.android.AndroidDriver Command: [2159cd1d888b9671c90f60ef1c284587f5d2402f, executeScript {script=mobile: longClickGesture, args=[{elementId=1e6b667e-745a-4a77-8562-b3ac77d2dde7, duration=2000}]}] Capabilities {appium:appActivity: com.androidsample.generalst..., appium:appPackage: com.androidsample.generalstore, appium:automationName: uiautomator2, appium:bundleID: com.androidsample.generalstore, appium:bundleId: com.androidsample.generalstore, appium:chromedriverPort: 18080, appium:chromedriverPorts: [[18100, 18110]], appium:databaseEnabled: false, appium:desired: {appActivity: com.androidsample.generalst..., appPackage: com.androidsample.generalstore, automationName: uiautomator2, bstack:options: {buildIdentifier: #5, hostName: Roshin, localIdentifier: 05_Nov_1117_Roshin_zcvy}, bundleID: com.androidsample.generalstore, bundleId: com.androidsample.generalstore, chromedriverPort: 18080, chromedriverPorts: [[18100, 18110]], deviceName: pixel 8 pro emulator, disableSuppressAccessibilityService: true, goog:chromeOptions: {}, nativeWebScreenshot: true, newCommandTimeout: 0, platformName: Android, skipServerInstallation: true, systemPort: 8200, udid: R5CRA1RVJ6Z}, appium:deviceApiLevel: 30, appium:deviceManufacturer: samsung, appium:deviceModel: SM-G991B, appium:deviceName: R5CRA1RVJ6Z, appium:deviceScreenDensity: 480, appium:deviceScreenSize: 1080x2400, appium:deviceUDID: R5CRA1RVJ6Z, appium:disableSuppressAccessibilityService: true, appium:javascriptEnabled: true, appium:locationContextEnabled: false, appium:nativeWebScreenshot: true, appium:networkConnectionEnabled: true, appium:newCommandTimeout: 0, appium:optimalHubUrl: hub-aps.browserstack.com, appium:pixelRatio: 3, appium:platformVersion: 11, appium:skipServerInstallation: true, appium:statBarHeight: 79, appium:systemPort: 8200, appium:takesScreenshot: true, appium:udid: R5CRA1RVJ6Z, appium:viewportRect: {height: 2097, left: 0, top: 79, width: 1080}, appium:warnings: {}, appium:webStorageEnabled: false, bstack:options: {buildIdentifier: #5, hostName: Roshin, localIdentifier: 05_Nov_1117_Roshin_zcvy}, goog:chromeOptions: {}, platformName: ANDROID} Session ID: 2159cd1d888b9671c90f60ef1c284587f5d2402f\"},\"platformVersion\":\"11.0\",\"deviceName\":\"Samsung Galaxy S21\"},{\"tests\":{\"MargoExpress.Mobile.Ecommerce_Tc_4_Hybrid-verifyProductsAddedinCart\":\"Unknown mobile command \\\"longClickGesture\\\". Only shell,scrollBackTo,viewportScreenshot,deepLink,startLogsBroadcast,stopLogsBroadcast,acceptAlert,dismissAlert,batteryInfo,deviceInfo,changePermissions,getPermissions,performEditorAction,startScreenStreaming,stopScreenStreaming,getNotifications,listSms,type commands are supported. Build info: version: '4.26.0', revision: '8ccf0219d7' System info: os.name: 'Windows 11', os.arch: 'amd64', os.version: '10.0', java.version: '21.0.3' Driver info: io.appium.java_client.android.AndroidDriver Command: [3e68c9dfd1df0a7bd17301e076fcab039b6d6dcc, executeScript {script=mobile: longClickGesture, args=[{elementId=5e400b3c-19ba-4e99-9c76-b463e99f5dfc, duration=2000}]}] Capabilities {appium:appActivity: com.androidsample.generalst..., appium:appPackage: com.androidsample.generalstore, appium:automationName: uiautomator2, appium:bundleID: com.androidsample.generalstore, appium:bundleId: com.androidsample.generalstore, appium:chromedriverPort: 18081, appium:chromedriverPorts: [[18111, 18121]], appium:databaseEnabled: false, appium:desired: {appActivity: com.androidsample.generalst..., appPackage: com.androidsample.generalstore, automationName: uiautomator2, bstack:options: {buildIdentifier: #5, hostName: Roshin, localIdentifier: 05_Nov_1117_Roshin_zcvy}, bundleID: com.androidsample.generalstore, bundleId: com.androidsample.generalstore, chromedriverPort: 18081, chromedriverPorts: [[18111, 18121]], deviceName: pixel 8 pro emulator, disableSuppressAccessibilityService: true, goog:chromeOptions: {}, nativeWebScreenshot: true, newCommandTimeout: 0, platformName: Android, skipServerInstallation: true, systemPort: 8201, udid: 23091FDEE006ZG}, appium:deviceApiLevel: 31, appium:deviceManufacturer: Google, appium:deviceModel: Pixel 6 Pro, appium:deviceName: 23091FDEE006ZG, appium:deviceScreenDensity: 560, appium:deviceScreenSize: 1440x3120, appium:deviceUDID: 23091FDEE006ZG, appium:disableSuppressAccessibilityService: true, appium:javascriptEnabled: true, appium:locationContextEnabled: false, appium:nativeWebScreenshot: true, appium:networkConnectionEnabled: true, appium:newCommandTimeout: 0, appium:optimalHubUrl: hub-aps.browserstack.com, appium:pixelRatio: 3.5, appium:platformVersion: 12, appium:skipServerInstallation: true, appium:statBarHeight: 145, appium:systemPort: 8201, appium:takesScreenshot: true, appium:udid: 23091FDEE006ZG, appium:viewportRect: {height: 2789, left: 0, top: 145, width: 1440}, appium:warnings: {}, appium:webStorageEnabled: false, bstack:options: {buildIdentifier: #5, hostName: Roshin, localIdentifier: 05_Nov_1117_Roshin_zcvy}, goog:chromeOptions: {}, platformName: ANDROID} Session ID: 3e68c9dfd1df0a7bd17301e076fcab039b6d6dcc\"},\"platformVersion\":\"12.0\",\"deviceName\":\"Google Pixel 6 Pro\"}]","testhub_uuid":"3ohpmky932giq0mw8rgxzjroi9bwjocotv9trxaq","detectedAppiumVersion":"null","productMap":{"app_automate":true,"accessibility":false,"automate":false,"percy":false,"observability":true,"turboscale":false},"hostname":"Roshin","measures":{"percy:start":710,"local:start":6335,"sdk:setup":14504},"productUsage":{"testObservability":{"buildHashedId":"3ohpmky932giq0mw8rgxzjroi9bwjocotv9trxaq","manuallySet":false,"enabled":true,"events":{"hookEvents":{"started":{"errors":[],"failedCount":0,"triggeredCount":5,"sentCount":5},"finished":{"triggeredCount":5,"failedCount":0,"errors":[],"sentCount":3},"passed":{"errors":[],"failedCount":0,"triggeredCount":5,"sentCount":3}},"logEvents":{"errors":[],"failedCount":0,"triggeredCount":154,"sentCount":152,"log":{"errors":[],"failedCount":0,"triggeredCount":155,"sentCount":152}},"testEvents":{"started":{"errors":[],"failedCount":0,"triggeredCount":9,"sentCount":8},"finished":{"triggeredCount":9,"failedCount":0,"errors":[],"sentCount":7},"failed":{"errors":[],"failedCount":0,"triggeredCount":3,"sentCount":2},"passed":{"errors":[],"failedCount":0,"triggeredCount":6,"sentCount":5}},"batchEvents":{"triggeredCount":5,"failedCount":0,"errors":[],"sentCount":5},"cbtSessionEvents":{"errors":[],"failedCount":0,"triggeredCount":0,"sentCount":0},"buildEvents":{"started":{"error":null,"triggered":true,"status":"success"},"finished":{"error":null,"triggered":null,"status":null}}}}},"browserStackConfig":{"browserstackLocal":true,"percy":false,"logLevel":"info","staticWebDriver":true,"autoDetectFramework":true,"percyCaptureMode":"MANUAL","browserStackLocalOptions":{"localIdentifier":"05_Nov_1117_Roshin_zcvy","key":"****"},"percyOptions":{},"testContextOptions":{"skipSessionStatus":false,"serenityOverridePlugin":false,"skipSessionName":false},"platforms":[{"browser":null,"os":null,"device":"Samsung Galaxy S22 Ultra","osVersion":null,"browserVersion":null,"capabilities":{"platformVersion":12.0,"platformName":"android","deviceName":"Samsung Galaxy S22 Ultra"},"platformCaps":{"platformVersion":12.0,"platformName":"android","deviceName":"Samsung Galaxy S22 Ultra"},"platformString":"Samsung Galaxy S22 Ultra, 12.0","customVariables":"****"},{"browser":null,"os":null,"device":"Samsung Galaxy S21","osVersion":null,"browserVersion":null,"capabilities":{"platformVersion":11.0,"platformName":"android","deviceName":"Samsung Galaxy S21"},"platformCaps":{"platformVersion":11.0,"platformName":"android","deviceName":"Samsung Galaxy S21"},"platformString":"Samsung Galaxy S21, 11.0","customVariables":"****"},{"browser":null,"os":null,"device":"Google Pixel 6 Pro","osVersion":null,"browserVersion":null,"capabilities":{"platformVersion":12.0,"platformName":"android","deviceName":"Google Pixel 6 Pro"},"platformCaps":{"platformVersion":12.0,"platformName":"android","deviceName":"Google Pixel 6 Pro"},"platformString":"Google Pixel 6 Pro, 12.0","customVariables":"****"}],"parallelsPerPlatform":1,"framework":"testng","accessibility":false,"accessibilityOptions":{},"turboScaleOptions":{},"disableAutoCaptureLogs":true,"testObservability":true,"browserstackAutomation":true,"turboScale":false,"testObservabilityOptions":{},"gradleMConfig":null,"proxySettings":null},"percyBuildId":null,"product":"[app-automate, observability]","buildName":"browserstack build","os":"Windows 11","languageVersion":"21.0.3","appiumVersion":"9.3.0","frameworkDetectionInstrumentation":{"parseLoadClass":17,"ret-org.openqa.selenium.remote.RemoteWebDriver":511,"retransformClasses":511,"parseDependencies":29},"userFramework":"testng","detectedDependencies":"testng","referrer":"testng-javaagent\/1.26.4","locationTrigger":"onFinish","language_framework":"java_testng","detectedFramework":"testng","testOrchestration":{"abortBuildOnFailure":{"enabled":false},"retryTestsOnFailure":{"enabled":false},"userConfig":{}},"detectedSeleniumVersion":"4.26.0","seleniumVersion":"4.26.0"}}
11:18:02.291 [teardown@0] DEBUG c.b.testNgListeners.TestNGUtils - [populateTestDataForBSTestOps] The filename fetched :: C:\Users\xps\eclipse-workspace\Mobile\src\test\java\MargoExpress\Mobile\BaseTest.java, fileSeparator :: \, AbsolutePath :: C:\Users\xps\eclipse-workspace\Mobile\., Normalized Path :: C:\Users\xps\eclipse-workspace\Mobile, File.Separator :: \
11:18:02.291 [teardown@0] DEBUG c.b.testNgListeners.TestNGUtils - [populateTestDataForBSTestOps] Replaced File Name is :: Mobile\src\test\java\MargoExpress\Mobile\BaseTest.java, Absolute Path :: C:\Users\xps\eclipse-workspace\Mobile\.., Normalized Path :: C:\Users\xps\eclipse-workspace 
11:18:02.299 [teardown@0] DEBUG c.b.utils.SeleniumMethodUtils - getURLFromCommandExecutor: Getting Hub url from HttpCommandExecutor
11:18:02.299 [teardown@0] DEBUG c.b.utils.SeleniumMethodUtils - getURLFromCommandExecutor: Found url: https://hub-aps.browserstack.com/wd/hub
11:18:02.299 [teardown@0] DEBUG c.b.utils.SeleniumMethodUtils - getURLFromCommandExecutor: Getting Hub url from HttpCommandExecutor
11:18:02.299 [teardown@0] DEBUG c.b.utils.SeleniumMethodUtils - getURLFromCommandExecutor: Found url: https://hub-aps.browserstack.com/wd/hub
11:18:02.299 [teardown@0] DEBUG com.browserstack.testOps.Listener - [ TESTHUB ] Processing Request Kind HookRunStarted
11:18:02.300 [teardown@0] DEBUG c.browserstack.utils.LogReportingAPI - sendPlatformDetails: Can't send CBT info, as driver or test is not found
11:18:02.405 [teardown@2] DEBUG c.b.utils.FunnelInstrumentation - API Event SDKTestSuccessful response - {"message":"SDK Event recorded successfully"}
11:18:02.405 [teardown@2] DEBUG c.browserstack.utils.LogReportingAPI - sendSync failed - driver not alive
11:18:02.407 [teardown@2] DEBUG com.browserstack.testOps.Listener - [ TESTHUB ] Processing Request Kind LogCreated
11:18:02.407 [teardown@2] DEBUG com.browserstack.testOps.Listener - [ TESTHUB ] Processing Request Kind LogCreated
11:18:02.407 [teardown@2] DEBUG com.browserstack.testOps.Listener - [ TESTHUB ] Processing Request Kind LogCreated
11:18:02.409 [teardown@2] DEBUG com.browserstack.testOps.Listener - [ TESTHUB ] Processing Request Kind LogCreated
11:18:02.746 [teardown@1] DEBUG c.b.utils.FunnelInstrumentation - API Event SDKTestSuccessful response - {"message":"SDK Event recorded successfully"}
11:18:02.746 [teardown@1] DEBUG c.browserstack.utils.LogReportingAPI - sendSync failed - driver not alive
11:18:02.746 [teardown@1] DEBUG com.browserstack.testOps.Listener - [ TESTHUB ] Processing Request Kind LogCreated
11:18:02.746 [teardown@1] DEBUG com.browserstack.testOps.Listener - [ TESTHUB ] Processing Request Kind LogCreated
11:18:02.747 [teardown@1] DEBUG com.browserstack.testOps.Listener - [ TESTHUB ] Processing Request Kind LogCreated
11:18:02.747 [teardown@1] DEBUG com.browserstack.testOps.Listener - [ TESTHUB ] Processing Request Kind LogCreated
11:18:04.503 [pool-4-thread-1] DEBUG c.browserstack.utils.RequestBatcher - Time Since Last Batch Processed 4001

11:18:04.503 [pool-5-thread-1] DEBUG c.browserstack.utils.RequestBatcher - Processing Batch 17

11:18:04.505 [pool-5-thread-1] DEBUG c.browserstack.testOps.RequestUtils - [requestToTestOps] Sending Observability request: POST api/v1/batch with request size 36828
11:18:04.506 [pool-5-thread-1] DEBUG c.browserstack.testOps.RequestUtils - [makeRequest] Sending request: POST https://collector-observability.browserstack.com/api/v1/batch with request size 36828
11:18:04.573 [teardown@0] DEBUG c.b.testNgListeners.TestNGUtils - [populateTestDataForBSTestOps] Event Type :: HookRunFinished, Method ClassName :: MargoExpress.Mobile.BaseTest 
11:18:04.573 [teardown@0] DEBUG c.browserstack.utils.UtilityMethods - [findFileMatcher] Current Path is :: C:\Users\xps\eclipse-workspace\Mobile, TestClass :: MargoExpress\Mobile\BaseTest
11:18:04.628 [teardown@0] DEBUG c.b.testNgListeners.TestNGUtils - [populateTestDataForBSTestOps] The filename fetched :: C:\Users\xps\eclipse-workspace\Mobile\src\test\java\MargoExpress\Mobile\BaseTest.java, fileSeparator :: \, AbsolutePath :: C:\Users\xps\eclipse-workspace\Mobile\., Normalized Path :: C:\Users\xps\eclipse-workspace\Mobile, File.Separator :: \
11:18:04.628 [teardown@0] DEBUG c.b.testNgListeners.TestNGUtils - [populateTestDataForBSTestOps] Replaced File Name is :: Mobile\src\test\java\MargoExpress\Mobile\BaseTest.java, Absolute Path :: C:\Users\xps\eclipse-workspace\Mobile\.., Normalized Path :: C:\Users\xps\eclipse-workspace 
11:18:04.630 [teardown@0] DEBUG com.browserstack.testOps.Listener - [ TESTHUB ] Processing Request Kind HookRunFinished
11:18:04.630 [teardown@0] DEBUG c.b.utils.FunnelInstrumentation - Unable to parse data from processes. Exception: Unexpected token END OF FILE at position 0.
	at browserstack.shaded.org.json.simple.parser.JSONParser.parse(Unknown Source)
	at browserstack.shaded.org.json.simple.parser.JSONParser.parse(Unknown Source)
	at browserstack.shaded.org.json.simple.parser.JSONParser.parse(Unknown Source)
	at com.browserstack.utils.FunnelInstrumentation.getFormattedDataFromProcesses(Unknown Source)
	at com.browserstack.utils.FunnelInstrumentation.createParamsForEvent(Unknown Source)
	at com.browserstack.utils.FunnelInstrumentation.sendSDKEvent(Unknown Source)
	at com.browserstack.testNgListeners.TmpSuiteListener.onFinish(Unknown Source)
	at org.testng.TestRunner.fireEvent(TestRunner.java:873)
	at org.testng.TestRunner.afterRun(TestRunner.java:828)
	at org.testng.TestRunner.run(TestRunner.java:616)
	at org.testng.SuiteRunner.runTest(SuiteRunner.java:421)
	at org.testng.SuiteRunner$SuiteWorker.run(SuiteRunner.java:463)
	at org.testng.internal.thread.ThreadUtil.lambda$execute$0(ThreadUtil.java:64)
	at java.base/java.util.concurrent.FutureTask.run(FutureTask.java:317)
	at java.base/java.util.concurrent.ThreadPoolExecutor.runWorker(ThreadPoolExecutor.java:1144)
	at java.base/java.util.concurrent.ThreadPoolExecutor$Worker.run(ThreadPoolExecutor.java:642)
	at java.base/java.lang.Thread.run(Thread.java:1583)

11:18:04.630 [teardown@0] DEBUG com.browserstack.testOps.UsageStats - getFormattedData: Collecting data for TestObservability
11:18:04.630 [teardown@0] DEBUG com.browserstack.testOps.UsageStats - getEventStats: Getting event data for TestObservability
11:18:04.630 [teardown@0] DEBUG com.browserstack.testOps.UsageStats - [OBSERVABILITY] Failed to parse data from workers
11:18:04.637 [teardown@0] DEBUG c.b.utils.FunnelInstrumentation - Sending funnel data for SDKTestSuccessful with data: {"event_type":"SDKTestSuccessful","accessKey":"1XSLBqNLYzWiPhqyqy9L","userName":"roshinsurendran_Sh2ZAM","event_properties":{"isPercyAutoEnabled":false,"language":"java","sdkRunId":"90b1b6ee-7395-4c9d-8503-6e9a768fc702","buildIdentifier":"#5","error":"[{\"tests\":{\"MargoExpress.Mobile.Ecommerce_Tc_4_Hybrid-verifyProductsAddedinCart\":\"Unknown mobile command \\\"longClickGesture\\\". Only shell,scrollBackTo,viewportScreenshot,deepLink,startLogsBroadcast,stopLogsBroadcast,acceptAlert,dismissAlert,batteryInfo,deviceInfo,changePermissions,getPermissions,performEditorAction,startScreenStreaming,stopScreenStreaming,getNotifications,listSms,type commands are supported. Build info: version: '4.26.0', revision: '8ccf0219d7' System info: os.name: 'Windows 11', os.arch: 'amd64', os.version: '10.0', java.version: '21.0.3' Driver info: io.appium.java_client.android.AndroidDriver Command: [1c471cb54acbe635d422b3ed7ba63b8bb8ab5e65, executeScript {script=mobile: longClickGesture, args=[{elementId=7aa254d4-1144-44de-9ca8-3566d76cff15, duration=2000}]}] Capabilities {appium:appActivity: com.androidsample.generalst..., appium:appPackage: com.androidsample.generalstore, appium:automationName: uiautomator2, appium:bundleID: com.androidsample.generalstore, appium:bundleId: com.androidsample.generalstore, appium:chromedriverPort: 18080, appium:chromedriverPorts: [[18100, 18110]], appium:databaseEnabled: false, appium:desired: {appActivity: com.androidsample.generalst..., appPackage: com.androidsample.generalstore, automationName: uiautomator2, bstack:options: {buildIdentifier: #5, hostName: Roshin, localIdentifier: 05_Nov_1117_Roshin_zcvy}, bundleID: com.androidsample.generalstore, bundleId: com.androidsample.generalstore, chromedriverPort: 18080, chromedriverPorts: [[18100, 18110]], deviceName: pixel 8 pro emulator, disableSuppressAccessibilityService: true, goog:chromeOptions: {}, nativeWebScreenshot: true, newCommandTimeout: 0, platformName: Android, skipServerInstallation: true, systemPort: 8200, udid: R5CT238S4XF}, appium:deviceApiLevel: 31, appium:deviceManufacturer: samsung, appium:deviceModel: SM-S908E, appium:deviceName: R5CT238S4XF, appium:deviceScreenDensity: 450, appium:deviceScreenSize: 1080x2316, appium:deviceUDID: R5CT238S4XF, appium:disableSuppressAccessibilityService: true, appium:javascriptEnabled: true, appium:locationContextEnabled: false, appium:nativeWebScreenshot: true, appium:networkConnectionEnabled: true, appium:newCommandTimeout: 0, appium:optimalHubUrl: hub-aps.browserstack.com, appium:pixelRatio: 2.8125, appium:platformVersion: 12, appium:skipServerInstallation: true, appium:statBarHeight: 75, appium:systemPort: 8200, appium:takesScreenshot: true, appium:udid: R5CT238S4XF, appium:viewportRect: {height: 2031, left: 0, top: 75, width: 1080}, appium:warnings: {}, appium:webStorageEnabled: false, bstack:options: {buildIdentifier: #5, hostName: Roshin, localIdentifier: 05_Nov_1117_Roshin_zcvy}, goog:chromeOptions: {}, platformName: ANDROID} Session ID: 1c471cb54acbe635d422b3ed7ba63b8bb8ab5e65\"},\"platformVersion\":\"12.0\",\"deviceName\":\"Samsung Galaxy S22 Ultra\"},{\"tests\":{\"MargoExpress.Mobile.Ecommerce_Tc_4_Hybrid-verifyProductsAddedinCart\":\"Unknown mobile command \\\"longClickGesture\\\". Only shell,scrollBackTo,viewportScreenshot,deepLink,startLogsBroadcast,stopLogsBroadcast,acceptAlert,dismissAlert,batteryInfo,deviceInfo,changePermissions,getPermissions,performEditorAction,startScreenStreaming,stopScreenStreaming,getNotifications,listSms,type commands are supported. Build info: version: '4.26.0', revision: '8ccf0219d7' System info: os.name: 'Windows 11', os.arch: 'amd64', os.version: '10.0', java.version: '21.0.3' Driver info: io.appium.java_client.android.AndroidDriver Command: [2159cd1d888b9671c90f60ef1c284587f5d2402f, executeScript {script=mobile: longClickGesture, args=[{elementId=1e6b667e-745a-4a77-8562-b3ac77d2dde7, duration=2000}]}] Capabilities {appium:appActivity: com.androidsample.generalst..., appium:appPackage: com.androidsample.generalstore, appium:automationName: uiautomator2, appium:bundleID: com.androidsample.generalstore, appium:bundleId: com.androidsample.generalstore, appium:chromedriverPort: 18080, appium:chromedriverPorts: [[18100, 18110]], appium:databaseEnabled: false, appium:desired: {appActivity: com.androidsample.generalst..., appPackage: com.androidsample.generalstore, automationName: uiautomator2, bstack:options: {buildIdentifier: #5, hostName: Roshin, localIdentifier: 05_Nov_1117_Roshin_zcvy}, bundleID: com.androidsample.generalstore, bundleId: com.androidsample.generalstore, chromedriverPort: 18080, chromedriverPorts: [[18100, 18110]], deviceName: pixel 8 pro emulator, disableSuppressAccessibilityService: true, goog:chromeOptions: {}, nativeWebScreenshot: true, newCommandTimeout: 0, platformName: Android, skipServerInstallation: true, systemPort: 8200, udid: R5CRA1RVJ6Z}, appium:deviceApiLevel: 30, appium:deviceManufacturer: samsung, appium:deviceModel: SM-G991B, appium:deviceName: R5CRA1RVJ6Z, appium:deviceScreenDensity: 480, appium:deviceScreenSize: 1080x2400, appium:deviceUDID: R5CRA1RVJ6Z, appium:disableSuppressAccessibilityService: true, appium:javascriptEnabled: true, appium:locationContextEnabled: false, appium:nativeWebScreenshot: true, appium:networkConnectionEnabled: true, appium:newCommandTimeout: 0, appium:optimalHubUrl: hub-aps.browserstack.com, appium:pixelRatio: 3, appium:platformVersion: 11, appium:skipServerInstallation: true, appium:statBarHeight: 79, appium:systemPort: 8200, appium:takesScreenshot: true, appium:udid: R5CRA1RVJ6Z, appium:viewportRect: {height: 2097, left: 0, top: 79, width: 1080}, appium:warnings: {}, appium:webStorageEnabled: false, bstack:options: {buildIdentifier: #5, hostName: Roshin, localIdentifier: 05_Nov_1117_Roshin_zcvy}, goog:chromeOptions: {}, platformName: ANDROID} Session ID: 2159cd1d888b9671c90f60ef1c284587f5d2402f\"},\"platformVersion\":\"11.0\",\"deviceName\":\"Samsung Galaxy S21\"},{\"tests\":{\"MargoExpress.Mobile.Ecommerce_Tc_4_Hybrid-verifyProductsAddedinCart\":\"Unknown mobile command \\\"longClickGesture\\\". Only shell,scrollBackTo,viewportScreenshot,deepLink,startLogsBroadcast,stopLogsBroadcast,acceptAlert,dismissAlert,batteryInfo,deviceInfo,changePermissions,getPermissions,performEditorAction,startScreenStreaming,stopScreenStreaming,getNotifications,listSms,type commands are supported. Build info: version: '4.26.0', revision: '8ccf0219d7' System info: os.name: 'Windows 11', os.arch: 'amd64', os.version: '10.0', java.version: '21.0.3' Driver info: io.appium.java_client.android.AndroidDriver Command: [3e68c9dfd1df0a7bd17301e076fcab039b6d6dcc, executeScript {script=mobile: longClickGesture, args=[{elementId=5e400b3c-19ba-4e99-9c76-b463e99f5dfc, duration=2000}]}] Capabilities {appium:appActivity: com.androidsample.generalst..., appium:appPackage: com.androidsample.generalstore, appium:automationName: uiautomator2, appium:bundleID: com.androidsample.generalstore, appium:bundleId: com.androidsample.generalstore, appium:chromedriverPort: 18081, appium:chromedriverPorts: [[18111, 18121]], appium:databaseEnabled: false, appium:desired: {appActivity: com.androidsample.generalst..., appPackage: com.androidsample.generalstore, automationName: uiautomator2, bstack:options: {buildIdentifier: #5, hostName: Roshin, localIdentifier: 05_Nov_1117_Roshin_zcvy}, bundleID: com.androidsample.generalstore, bundleId: com.androidsample.generalstore, chromedriverPort: 18081, chromedriverPorts: [[18111, 18121]], deviceName: pixel 8 pro emulator, disableSuppressAccessibilityService: true, goog:chromeOptions: {}, nativeWebScreenshot: true, newCommandTimeout: 0, platformName: Android, skipServerInstallation: true, systemPort: 8201, udid: 23091FDEE006ZG}, appium:deviceApiLevel: 31, appium:deviceManufacturer: Google, appium:deviceModel: Pixel 6 Pro, appium:deviceName: 23091FDEE006ZG, appium:deviceScreenDensity: 560, appium:deviceScreenSize: 1440x3120, appium:deviceUDID: 23091FDEE006ZG, appium:disableSuppressAccessibilityService: true, appium:javascriptEnabled: true, appium:locationContextEnabled: false, appium:nativeWebScreenshot: true, appium:networkConnectionEnabled: true, appium:newCommandTimeout: 0, appium:optimalHubUrl: hub-aps.browserstack.com, appium:pixelRatio: 3.5, appium:platformVersion: 12, appium:skipServerInstallation: true, appium:statBarHeight: 145, appium:systemPort: 8201, appium:takesScreenshot: true, appium:udid: 23091FDEE006ZG, appium:viewportRect: {height: 2789, left: 0, top: 145, width: 1440}, appium:warnings: {}, appium:webStorageEnabled: false, bstack:options: {buildIdentifier: #5, hostName: Roshin, localIdentifier: 05_Nov_1117_Roshin_zcvy}, goog:chromeOptions: {}, platformName: ANDROID} Session ID: 3e68c9dfd1df0a7bd17301e076fcab039b6d6dcc\"},\"platformVersion\":\"12.0\",\"deviceName\":\"Google Pixel 6 Pro\"}]","testhub_uuid":"3ohpmky932giq0mw8rgxzjroi9bwjocotv9trxaq","detectedAppiumVersion":"null","productMap":{"app_automate":true,"accessibility":false,"automate":false,"percy":false,"observability":true,"turboscale":false},"hostname":"Roshin","measures":{"percy:start":710,"local:start":6335,"sdk:setup":14504},"productUsage":{"testObservability":{"buildHashedId":"3ohpmky932giq0mw8rgxzjroi9bwjocotv9trxaq","manuallySet":false,"enabled":true,"events":{"hookEvents":{"started":{"errors":[],"failedCount":0,"triggeredCount":6,"sentCount":5},"finished":{"triggeredCount":6,"failedCount":0,"errors":[],"sentCount":3},"passed":{"errors":[],"failedCount":0,"triggeredCount":6,"sentCount":3}},"logEvents":{"errors":[],"failedCount":0,"triggeredCount":162,"sentCount":152,"log":{"errors":[],"failedCount":0,"triggeredCount":163,"sentCount":152}},"testEvents":{"started":{"errors":[],"failedCount":0,"triggeredCount":9,"sentCount":8},"finished":{"triggeredCount":9,"failedCount":0,"errors":[],"sentCount":7},"failed":{"errors":[],"failedCount":0,"triggeredCount":3,"sentCount":2},"passed":{"errors":[],"failedCount":0,"triggeredCount":6,"sentCount":5}},"batchEvents":{"triggeredCount":6,"failedCount":0,"errors":[],"sentCount":5},"cbtSessionEvents":{"errors":[],"failedCount":0,"triggeredCount":0,"sentCount":0},"buildEvents":{"started":{"error":null,"triggered":true,"status":"success"},"finished":{"error":null,"triggered":null,"status":null}}}}},"browserStackConfig":{"browserstackLocal":true,"percy":false,"logLevel":"info","staticWebDriver":true,"autoDetectFramework":true,"percyCaptureMode":"MANUAL","browserStackLocalOptions":{"localIdentifier":"05_Nov_1117_Roshin_zcvy","key":"****"},"percyOptions":{},"testContextOptions":{"skipSessionStatus":false,"serenityOverridePlugin":false,"skipSessionName":false},"platforms":[{"browser":null,"os":null,"device":"Samsung Galaxy S22 Ultra","osVersion":null,"browserVersion":null,"capabilities":{"platformVersion":12.0,"platformName":"android","deviceName":"Samsung Galaxy S22 Ultra"},"platformCaps":{"platformVersion":12.0,"platformName":"android","deviceName":"Samsung Galaxy S22 Ultra"},"platformString":"Samsung Galaxy S22 Ultra, 12.0","customVariables":"****"},{"browser":null,"os":null,"device":"Samsung Galaxy S21","osVersion":null,"browserVersion":null,"capabilities":{"platformVersion":11.0,"platformName":"android","deviceName":"Samsung Galaxy S21"},"platformCaps":{"platformVersion":11.0,"platformName":"android","deviceName":"Samsung Galaxy S21"},"platformString":"Samsung Galaxy S21, 11.0","customVariables":"****"},{"browser":null,"os":null,"device":"Google Pixel 6 Pro","osVersion":null,"browserVersion":null,"capabilities":{"platformVersion":12.0,"platformName":"android","deviceName":"Google Pixel 6 Pro"},"platformCaps":{"platformVersion":12.0,"platformName":"android","deviceName":"Google Pixel 6 Pro"},"platformString":"Google Pixel 6 Pro, 12.0","customVariables":"****"}],"parallelsPerPlatform":1,"framework":"testng","accessibility":false,"accessibilityOptions":{},"turboScaleOptions":{},"disableAutoCaptureLogs":true,"testObservability":true,"browserstackAutomation":true,"turboScale":false,"testObservabilityOptions":{},"gradleMConfig":null,"proxySettings":null},"percyBuildId":null,"product":"[app-automate, observability]","buildName":"browserstack build","os":"Windows 11","languageVersion":"21.0.3","appiumVersion":"9.3.0","frameworkDetectionInstrumentation":{"parseLoadClass":17,"ret-org.openqa.selenium.remote.RemoteWebDriver":511,"retransformClasses":511,"parseDependencies":29},"userFramework":"testng","detectedDependencies":"testng","referrer":"testng-javaagent\/1.26.4","locationTrigger":"onFinish","language_framework":"java_testng","detectedFramework":"testng","testOrchestration":{"abortBuildOnFailure":{"enabled":false},"retryTestsOnFailure":{"enabled":false},"userConfig":{}},"detectedSeleniumVersion":"4.26.0","seleniumVersion":"4.26.0"}}
11:18:04.721 [pool-5-thread-1] DEBUG c.browserstack.testOps.RequestUtils - [makeRequest]: Response code: 200
11:18:04.721 [pool-5-thread-1] DEBUG c.browserstack.testOps.RequestUtils - requestToTestOps: Response code: 200
11:18:04.721 [pool-5-thread-1] DEBUG c.browserstack.utils.LogReportingAPI - 
[2024-11-05T07:18:04.721765600Z][ TESTHUB ] Batch event successfull!

11:18:05.163 [teardown@0] DEBUG c.b.utils.FunnelInstrumentation - API Event SDKTestSuccessful response - {"message":"SDK Event recorded successfully"}
11:18:05.163 [teardown@0] DEBUG c.browserstack.utils.LogReportingAPI - sendSync failed - driver not alive
11:18:05.163 [teardown@0] DEBUG com.browserstack.testOps.Listener - [ TESTHUB ] Processing Request Kind LogCreated
11:18:05.164 [teardown@0] DEBUG com.browserstack.testOps.Listener - [ TESTHUB ] Processing Request Kind LogCreated
11:18:05.164 [teardown@0] DEBUG com.browserstack.testOps.Listener - [ TESTHUB ] Processing Request Kind LogCreated
11:18:05.165 [teardown@0] DEBUG com.browserstack.testOps.Listener - [ TESTHUB ] Processing Request Kind LogCreated
11:18:05.178 [main] DEBUG com.browserstack.testOps.Listener - [ TESTHUB ] Processing Request Kind LogCreated
11:18:05.242 [main] DEBUG com.browserstack.testOps.Listener - [ TESTHUB ] Processing Request Kind LogCreated
11:18:05.243 [main] DEBUG com.browserstack.testOps.Listener - [ TESTHUB ] Processing Request Kind LogCreated
11:18:05.243 [main] DEBUG com.browserstack.testOps.Listener - [ TESTHUB ] Processing Request Kind LogCreated
11:18:05.243 [main] DEBUG com.browserstack.testOps.Listener - [ TESTHUB ] Processing Request Kind LogCreated
11:18:05.243 [main] DEBUG com.browserstack.testOps.Listener - [ TESTHUB ] Processing Request Kind LogCreated
11:18:05.244 [main] DEBUG com.browserstack.testOps.Listener - [ TESTHUB ] Processing Request Kind LogCreated
11:18:05.244 [main] DEBUG com.browserstack.testOps.Listener - [ TESTHUB ] Processing Request Kind LogCreated
11:18:05.244 [main] DEBUG com.browserstack.testOps.Listener - [ TESTHUB ] Processing Request Kind LogCreated
11:18:05.250 [main] DEBUG com.browserstack.testOps.Listener - [ TESTHUB ] Processing Request Kind LogCreated
11:18:05.250 [main] DEBUG com.browserstack.testOps.Listener - [ TESTHUB ] Processing Request Kind LogCreated
11:18:05.250 [main] DEBUG com.browserstack.testOps.Listener - [ TESTHUB ] Processing Request Kind LogCreated
11:18:05.251 [main] DEBUG com.browserstack.testOps.Listener - [ TESTHUB ] Processing Request Kind LogCreated
11:18:05.252 [main] DEBUG com.browserstack.testOps.Listener - [ TESTHUB ] Processing Request Kind LogCreated
11:18:05.252 [main] DEBUG com.browserstack.testOps.Listener - [ TESTHUB ] Processing Request Kind LogCreated
11:18:05.252 [main] DEBUG com.browserstack.testOps.Listener - [ TESTHUB ] Processing Request Kind LogCreated
11:18:05.252 [main] DEBUG com.browserstack.testOps.Listener - [ TESTHUB ] Processing Request Kind LogCreated
11:18:05.253 [main] DEBUG com.browserstack.testOps.Listener - [ TESTHUB ] Processing Request Kind LogCreated
11:18:05.253 [main] DEBUG com.browserstack.testOps.Listener - [ TESTHUB ] Processing Request Kind LogCreated
11:18:05.253 [main] DEBUG com.browserstack.testOps.Listener - [ TESTHUB ] Processing Request Kind LogCreated
11:18:05.253 [main] DEBUG com.browserstack.testOps.Listener - [ TESTHUB ] Processing Request Kind LogCreated
11:18:05.253 [main] DEBUG com.browserstack.testOps.Listener - [ TESTHUB ] Processing Request Kind LogCreated
11:18:05.253 [main] DEBUG com.browserstack.testOps.Listener - [ TESTHUB ] Processing Request Kind LogCreated
11:18:05.260 [main] DEBUG com.browserstack.testOps.Listener - [ TESTHUB ] Processing Request Kind LogCreated
11:18:05.274 [main] DEBUG com.browserstack.testOps.Listener - [ TESTHUB ] Processing Request Kind LogCreated
11:18:05.286 [main] DEBUG com.browserstack.testOps.Listener - [ TESTHUB ] Processing Request Kind LogCreated
11:18:05.297 [main] DEBUG com.browserstack.testOps.Listener - [ TESTHUB ] Processing Request Kind LogCreated
11:18:05.298 [main] DEBUG com.browserstack.testOps.Listener - [ TESTHUB ] Processing Request Kind LogCreated
11:18:05.299 [Thread-0] DEBUG c.browserstack.BrowserStackJavaAgent - Starting final execution
11:18:05.300 [Thread-0] DEBUG c.b.u.ObservabilityUtilityMethods - Processing batch requests with type: Global
11:18:05.300 [Thread-0] DEBUG c.browserstack.utils.LogReportingAPI - [2024-11-05T07:18:05.300241600Z][ OBSERVABILITY ] Processing stop observability
11:18:05.300 [pool-5-thread-1] DEBUG c.browserstack.utils.RequestBatcher - Processing Batch 33

11:18:05.300 [pool-5-thread-1] DEBUG c.browserstack.testOps.RequestUtils - [requestToTestOps] Sending Observability request: POST api/v1/batch with request size 14495
11:18:05.301 [pool-5-thread-1] DEBUG c.browserstack.testOps.RequestUtils - [makeRequest] Sending request: POST https://collector-observability.browserstack.com/api/v1/batch with request size 14495
11:18:05.517 [pool-5-thread-1] DEBUG c.browserstack.testOps.RequestUtils - [makeRequest]: Response code: 200
11:18:05.517 [pool-5-thread-1] DEBUG c.browserstack.testOps.RequestUtils - requestToTestOps: Response code: 200
11:18:05.520 [pool-5-thread-1] DEBUG c.browserstack.utils.LogReportingAPI - 
[2024-11-05T07:18:05.520188Z][ TESTHUB ] Batch event successfull!

11:18:05.520 [Thread-0] DEBUG c.browserstack.testOps.RequestUtils - [ TESTHUB ] Processing Request Kind stopBuildUpstream
11:18:05.520 [Thread-0] DEBUG c.browserstack.testOps.RequestUtils - [requestToTestOps] Sending Observability request: PUT api/v1/builds/3ohpmky932giq0mw8rgxzjroi9bwjocotv9trxaq/stop with request size 65
11:18:05.520 [Thread-0] DEBUG c.browserstack.testOps.RequestUtils - [makeRequest] Sending request: PUT https://collector-observability.browserstack.com/api/v1/builds/3ohpmky932giq0mw8rgxzjroi9bwjocotv9trxaq/stop with request size 65
11:18:05.790 [Thread-0] DEBUG c.browserstack.testOps.RequestUtils - [makeRequest]: Response code: 200
11:18:05.790 [Thread-0] DEBUG c.browserstack.testOps.RequestUtils - requestToTestOps: Response code: 200
11:18:05.790 [Thread-0] DEBUG com.browserstack.testOps.Listener - Testhub stop response: 
11:18:08.224 [Thread-0] DEBUG c.b.utils.FunnelInstrumentation - Unable to parse data from processes. Exception: Unexpected token END OF FILE at position 0.
	at browserstack.shaded.org.json.simple.parser.JSONParser.parse(Unknown Source)
	at browserstack.shaded.org.json.simple.parser.JSONParser.parse(Unknown Source)
	at browserstack.shaded.org.json.simple.parser.JSONParser.parse(Unknown Source)
	at com.browserstack.utils.FunnelInstrumentation.getFormattedDataFromProcesses(Unknown Source)
	at com.browserstack.utils.FunnelInstrumentation.createParamsForEvent(Unknown Source)
	at com.browserstack.utils.FunnelInstrumentation.sendSDKEvent(Unknown Source)
	at com.browserstack.BrowserStackJavaAgent$FinalExecution.run(Unknown Source)

11:18:08.225 [Thread-0] DEBUG com.browserstack.testOps.UsageStats - getFormattedData: Collecting data for TestObservability
11:18:08.225 [Thread-0] DEBUG com.browserstack.testOps.UsageStats - getEventStats: Getting event data for TestObservability
11:18:08.225 [Thread-0] DEBUG com.browserstack.testOps.UsageStats - [OBSERVABILITY] Failed to parse data from workers
11:18:08.234 [Thread-0] DEBUG c.b.utils.FunnelInstrumentation - Sending funnel data for SDKTestSuccessful with data: {"event_type":"SDKTestSuccessful","accessKey":"1XSLBqNLYzWiPhqyqy9L","userName":"roshinsurendran_Sh2ZAM","event_properties":{"isPercyAutoEnabled":false,"language":"java","sdkRunId":"90b1b6ee-7395-4c9d-8503-6e9a768fc702","buildIdentifier":"#5","error":"[{\"tests\":{\"MargoExpress.Mobile.Ecommerce_Tc_4_Hybrid-verifyProductsAddedinCart\":\"Unknown mobile command \\\"longClickGesture\\\". Only shell,scrollBackTo,viewportScreenshot,deepLink,startLogsBroadcast,stopLogsBroadcast,acceptAlert,dismissAlert,batteryInfo,deviceInfo,changePermissions,getPermissions,performEditorAction,startScreenStreaming,stopScreenStreaming,getNotifications,listSms,type commands are supported. Build info: version: '4.26.0', revision: '8ccf0219d7' System info: os.name: 'Windows 11', os.arch: 'amd64', os.version: '10.0', java.version: '21.0.3' Driver info: io.appium.java_client.android.AndroidDriver Command: [1c471cb54acbe635d422b3ed7ba63b8bb8ab5e65, executeScript {script=mobile: longClickGesture, args=[{elementId=7aa254d4-1144-44de-9ca8-3566d76cff15, duration=2000}]}] Capabilities {appium:appActivity: com.androidsample.generalst..., appium:appPackage: com.androidsample.generalstore, appium:automationName: uiautomator2, appium:bundleID: com.androidsample.generalstore, appium:bundleId: com.androidsample.generalstore, appium:chromedriverPort: 18080, appium:chromedriverPorts: [[18100, 18110]], appium:databaseEnabled: false, appium:desired: {appActivity: com.androidsample.generalst..., appPackage: com.androidsample.generalstore, automationName: uiautomator2, bstack:options: {buildIdentifier: #5, hostName: Roshin, localIdentifier: 05_Nov_1117_Roshin_zcvy}, bundleID: com.androidsample.generalstore, bundleId: com.androidsample.generalstore, chromedriverPort: 18080, chromedriverPorts: [[18100, 18110]], deviceName: pixel 8 pro emulator, disableSuppressAccessibilityService: true, goog:chromeOptions: {}, nativeWebScreenshot: true, newCommandTimeout: 0, platformName: Android, skipServerInstallation: true, systemPort: 8200, udid: R5CT238S4XF}, appium:deviceApiLevel: 31, appium:deviceManufacturer: samsung, appium:deviceModel: SM-S908E, appium:deviceName: R5CT238S4XF, appium:deviceScreenDensity: 450, appium:deviceScreenSize: 1080x2316, appium:deviceUDID: R5CT238S4XF, appium:disableSuppressAccessibilityService: true, appium:javascriptEnabled: true, appium:locationContextEnabled: false, appium:nativeWebScreenshot: true, appium:networkConnectionEnabled: true, appium:newCommandTimeout: 0, appium:optimalHubUrl: hub-aps.browserstack.com, appium:pixelRatio: 2.8125, appium:platformVersion: 12, appium:skipServerInstallation: true, appium:statBarHeight: 75, appium:systemPort: 8200, appium:takesScreenshot: true, appium:udid: R5CT238S4XF, appium:viewportRect: {height: 2031, left: 0, top: 75, width: 1080}, appium:warnings: {}, appium:webStorageEnabled: false, bstack:options: {buildIdentifier: #5, hostName: Roshin, localIdentifier: 05_Nov_1117_Roshin_zcvy}, goog:chromeOptions: {}, platformName: ANDROID} Session ID: 1c471cb54acbe635d422b3ed7ba63b8bb8ab5e65\"},\"platformVersion\":\"12.0\",\"deviceName\":\"Samsung Galaxy S22 Ultra\"},{\"tests\":{\"MargoExpress.Mobile.Ecommerce_Tc_4_Hybrid-verifyProductsAddedinCart\":\"Unknown mobile command \\\"longClickGesture\\\". Only shell,scrollBackTo,viewportScreenshot,deepLink,startLogsBroadcast,stopLogsBroadcast,acceptAlert,dismissAlert,batteryInfo,deviceInfo,changePermissions,getPermissions,performEditorAction,startScreenStreaming,stopScreenStreaming,getNotifications,listSms,type commands are supported. Build info: version: '4.26.0', revision: '8ccf0219d7' System info: os.name: 'Windows 11', os.arch: 'amd64', os.version: '10.0', java.version: '21.0.3' Driver info: io.appium.java_client.android.AndroidDriver Command: [2159cd1d888b9671c90f60ef1c284587f5d2402f, executeScript {script=mobile: longClickGesture, args=[{elementId=1e6b667e-745a-4a77-8562-b3ac77d2dde7, duration=2000}]}] Capabilities {appium:appActivity: com.androidsample.generalst..., appium:appPackage: com.androidsample.generalstore, appium:automationName: uiautomator2, appium:bundleID: com.androidsample.generalstore, appium:bundleId: com.androidsample.generalstore, appium:chromedriverPort: 18080, appium:chromedriverPorts: [[18100, 18110]], appium:databaseEnabled: false, appium:desired: {appActivity: com.androidsample.generalst..., appPackage: com.androidsample.generalstore, automationName: uiautomator2, bstack:options: {buildIdentifier: #5, hostName: Roshin, localIdentifier: 05_Nov_1117_Roshin_zcvy}, bundleID: com.androidsample.generalstore, bundleId: com.androidsample.generalstore, chromedriverPort: 18080, chromedriverPorts: [[18100, 18110]], deviceName: pixel 8 pro emulator, disableSuppressAccessibilityService: true, goog:chromeOptions: {}, nativeWebScreenshot: true, newCommandTimeout: 0, platformName: Android, skipServerInstallation: true, systemPort: 8200, udid: R5CRA1RVJ6Z}, appium:deviceApiLevel: 30, appium:deviceManufacturer: samsung, appium:deviceModel: SM-G991B, appium:deviceName: R5CRA1RVJ6Z, appium:deviceScreenDensity: 480, appium:deviceScreenSize: 1080x2400, appium:deviceUDID: R5CRA1RVJ6Z, appium:disableSuppressAccessibilityService: true, appium:javascriptEnabled: true, appium:locationContextEnabled: false, appium:nativeWebScreenshot: true, appium:networkConnectionEnabled: true, appium:newCommandTimeout: 0, appium:optimalHubUrl: hub-aps.browserstack.com, appium:pixelRatio: 3, appium:platformVersion: 11, appium:skipServerInstallation: true, appium:statBarHeight: 79, appium:systemPort: 8200, appium:takesScreenshot: true, appium:udid: R5CRA1RVJ6Z, appium:viewportRect: {height: 2097, left: 0, top: 79, width: 1080}, appium:warnings: {}, appium:webStorageEnabled: false, bstack:options: {buildIdentifier: #5, hostName: Roshin, localIdentifier: 05_Nov_1117_Roshin_zcvy}, goog:chromeOptions: {}, platformName: ANDROID} Session ID: 2159cd1d888b9671c90f60ef1c284587f5d2402f\"},\"platformVersion\":\"11.0\",\"deviceName\":\"Samsung Galaxy S21\"},{\"tests\":{\"MargoExpress.Mobile.Ecommerce_Tc_4_Hybrid-verifyProductsAddedinCart\":\"Unknown mobile command \\\"longClickGesture\\\". Only shell,scrollBackTo,viewportScreenshot,deepLink,startLogsBroadcast,stopLogsBroadcast,acceptAlert,dismissAlert,batteryInfo,deviceInfo,changePermissions,getPermissions,performEditorAction,startScreenStreaming,stopScreenStreaming,getNotifications,listSms,type commands are supported. Build info: version: '4.26.0', revision: '8ccf0219d7' System info: os.name: 'Windows 11', os.arch: 'amd64', os.version: '10.0', java.version: '21.0.3' Driver info: io.appium.java_client.android.AndroidDriver Command: [3e68c9dfd1df0a7bd17301e076fcab039b6d6dcc, executeScript {script=mobile: longClickGesture, args=[{elementId=5e400b3c-19ba-4e99-9c76-b463e99f5dfc, duration=2000}]}] Capabilities {appium:appActivity: com.androidsample.generalst..., appium:appPackage: com.androidsample.generalstore, appium:automationName: uiautomator2, appium:bundleID: com.androidsample.generalstore, appium:bundleId: com.androidsample.generalstore, appium:chromedriverPort: 18081, appium:chromedriverPorts: [[18111, 18121]], appium:databaseEnabled: false, appium:desired: {appActivity: com.androidsample.generalst..., appPackage: com.androidsample.generalstore, automationName: uiautomator2, bstack:options: {buildIdentifier: #5, hostName: Roshin, localIdentifier: 05_Nov_1117_Roshin_zcvy}, bundleID: com.androidsample.generalstore, bundleId: com.androidsample.generalstore, chromedriverPort: 18081, chromedriverPorts: [[18111, 18121]], deviceName: pixel 8 pro emulator, disableSuppressAccessibilityService: true, goog:chromeOptions: {}, nativeWebScreenshot: true, newCommandTimeout: 0, platformName: Android, skipServerInstallation: true, systemPort: 8201, udid: 23091FDEE006ZG}, appium:deviceApiLevel: 31, appium:deviceManufacturer: Google, appium:deviceModel: Pixel 6 Pro, appium:deviceName: 23091FDEE006ZG, appium:deviceScreenDensity: 560, appium:deviceScreenSize: 1440x3120, appium:deviceUDID: 23091FDEE006ZG, appium:disableSuppressAccessibilityService: true, appium:javascriptEnabled: true, appium:locationContextEnabled: false, appium:nativeWebScreenshot: true, appium:networkConnectionEnabled: true, appium:newCommandTimeout: 0, appium:optimalHubUrl: hub-aps.browserstack.com, appium:pixelRatio: 3.5, appium:platformVersion: 12, appium:skipServerInstallation: true, appium:statBarHeight: 145, appium:systemPort: 8201, appium:takesScreenshot: true, appium:udid: 23091FDEE006ZG, appium:viewportRect: {height: 2789, left: 0, top: 145, width: 1440}, appium:warnings: {}, appium:webStorageEnabled: false, bstack:options: {buildIdentifier: #5, hostName: Roshin, localIdentifier: 05_Nov_1117_Roshin_zcvy}, goog:chromeOptions: {}, platformName: ANDROID} Session ID: 3e68c9dfd1df0a7bd17301e076fcab039b6d6dcc\"},\"platformVersion\":\"12.0\",\"deviceName\":\"Google Pixel 6 Pro\"}]","testhub_uuid":"3ohpmky932giq0mw8rgxzjroi9bwjocotv9trxaq","detectedAppiumVersion":"null","productMap":{"app_automate":true,"accessibility":false,"automate":false,"percy":false,"observability":true,"turboscale":false},"hostname":"Roshin","measures":{"percy:start":710,"local:start":6335,"sdk:setup":14504,"percy:stop":0,"local:stop":2433},"productUsage":{"testObservability":{"buildHashedId":"3ohpmky932giq0mw8rgxzjroi9bwjocotv9trxaq","manuallySet":false,"enabled":true,"events":{"hookEvents":{"started":{"errors":[],"failedCount":0,"triggeredCount":6,"sentCount":6},"finished":{"triggeredCount":6,"failedCount":0,"errors":[],"sentCount":6},"passed":{"errors":[],"failedCount":0,"triggeredCount":6,"sentCount":6}},"logEvents":{"errors":[],"failedCount":0,"triggeredCount":194,"sentCount":195,"log":{"errors":[],"failedCount":0,"triggeredCount":195,"sentCount":195}},"testEvents":{"started":{"errors":[],"failedCount":0,"triggeredCount":9,"sentCount":9},"finished":{"triggeredCount":9,"failedCount":0,"errors":[],"sentCount":9},"failed":{"errors":[],"failedCount":0,"triggeredCount":3,"sentCount":3},"passed":{"errors":[],"failedCount":0,"triggeredCount":6,"sentCount":6}},"batchEvents":{"triggeredCount":7,"failedCount":0,"errors":[],"sentCount":7},"cbtSessionEvents":{"errors":[],"failedCount":0,"triggeredCount":0,"sentCount":0},"buildEvents":{"started":{"error":null,"triggered":true,"status":"success"},"finished":{"error":null,"triggered":true,"status":"success"}}}}},"browserStackConfig":{"browserstackLocal":true,"percy":false,"logLevel":"info","staticWebDriver":true,"autoDetectFramework":true,"percyCaptureMode":"MANUAL","browserStackLocalOptions":{"localIdentifier":"05_Nov_1117_Roshin_zcvy","key":"****"},"percyOptions":{},"testContextOptions":{"skipSessionStatus":false,"serenityOverridePlugin":false,"skipSessionName":false},"platforms":[{"browser":null,"os":null,"device":"Samsung Galaxy S22 Ultra","osVersion":null,"browserVersion":null,"capabilities":{"platformVersion":12.0,"platformName":"android","deviceName":"Samsung Galaxy S22 Ultra"},"platformCaps":{"platformVersion":12.0,"platformName":"android","deviceName":"Samsung Galaxy S22 Ultra"},"platformString":"Samsung Galaxy S22 Ultra, 12.0","customVariables":"****"},{"browser":null,"os":null,"device":"Samsung Galaxy S21","osVersion":null,"browserVersion":null,"capabilities":{"platformVersion":11.0,"platformName":"android","deviceName":"Samsung Galaxy S21"},"platformCaps":{"platformVersion":11.0,"platformName":"android","deviceName":"Samsung Galaxy S21"},"platformString":"Samsung Galaxy S21, 11.0","customVariables":"****"},{"browser":null,"os":null,"device":"Google Pixel 6 Pro","osVersion":null,"browserVersion":null,"capabilities":{"platformVersion":12.0,"platformName":"android","deviceName":"Google Pixel 6 Pro"},"platformCaps":{"platformVersion":12.0,"platformName":"android","deviceName":"Google Pixel 6 Pro"},"platformString":"Google Pixel 6 Pro, 12.0","customVariables":"****"}],"parallelsPerPlatform":1,"framework":"testng","accessibility":false,"accessibilityOptions":{},"turboScaleOptions":{},"disableAutoCaptureLogs":true,"testObservability":true,"browserstackAutomation":true,"turboScale":false,"testObservabilityOptions":{},"gradleMConfig":null,"proxySettings":null},"percyBuildId":null,"product":"[app-automate, observability]","buildName":"browserstack build","os":"Windows 11","languageVersion":"21.0.3","appiumVersion":"9.3.0","frameworkDetectionInstrumentation":{"parseLoadClass":17,"ret-org.openqa.selenium.remote.RemoteWebDriver":511,"retransformClasses":511,"parseDependencies":29},"userFramework":"testng","detectedDependencies":"testng","referrer":"testng-javaagent\/1.26.4","locationTrigger":"BSTACK_BUILD_END","language_framework":"java_testng","detectedFramework":"testng","testOrchestration":{"abortBuildOnFailure":{"enabled":false},"retryTestsOnFailure":{"enabled":false},"userConfig":{}},"detectedSeleniumVersion":"4.26.0","seleniumVersion":"4.26.0"}}
11:18:08.985 [Thread-0] DEBUG c.b.utils.FunnelInstrumentation - API Event SDKTestSuccessful response - {"message":"SDK Event recorded successfully"}
11:18:10.509 [Thread-0] DEBUG c.browserstack.utils.UtilityMethods - Browserstack Gradle Config File does not exist.
11:18:11.033 [Thread-0] DEBUG c.browserstack.utils.UtilityMethods - Server side buildName(browserstack build  5) is not same as client side buildName(browserstack build #5)
11:18:21.311 [main] DEBUG c.b.config.BrowserStackConfig - Cli Config passed - {}
11:18:53.202 [main] DEBUG c.b.config.BrowserStackConfig - Cli Config passed - {}
11:18:53.804 [main] DEBUG c.b.logger.BrowserstackLoggerFactory - Log Level set to TRACE for logger com.browserstack
11:18:53.805 [main] DEBUG c.b.logger.BrowserstackLoggerFactory - Log Level set to INFO for logger stdoutPrinter
11:18:53.891 [main] DEBUG c.b.utils.FrameworkDetectionUtils - Java command - org.testng.remote.RemoteTestNG -serport 60023 -protocol json -d C:\Users\xps\eclipse-workspace\Mobile\test-output C:\Users\xps\AppData\Local\Temp\testng-eclipse-859972550\testng-customsuite.xml
11:18:53.891 [main] DEBUG c.b.utils.FrameworkDetectionUtils - testng suite xml path C:\Users\xps\AppData\Local\Temp\testng-eclipse-859972550\testng-customsuite.xml
11:18:53.908 [main] DEBUG c.b.utils.FrameworkDetectionUtils - Test classes detected: MargoExpress.Mobile.Ecommerce_Tc_4_Hybrid
11:18:53.930 [main] DEBUG c.b.utils.FrameworkDetectionUtils - Runner: testng, Engine: none
11:18:53.962 [main] DEBUG c.b.utils.FrameworkDetectionUtils - Runner: testng, Engine: none from dependencies
11:18:53.962 [main] DEBUG c.b.utils.FrameworkDetectionUtils - Detected final framework as: testng
11:18:53.962 [main] DEBUG c.browserstack.BrowserStackJavaAgent - JavaAgent Version 1.26.4
11:18:53.983 [main] DEBUG c.b.utils.ExitSignalHandler - Registered handler for INT
11:18:53.984 [main] DEBUG c.b.utils.ExitSignalHandler - Registered handler for TERM
11:18:53.984 [main] DEBUG c.b.utils.ExitSignalHandler - Unable to attach signal handler for HUP Unknown signal: HUP
11:18:53.984 [main] DEBUG c.b.utils.ExitSignalHandler - Registered handler for ABRT
11:18:54.848 [Thread-1] DEBUG c.browserstack.utils.UtilityMethods - NEXT HUBS ARE: ["hub-aps.browserstack.com","hub-euw.browserstack.com","hub-apse.browserstack.com"]
11:18:55.205 [main] DEBUG c.browserstack.utils.UtilityMethods - EXECUTION TIME OF hub-aps.browserstack.com HUB IS: 353ms
11:18:56.149 [main] DEBUG c.browserstack.utils.UtilityMethods - EXECUTION TIME OF hub-euw.browserstack.com HUB IS: 935ms
11:18:58.197 [main] DEBUG c.browserstack.utils.UtilityMethods - EXECUTION TIME OF hub-apse.browserstack.com HUB IS: 2045ms
11:18:58.199 [main] DEBUG c.browserstack.utils.UtilityMethods - NEAREST HUB ALLOCATED IS - hub-aps.browserstack.com
11:18:58.212 [main] DEBUG c.b.utils.FunnelInstrumentation - Sending funnel data for SDKTestAttempted with data: {"event_type":"SDKTestAttempted","accessKey":"1XSLBqNLYzWiPhqyqy9L","userName":"roshinsurendran_Sh2ZAM","event_properties":{"product":"[app-automate, observability]","buildName":"browserstack build","os":"Windows 11","languageVersion":"21.0.3","appiumVersion":"9.3.0","frameworkDetectionInstrumentation":{"parseLoadClass":20,"parseDependencies":32},"language":"java","sdkRunId":"fed9a409-dd1b-4f94-9899-ea4e32e94309","buildIdentifier":"#7","userFramework":"testng","testhub_uuid":"","detectedAppiumVersion":"null","detectedDependencies":"testng","productMap":{"app_automate":true,"accessibility":false,"automate":false,"percy":false,"observability":true,"turboscale":false},"referrer":"testng-javaagent\/1.26.4","hostname":"Roshin","language_framework":"java_testng","detectedFramework":"testng","detectedSeleniumVersion":"4.26.0","seleniumVersion":"4.26.0"}}
11:18:58.962 [main] DEBUG c.b.utils.FunnelInstrumentation - API Event SDKTestAttempted response - {"message":"SDK Event recorded successfully"}
11:18:59.223 [main] DEBUG c.browserstack.testOps.RequestUtils - [ TESTHUB ] Processing Request Kind launchTestSession
11:18:59.223 [main] DEBUG c.browserstack.testOps.RequestUtils - [requestToTestOps] Sending Observability request: POST api/v2/builds with request size 1246
11:18:59.223 [main] DEBUG c.browserstack.testOps.RequestUtils - [makeRequest] Sending request: POST https://collector-observability.browserstack.com/api/v2/builds with request size 1246
11:19:00.144 [main] DEBUG c.browserstack.testOps.RequestUtils - [makeRequest]: Response code: 200
11:19:00.144 [main] DEBUG c.browserstack.testOps.RequestUtils - requestToTestOps: Response code: 200
11:19:00.145 [main] DEBUG com.browserstack.testOps.Listener - BROWSERSTACK_TESTHUB_UUID : m1ssswc8qseoirnp3fd7gkhy6msuul3b9iipub6m
11:19:00.145 [main] DEBUG com.browserstack.testOps.Listener - [ TESTHUB ] Build creation successfull
11:19:00.153 [main] DEBUG com.browserstack.PercyFactory - Fetching token for BrowserStack Sample
11:19:00.912 [main] DEBUG com.browserstack.LocalFactory - Starting BrowserStack Local with identifier 05_Nov_1118_Roshin_EAvC
11:19:08.991 [main] DEBUG c.b.t.XMLSuiteClassListener - Number of parallels - 3 and number of platforms - 3
11:19:09.264 [main] DEBUG com.browserstack.testOps.Listener - [ TESTHUB ] Processing Request Kind LogCreated
11:19:09.271 [main] DEBUG com.browserstack.testOps.Listener - [ TESTHUB ] Processing Request Kind LogCreated
11:19:09.274 [main] DEBUG com.browserstack.testOps.Listener - [ TESTHUB ] Processing Request Kind LogCreated
11:19:09.274 [main] DEBUG com.browserstack.testOps.Listener - [ TESTHUB ] Processing Request Kind LogCreated
11:19:09.275 [main] DEBUG com.browserstack.testOps.Listener - [ TESTHUB ] Processing Request Kind LogCreated
11:19:09.275 [main] DEBUG com.browserstack.testOps.Listener - [ TESTHUB ] Processing Request Kind LogCreated
11:19:09.275 [main] DEBUG com.browserstack.testOps.Listener - [ TESTHUB ] Processing Request Kind LogCreated
11:19:09.276 [main] DEBUG com.browserstack.testOps.Listener - [ TESTHUB ] Processing Request Kind LogCreated
11:19:09.290 [main] DEBUG com.browserstack.testOps.Listener - [ TESTHUB ] Processing Request Kind LogCreated
11:19:09.302 [main] DEBUG com.browserstack.testOps.Listener - [ TESTHUB ] Processing Request Kind LogCreated
11:19:09.303 [main] DEBUG com.browserstack.testOps.Listener - [ TESTHUB ] Processing Request Kind LogCreated
11:19:09.305 [main] DEBUG com.browserstack.testOps.Listener - [ TESTHUB ] Processing Request Kind LogCreated
11:19:09.305 [main] DEBUG com.browserstack.testOps.Listener - [ TESTHUB ] Processing Request Kind LogCreated
11:19:09.306 [main] DEBUG com.browserstack.testOps.Listener - [ TESTHUB ] Processing Request Kind LogCreated
11:19:09.306 [main] DEBUG com.browserstack.testOps.Listener - [ TESTHUB ] Processing Request Kind LogCreated
11:19:09.308 [main] DEBUG com.browserstack.testOps.Listener - [ TESTHUB ] Processing Request Kind LogCreated
11:19:09.308 [main] DEBUG com.browserstack.testOps.Listener - [ TESTHUB ] Processing Request Kind LogCreated
11:19:09.308 [main] DEBUG com.browserstack.testOps.Listener - [ TESTHUB ] Processing Request Kind LogCreated
11:19:09.308 [main] DEBUG com.browserstack.testOps.Listener - [ TESTHUB ] Processing Request Kind LogCreated
11:19:09.310 [main] DEBUG com.browserstack.testOps.Listener - [ TESTHUB ] Processing Request Kind LogCreated
11:19:09.310 [main] DEBUG com.browserstack.testOps.Listener - [ TESTHUB ] Processing Request Kind LogCreated
11:19:09.310 [main] DEBUG com.browserstack.testOps.Listener - [ TESTHUB ] Processing Request Kind LogCreated
11:19:09.310 [main] DEBUG com.browserstack.testOps.Listener - [ TESTHUB ] Processing Request Kind LogCreated
11:19:09.310 [main] DEBUG com.browserstack.testOps.Listener - [ TESTHUB ] Processing Request Kind LogCreated
11:19:09.310 [main] DEBUG com.browserstack.testOps.Listener - [ TESTHUB ] Processing Request Kind LogCreated
11:19:09.311 [main] DEBUG com.browserstack.testOps.Listener - [ TESTHUB ] Processing Request Kind LogCreated
11:19:09.314 [main] DEBUG com.browserstack.testOps.Listener - [ TESTHUB ] Processing Request Kind LogCreated
11:19:09.314 [main] DEBUG com.browserstack.testOps.Listener - [ TESTHUB ] Processing Request Kind LogCreated
11:19:09.315 [main] DEBUG com.browserstack.testOps.Listener - [ TESTHUB ] Processing Request Kind LogCreated
11:19:09.315 [main] DEBUG com.browserstack.testOps.Listener - [ TESTHUB ] Processing Request Kind LogCreated
11:19:09.322 [main] DEBUG com.browserstack.testOps.Listener - [ TESTHUB ] Processing Request Kind LogCreated
11:19:09.323 [main] DEBUG com.browserstack.testOps.Listener - [ TESTHUB ] Processing Request Kind LogCreated
11:19:09.323 [main] DEBUG com.browserstack.testOps.Listener - [ TESTHUB ] Processing Request Kind LogCreated
11:19:09.323 [main] DEBUG com.browserstack.testOps.Listener - [ TESTHUB ] Processing Request Kind LogCreated
11:19:09.325 [main] DEBUG com.browserstack.testOps.Listener - [ TESTHUB ] Processing Request Kind LogCreated
11:19:09.326 [main] DEBUG com.browserstack.testOps.Listener - [ TESTHUB ] Processing Request Kind LogCreated
11:19:09.326 [main] DEBUG com.browserstack.testOps.Listener - [ TESTHUB ] Processing Request Kind LogCreated
11:19:09.327 [main] DEBUG com.browserstack.testOps.Listener - [ TESTHUB ] Processing Request Kind LogCreated
11:19:09.327 [main] DEBUG com.browserstack.testOps.Listener - [ TESTHUB ] Processing Request Kind LogCreated
11:19:09.334 [main] DEBUG com.browserstack.testOps.Listener - [ TESTHUB ] Processing Request Kind LogCreated
11:19:09.334 [main] DEBUG com.browserstack.testOps.Listener - [ TESTHUB ] Processing Request Kind LogCreated
11:19:09.335 [main] DEBUG com.browserstack.testOps.Listener - [ TESTHUB ] Processing Request Kind LogCreated
11:19:09.335 [main] DEBUG com.browserstack.testOps.Listener - [ TESTHUB ] Processing Request Kind LogCreated
11:19:09.337 [main] DEBUG com.browserstack.testOps.Listener - [ TESTHUB ] Processing Request Kind LogCreated
11:19:09.337 [main] DEBUG com.browserstack.testOps.Listener - [ TESTHUB ] Processing Request Kind LogCreated
11:19:09.338 [main] DEBUG com.browserstack.testOps.Listener - [ TESTHUB ] Processing Request Kind LogCreated
11:19:09.338 [main] DEBUG com.browserstack.testOps.Listener - [ TESTHUB ] Processing Request Kind LogCreated
11:19:09.356 [main] DEBUG com.browserstack.testOps.Listener - [ TESTHUB ] Processing Request Kind LogCreated
11:19:09.357 [main] DEBUG com.browserstack.testOps.Listener - [ TESTHUB ] Processing Request Kind LogCreated
11:19:09.357 [main] DEBUG com.browserstack.testOps.Listener - [ TESTHUB ] Processing Request Kind LogCreated
11:19:09.357 [main] DEBUG com.browserstack.testOps.Listener - [ TESTHUB ] Processing Request Kind LogCreated
11:19:09.358 [main] DEBUG com.browserstack.testOps.Listener - [ TESTHUB ] Processing Request Kind LogCreated
11:19:09.358 [main] DEBUG com.browserstack.testOps.Listener - [ TESTHUB ] Processing Request Kind LogCreated
11:19:09.359 [main] DEBUG com.browserstack.testOps.Listener - [ TESTHUB ] Processing Request Kind LogCreated
11:19:09.360 [main] DEBUG com.browserstack.testOps.Listener - [ TESTHUB ] Processing Request Kind LogCreated
11:19:09.360 [main] DEBUG com.browserstack.testOps.Listener - [ TESTHUB ] Processing Request Kind LogCreated
11:19:09.361 [main] DEBUG com.browserstack.testOps.Listener - [ TESTHUB ] Processing Request Kind LogCreated
11:19:09.361 [main] DEBUG com.browserstack.testOps.Listener - [ TESTHUB ] Processing Request Kind LogCreated
11:19:09.362 [main] DEBUG com.browserstack.testOps.Listener - [ TESTHUB ] Processing Request Kind LogCreated
11:19:09.362 [main] DEBUG com.browserstack.testOps.Listener - [ TESTHUB ] Processing Request Kind LogCreated
11:19:09.362 [main] DEBUG com.browserstack.testOps.Listener - [ TESTHUB ] Processing Request Kind LogCreated
11:19:09.363 [main] DEBUG com.browserstack.testOps.Listener - [ TESTHUB ] Processing Request Kind LogCreated
11:19:09.364 [main] DEBUG com.browserstack.testOps.Listener - [ TESTHUB ] Processing Request Kind LogCreated
11:19:09.365 [main] DEBUG com.browserstack.testOps.Listener - [ TESTHUB ] Processing Request Kind LogCreated
11:19:09.365 [main] DEBUG com.browserstack.testOps.Listener - [ TESTHUB ] Processing Request Kind LogCreated
11:19:09.365 [main] DEBUG com.browserstack.testOps.Listener - [ TESTHUB ] Processing Request Kind LogCreated
11:19:09.366 [main] DEBUG com.browserstack.testOps.Listener - [ TESTHUB ] Processing Request Kind LogCreated
11:19:09.366 [main] DEBUG com.browserstack.testOps.Listener - [ TESTHUB ] Processing Request Kind LogCreated
11:19:09.366 [main] DEBUG com.browserstack.testOps.Listener - [ TESTHUB ] Processing Request Kind LogCreated
11:19:09.368 [main] DEBUG com.browserstack.testOps.Listener - [ TESTHUB ] Processing Request Kind LogCreated
11:19:09.368 [main] DEBUG com.browserstack.testOps.Listener - [ TESTHUB ] Processing Request Kind LogCreated
11:19:09.368 [main] DEBUG com.browserstack.testOps.Listener - [ TESTHUB ] Processing Request Kind LogCreated
11:19:09.370 [main] DEBUG com.browserstack.testOps.Listener - [ TESTHUB ] Processing Request Kind LogCreated
11:19:09.370 [main] DEBUG com.browserstack.testOps.Listener - [ TESTHUB ] Processing Request Kind LogCreated
11:19:09.370 [main] DEBUG com.browserstack.testOps.Listener - [ TESTHUB ] Processing Request Kind LogCreated
11:19:09.371 [main] DEBUG com.browserstack.testOps.Listener - [ TESTHUB ] Processing Request Kind LogCreated
11:19:09.372 [main] DEBUG com.browserstack.testOps.Listener - [ TESTHUB ] Processing Request Kind LogCreated
11:19:09.372 [main] DEBUG com.browserstack.testOps.Listener - [ TESTHUB ] Processing Request Kind LogCreated
11:19:09.372 [main] DEBUG com.browserstack.testOps.Listener - [ TESTHUB ] Processing Request Kind LogCreated
11:19:09.372 [main] DEBUG com.browserstack.testOps.Listener - [ TESTHUB ] Processing Request Kind LogCreated
11:19:09.372 [main] DEBUG com.browserstack.testOps.Listener - [ TESTHUB ] Processing Request Kind LogCreated
11:19:09.373 [main] DEBUG com.browserstack.testOps.Listener - [ TESTHUB ] Processing Request Kind LogCreated
11:19:09.374 [main] DEBUG com.browserstack.testOps.Listener - [ TESTHUB ] Processing Request Kind LogCreated
11:19:09.375 [main] DEBUG com.browserstack.testOps.Listener - [ TESTHUB ] Processing Request Kind LogCreated
11:19:09.375 [main] DEBUG com.browserstack.testOps.Listener - [ TESTHUB ] Processing Request Kind LogCreated
11:19:09.375 [main] DEBUG com.browserstack.testOps.Listener - [ TESTHUB ] Processing Request Kind LogCreated
11:19:09.376 [main] DEBUG com.browserstack.testOps.Listener - [ TESTHUB ] Processing Request Kind LogCreated
11:19:09.376 [main] DEBUG com.browserstack.testOps.Listener - [ TESTHUB ] Processing Request Kind LogCreated
11:19:09.376 [main] DEBUG com.browserstack.testOps.Listener - [ TESTHUB ] Processing Request Kind LogCreated
11:19:09.376 [main] DEBUG com.browserstack.testOps.Listener - [ TESTHUB ] Processing Request Kind LogCreated
11:19:09.377 [main] DEBUG com.browserstack.testOps.Listener - [ TESTHUB ] Processing Request Kind LogCreated
11:19:09.377 [main] DEBUG com.browserstack.testOps.Listener - [ TESTHUB ] Processing Request Kind LogCreated
11:19:09.377 [main] DEBUG com.browserstack.testOps.Listener - [ TESTHUB ] Processing Request Kind LogCreated
11:19:09.377 [main] DEBUG com.browserstack.testOps.Listener - [ TESTHUB ] Processing Request Kind LogCreated
11:19:09.382 [main] DEBUG com.browserstack.testOps.Listener - [ TESTHUB ] Processing Request Kind LogCreated
11:19:09.382 [main] DEBUG com.browserstack.testOps.Listener - [ TESTHUB ] Processing Request Kind LogCreated
11:19:09.382 [main] DEBUG com.browserstack.testOps.Listener - [ TESTHUB ] Processing Request Kind LogCreated
11:19:09.382 [main] DEBUG com.browserstack.testOps.Listener - [ TESTHUB ] Processing Request Kind LogCreated
11:19:09.383 [main] DEBUG com.browserstack.testOps.Listener - [ TESTHUB ] Processing Request Kind LogCreated
11:19:09.383 [main] DEBUG com.browserstack.testOps.Listener - [ TESTHUB ] Processing Request Kind LogCreated
11:19:09.385 [main] DEBUG com.browserstack.testOps.Listener - [ TESTHUB ] Processing Request Kind LogCreated
11:19:09.385 [main] DEBUG com.browserstack.testOps.Listener - [ TESTHUB ] Processing Request Kind LogCreated
11:19:09.385 [main] DEBUG com.browserstack.testOps.Listener - [ TESTHUB ] Processing Request Kind LogCreated
11:19:09.387 [main] DEBUG com.browserstack.testOps.Listener - [ TESTHUB ] Processing Request Kind LogCreated
11:19:09.387 [main] DEBUG com.browserstack.testOps.Listener - [ TESTHUB ] Processing Request Kind LogCreated
11:19:09.387 [main] DEBUG com.browserstack.testOps.Listener - [ TESTHUB ] Processing Request Kind LogCreated
11:19:09.387 [main] DEBUG com.browserstack.testOps.Listener - [ TESTHUB ] Processing Request Kind LogCreated
11:19:09.387 [main] DEBUG com.browserstack.testOps.Listener - [ TESTHUB ] Processing Request Kind LogCreated
11:19:09.387 [main] DEBUG com.browserstack.testOps.Listener - [ TESTHUB ] Processing Request Kind LogCreated
11:19:09.388 [main] DEBUG com.browserstack.testOps.Listener - [ TESTHUB ] Processing Request Kind LogCreated
11:19:09.388 [main] DEBUG com.browserstack.testOps.Listener - [ TESTHUB ] Processing Request Kind LogCreated
11:19:09.389 [main] DEBUG com.browserstack.testOps.Listener - [ TESTHUB ] Processing Request Kind LogCreated
11:19:09.389 [main] DEBUG com.browserstack.testOps.Listener - [ TESTHUB ] Processing Request Kind LogCreated
11:19:09.389 [main] DEBUG com.browserstack.testOps.Listener - [ TESTHUB ] Processing Request Kind LogCreated
11:19:09.389 [main] DEBUG com.browserstack.testOps.Listener - [ TESTHUB ] Processing Request Kind LogCreated
11:19:09.389 [main] DEBUG com.browserstack.testOps.Listener - [ TESTHUB ] Processing Request Kind LogCreated
11:19:09.390 [main] DEBUG com.browserstack.testOps.Listener - [ TESTHUB ] Processing Request Kind LogCreated
11:19:09.390 [main] DEBUG com.browserstack.testOps.Listener - [ TESTHUB ] Processing Request Kind LogCreated
11:19:09.391 [main] DEBUG com.browserstack.testOps.Listener - [ TESTHUB ] Processing Request Kind LogCreated
11:19:09.391 [main] DEBUG com.browserstack.testOps.Listener - [ TESTHUB ] Processing Request Kind LogCreated
11:19:09.392 [main] DEBUG com.browserstack.testOps.Listener - [ TESTHUB ] Processing Request Kind LogCreated
11:19:09.392 [main] DEBUG com.browserstack.testOps.Listener - [ TESTHUB ] Processing Request Kind LogCreated
11:19:09.393 [main] DEBUG com.browserstack.testOps.Listener - [ TESTHUB ] Processing Request Kind LogCreated
11:19:09.393 [main] DEBUG com.browserstack.testOps.Listener - [ TESTHUB ] Processing Request Kind LogCreated
11:19:09.394 [main] DEBUG com.browserstack.testOps.Listener - [ TESTHUB ] Processing Request Kind LogCreated
11:19:09.394 [main] DEBUG com.browserstack.testOps.Listener - [ TESTHUB ] Processing Request Kind LogCreated
11:19:09.394 [main] DEBUG com.browserstack.testOps.Listener - [ TESTHUB ] Processing Request Kind LogCreated
11:19:09.396 [main] DEBUG com.browserstack.testOps.Listener - [ TESTHUB ] Processing Request Kind LogCreated
11:19:09.397 [main] DEBUG com.browserstack.testOps.Listener - [ TESTHUB ] Processing Request Kind LogCreated
11:19:09.397 [main] DEBUG com.browserstack.testOps.Listener - [ TESTHUB ] Processing Request Kind LogCreated
11:19:09.397 [main] DEBUG com.browserstack.testOps.Listener - [ TESTHUB ] Processing Request Kind LogCreated
11:19:09.397 [main] DEBUG com.browserstack.testOps.Listener - [ TESTHUB ] Processing Request Kind LogCreated
11:19:09.397 [main] DEBUG com.browserstack.testOps.Listener - [ TESTHUB ] Processing Request Kind LogCreated
11:19:09.398 [main] DEBUG com.browserstack.testOps.Listener - [ TESTHUB ] Processing Request Kind LogCreated
11:19:09.398 [main] DEBUG com.browserstack.testOps.Listener - [ TESTHUB ] Processing Request Kind LogCreated
11:19:09.398 [main] DEBUG com.browserstack.testOps.Listener - [ TESTHUB ] Processing Request Kind LogCreated
11:19:09.398 [main] DEBUG com.browserstack.testOps.Listener - [ TESTHUB ] Processing Request Kind LogCreated
11:19:09.400 [main] DEBUG com.browserstack.testOps.Listener - [ TESTHUB ] Processing Request Kind LogCreated
11:19:09.400 [main] DEBUG com.browserstack.testOps.Listener - [ TESTHUB ] Processing Request Kind LogCreated
11:19:09.400 [main] DEBUG com.browserstack.testOps.Listener - [ TESTHUB ] Processing Request Kind LogCreated
11:19:09.400 [main] DEBUG com.browserstack.testOps.Listener - [ TESTHUB ] Processing Request Kind LogCreated
11:19:09.404 [main] DEBUG com.browserstack.testOps.Listener - [ TESTHUB ] Processing Request Kind LogCreated
11:19:09.406 [main] DEBUG c.browserstack.utils.LogReportingAPI - [2024-11-05T07:19:09.406611100Z][ OBSERVABILITY ] Processing Logs patching stream
11:19:09.435 [main] DEBUG com.browserstack.testOps.Listener - [ TESTHUB ] Processing Request Kind LogCreated
11:19:09.463 [Default test-2@2] DEBUG com.browserstack.testOps.Listener - [ TESTHUB ] Processing Request Kind LogCreated
11:19:09.463 [Default test-1@1] DEBUG com.browserstack.testOps.Listener - [ TESTHUB ] Processing Request Kind LogCreated
11:19:09.463 [Default test-0@0] DEBUG com.browserstack.testOps.Listener - [ TESTHUB ] Processing Request Kind LogCreated
11:19:09.514 [ConfigureAppium@0] DEBUG c.b.testNgListeners.TestNGUtils - [populateTestDataForBSTestOps] Event Type :: HookRunStarted, Method ClassName :: MargoExpress.Mobile.BaseTest 
11:19:09.514 [ConfigureAppium@1] DEBUG c.b.testNgListeners.TestNGUtils - [populateTestDataForBSTestOps] Event Type :: HookRunStarted, Method ClassName :: MargoExpress.Mobile.BaseTest 
11:19:09.514 [ConfigureAppium@2] DEBUG c.b.testNgListeners.TestNGUtils - [populateTestDataForBSTestOps] Event Type :: HookRunStarted, Method ClassName :: MargoExpress.Mobile.BaseTest 
11:19:09.514 [ConfigureAppium@0] DEBUG c.browserstack.utils.UtilityMethods - [findFileMatcher] Current Path is :: C:\Users\xps\eclipse-workspace\Mobile, TestClass :: MargoExpress\Mobile\BaseTest
11:19:09.514 [ConfigureAppium@2] DEBUG c.browserstack.utils.UtilityMethods - [findFileMatcher] Current Path is :: C:\Users\xps\eclipse-workspace\Mobile, TestClass :: MargoExpress\Mobile\BaseTest
11:19:09.514 [ConfigureAppium@1] DEBUG c.browserstack.utils.UtilityMethods - [findFileMatcher] Current Path is :: C:\Users\xps\eclipse-workspace\Mobile, TestClass :: MargoExpress\Mobile\BaseTest
11:19:09.631 [ConfigureAppium@1] DEBUG c.b.testNgListeners.TestNGUtils - [populateTestDataForBSTestOps] The filename fetched :: C:\Users\xps\eclipse-workspace\Mobile\src\test\java\MargoExpress\Mobile\BaseTest.java, fileSeparator :: \, AbsolutePath :: C:\Users\xps\eclipse-workspace\Mobile\., Normalized Path :: C:\Users\xps\eclipse-workspace\Mobile, File.Separator :: \
11:19:09.632 [ConfigureAppium@1] DEBUG c.b.testNgListeners.TestNGUtils - [populateTestDataForBSTestOps] Replaced File Name is :: Mobile\src\test\java\MargoExpress\Mobile\BaseTest.java, Absolute Path :: C:\Users\xps\eclipse-workspace\Mobile\.., Normalized Path :: C:\Users\xps\eclipse-workspace 
11:19:09.633 [ConfigureAppium@2] DEBUG c.b.testNgListeners.TestNGUtils - [populateTestDataForBSTestOps] The filename fetched :: C:\Users\xps\eclipse-workspace\Mobile\src\test\java\MargoExpress\Mobile\BaseTest.java, fileSeparator :: \, AbsolutePath :: C:\Users\xps\eclipse-workspace\Mobile\., Normalized Path :: C:\Users\xps\eclipse-workspace\Mobile, File.Separator :: \
11:19:09.633 [ConfigureAppium@2] DEBUG c.b.testNgListeners.TestNGUtils - [populateTestDataForBSTestOps] Replaced File Name is :: Mobile\src\test\java\MargoExpress\Mobile\BaseTest.java, Absolute Path :: C:\Users\xps\eclipse-workspace\Mobile\.., Normalized Path :: C:\Users\xps\eclipse-workspace 
11:19:09.635 [ConfigureAppium@2] DEBUG com.browserstack.testOps.Listener - [ TESTHUB ] Processing Request Kind HookRunStarted
11:19:09.635 [ConfigureAppium@1] DEBUG com.browserstack.testOps.Listener - [ TESTHUB ] Processing Request Kind HookRunStarted
11:19:09.635 [ConfigureAppium@0] DEBUG c.b.testNgListeners.TestNGUtils - [populateTestDataForBSTestOps] The filename fetched :: C:\Users\xps\eclipse-workspace\Mobile\src\test\java\MargoExpress\Mobile\BaseTest.java, fileSeparator :: \, AbsolutePath :: C:\Users\xps\eclipse-workspace\Mobile\., Normalized Path :: C:\Users\xps\eclipse-workspace\Mobile, File.Separator :: \
11:19:09.636 [ConfigureAppium@0] DEBUG c.b.testNgListeners.TestNGUtils - [populateTestDataForBSTestOps] Replaced File Name is :: Mobile\src\test\java\MargoExpress\Mobile\BaseTest.java, Absolute Path :: C:\Users\xps\eclipse-workspace\Mobile\.., Normalized Path :: C:\Users\xps\eclipse-workspace 
11:19:09.636 [ConfigureAppium@0] DEBUG com.browserstack.testOps.Listener - [ TESTHUB ] Processing Request Kind HookRunStarted
11:19:11.267 [pool-4-thread-1] DEBUG c.browserstack.utils.RequestBatcher - Time Since Last Batch Processed 1730791151267

11:19:11.275 [pool-5-thread-1] DEBUG c.browserstack.utils.RequestBatcher - Processing Batch 149

11:19:11.282 [pool-5-thread-1] DEBUG c.browserstack.testOps.RequestUtils - [requestToTestOps] Sending Observability request: POST api/v1/batch with request size 35839
11:19:11.284 [pool-5-thread-1] DEBUG c.browserstack.testOps.RequestUtils - [makeRequest] Sending request: POST https://collector-observability.browserstack.com/api/v1/batch with request size 35839
11:19:11.728 [pool-5-thread-1] DEBUG c.browserstack.testOps.RequestUtils - [makeRequest]: Response code: 200
11:19:11.728 [pool-5-thread-1] DEBUG c.browserstack.testOps.RequestUtils - requestToTestOps: Response code: 200
11:19:11.728 [pool-5-thread-1] DEBUG c.browserstack.utils.LogReportingAPI - 
[2024-11-05T07:19:11.728350200Z][ TESTHUB ] Batch event successfull!

11:19:13.270 [pool-4-thread-1] DEBUG c.browserstack.utils.RequestBatcher - Time Since Last Batch Processed 2002

11:19:13.813 [ConfigureAppium@0] DEBUG c.browserstack.utils.UtilityMethods - [Patch]: SDK enabled, patching remote server
11:19:13.813 [ConfigureAppium@2] DEBUG c.browserstack.utils.UtilityMethods - [Patch]: SDK enabled, patching remote server
11:19:13.813 [ConfigureAppium@1] DEBUG c.browserstack.utils.UtilityMethods - [Patch]: SDK enabled, patching remote server
11:19:13.819 [ConfigureAppium@0] DEBUG c.b.selenium.SeleniumHandler - beforeDriverInit: SDK enabled. Thread ID: 70
11:19:13.820 [ConfigureAppium@2] DEBUG c.b.selenium.SeleniumHandler - beforeDriverInit: SDK enabled. Thread ID: 72
11:19:13.819 [ConfigureAppium@1] DEBUG c.b.selenium.SeleniumHandler - beforeDriverInit: SDK enabled. Thread ID: 71
11:19:13.831 [ConfigureAppium@1] DEBUG c.browserstack.utils.UtilityMethods - [Patch]: SDK enabled, patching remote server
11:19:13.831 [ConfigureAppium@2] DEBUG c.browserstack.utils.UtilityMethods - [Patch]: SDK enabled, patching remote server
11:19:13.831 [ConfigureAppium@0] DEBUG c.browserstack.utils.UtilityMethods - [Patch]: SDK enabled, patching remote server
11:19:15.280 [pool-4-thread-1] DEBUG c.browserstack.utils.RequestBatcher - Time Since Last Batch Processed 2010

11:19:19.279 [pool-4-thread-1] DEBUG c.browserstack.utils.RequestBatcher - Time Since Last Batch Processed 3999

11:19:23.280 [pool-4-thread-1] DEBUG c.browserstack.utils.RequestBatcher - Time Since Last Batch Processed 4000

11:19:27.267 [pool-4-thread-1] DEBUG c.browserstack.utils.RequestBatcher - Time Since Last Batch Processed 3987

11:19:29.280 [pool-4-thread-1] DEBUG c.browserstack.utils.RequestBatcher - Time Since Last Batch Processed 2013

11:19:33.275 [pool-4-thread-1] DEBUG c.browserstack.utils.RequestBatcher - Time Since Last Batch Processed 3995

11:19:34.552 [ConfigureAppium@0] DEBUG c.b.selenium.SeleniumHandler - afterDriverInit: requested
11:19:34.620 [ConfigureAppium@0] DEBUG c.b.utils.SeleniumMethodUtils - getURLFromCommandExecutor: Getting Hub url from HttpCommandExecutor
11:19:34.620 [ConfigureAppium@0] DEBUG c.b.utils.SeleniumMethodUtils - getURLFromCommandExecutor: Found url: https://hub-aps.browserstack.com/wd/hub
11:19:34.620 [ConfigureAppium@0] DEBUG c.b.utils.SeleniumMethodUtils - getURLFromCommandExecutor: Getting Hub url from HttpCommandExecutor
11:19:34.620 [ConfigureAppium@0] DEBUG c.b.utils.SeleniumMethodUtils - getURLFromCommandExecutor: Found url: https://hub-aps.browserstack.com/wd/hub
11:19:34.753 [Default test-0@0] DEBUG c.b.testNgListeners.TestNGUtils - [populateTestDataForBSTestOps] Event Type :: TestRunStarted, Test ClassName :: MargoExpress.Mobile.Ecommerce_Tc_4_Hybrid 
11:19:34.753 [Default test-0@0] DEBUG c.browserstack.utils.UtilityMethods - [findFileMatcher] Current Path is :: C:\Users\xps\eclipse-workspace\Mobile, TestClass :: MargoExpress\Mobile\Ecommerce_Tc_4_Hybrid
11:19:34.826 [Default test-0@0] DEBUG c.b.testNgListeners.TestNGUtils - [populateTestDataForBSTestOps] The filename fetched :: C:\Users\xps\eclipse-workspace\Mobile\src\test\java\MargoExpress\Mobile\Ecommerce_Tc_4_Hybrid.java, fileSeparator :: \, AbsolutePath :: C:\Users\xps\eclipse-workspace\Mobile\., Normalized Path :: C:\Users\xps\eclipse-workspace\Mobile, File.Separator :: \
11:19:34.826 [Default test-0@0] DEBUG c.b.testNgListeners.TestNGUtils - [populateTestDataForBSTestOps] Replaced File Name is :: Mobile\src\test\java\MargoExpress\Mobile\Ecommerce_Tc_4_Hybrid.java, Absolute Path :: C:\Users\xps\eclipse-workspace\Mobile\.., Normalized Path :: C:\Users\xps\eclipse-workspace 
11:19:34.840 [Default test-0@0] DEBUG c.b.utils.SeleniumMethodUtils - getURLFromCommandExecutor: Getting Hub url from HttpCommandExecutor
11:19:34.841 [Default test-0@0] DEBUG c.b.utils.SeleniumMethodUtils - getURLFromCommandExecutor: Found url: https://hub-aps.browserstack.com/wd/hub
11:19:34.841 [Default test-0@0] DEBUG c.b.utils.SeleniumMethodUtils - getURLFromCommandExecutor: Getting Hub url from HttpCommandExecutor
11:19:34.841 [Default test-0@0] DEBUG c.b.utils.SeleniumMethodUtils - getURLFromCommandExecutor: Found url: https://hub-aps.browserstack.com/wd/hub
11:19:34.843 [Default test-0@0] DEBUG com.browserstack.testOps.Listener - [ TESTHUB ] Processing Request Kind TestRunStarted
11:19:37.120 [ConfigureAppium@2] DEBUG c.b.selenium.SeleniumHandler - afterDriverInit: requested
11:19:37.138 [ConfigureAppium@2] DEBUG c.b.utils.SeleniumMethodUtils - getURLFromCommandExecutor: Getting Hub url from HttpCommandExecutor
11:19:37.139 [ConfigureAppium@2] DEBUG c.b.utils.SeleniumMethodUtils - getURLFromCommandExecutor: Found url: https://hub-aps.browserstack.com/wd/hub
11:19:37.139 [ConfigureAppium@2] DEBUG c.b.utils.SeleniumMethodUtils - getURLFromCommandExecutor: Getting Hub url from HttpCommandExecutor
11:19:37.139 [ConfigureAppium@2] DEBUG c.b.utils.SeleniumMethodUtils - getURLFromCommandExecutor: Found url: https://hub-aps.browserstack.com/wd/hub
11:19:37.214 [Default test-2@2] DEBUG c.b.testNgListeners.TestNGUtils - [populateTestDataForBSTestOps] Event Type :: TestRunStarted, Test ClassName :: MargoExpress.Mobile.Ecommerce_Tc_4_Hybrid 
11:19:37.216 [Default test-2@2] DEBUG c.browserstack.utils.UtilityMethods - [findFileMatcher] Current Path is :: C:\Users\xps\eclipse-workspace\Mobile, TestClass :: MargoExpress\Mobile\Ecommerce_Tc_4_Hybrid
11:19:37.279 [pool-4-thread-1] DEBUG c.browserstack.utils.RequestBatcher - Time Since Last Batch Processed 4004

11:19:37.280 [pool-5-thread-1] DEBUG c.browserstack.utils.RequestBatcher - Processing Batch 1

11:19:37.280 [pool-5-thread-1] DEBUG c.browserstack.testOps.RequestUtils - [requestToTestOps] Sending Observability request: POST api/v1/batch with request size 3203
11:19:37.280 [pool-5-thread-1] DEBUG c.browserstack.testOps.RequestUtils - [makeRequest] Sending request: POST https://collector-observability.browserstack.com/api/v1/batch with request size 3203
11:19:37.296 [Default test-2@2] DEBUG c.b.testNgListeners.TestNGUtils - [populateTestDataForBSTestOps] The filename fetched :: C:\Users\xps\eclipse-workspace\Mobile\src\test\java\MargoExpress\Mobile\Ecommerce_Tc_4_Hybrid.java, fileSeparator :: \, AbsolutePath :: C:\Users\xps\eclipse-workspace\Mobile\., Normalized Path :: C:\Users\xps\eclipse-workspace\Mobile, File.Separator :: \
11:19:37.297 [Default test-2@2] DEBUG c.b.testNgListeners.TestNGUtils - [populateTestDataForBSTestOps] Replaced File Name is :: Mobile\src\test\java\MargoExpress\Mobile\Ecommerce_Tc_4_Hybrid.java, Absolute Path :: C:\Users\xps\eclipse-workspace\Mobile\.., Normalized Path :: C:\Users\xps\eclipse-workspace 
11:19:37.314 [Default test-2@2] DEBUG c.b.utils.SeleniumMethodUtils - getURLFromCommandExecutor: Getting Hub url from HttpCommandExecutor
11:19:37.316 [Default test-2@2] DEBUG c.b.utils.SeleniumMethodUtils - getURLFromCommandExecutor: Found url: https://hub-aps.browserstack.com/wd/hub
11:19:37.316 [Default test-2@2] DEBUG c.b.utils.SeleniumMethodUtils - getURLFromCommandExecutor: Getting Hub url from HttpCommandExecutor
11:19:37.316 [Default test-2@2] DEBUG c.b.utils.SeleniumMethodUtils - getURLFromCommandExecutor: Found url: https://hub-aps.browserstack.com/wd/hub
11:19:37.319 [Default test-2@2] DEBUG com.browserstack.testOps.Listener - [ TESTHUB ] Processing Request Kind TestRunStarted
11:19:37.492 [pool-5-thread-1] DEBUG c.browserstack.testOps.RequestUtils - [makeRequest]: Response code: 200
11:19:37.492 [pool-5-thread-1] DEBUG c.browserstack.testOps.RequestUtils - requestToTestOps: Response code: 200
11:19:37.492 [pool-5-thread-1] DEBUG c.browserstack.utils.LogReportingAPI - 
[2024-11-05T07:19:37.492690600Z][ TESTHUB ] Batch event successfull!

11:19:41.276 [pool-4-thread-1] DEBUG c.browserstack.utils.RequestBatcher - Time Since Last Batch Processed 3996

11:19:41.277 [pool-5-thread-1] DEBUG c.browserstack.utils.RequestBatcher - Processing Batch 1

11:19:41.277 [pool-5-thread-1] DEBUG c.browserstack.testOps.RequestUtils - [requestToTestOps] Sending Observability request: POST api/v1/batch with request size 3216
11:19:41.278 [pool-5-thread-1] DEBUG c.browserstack.testOps.RequestUtils - [makeRequest] Sending request: POST https://collector-observability.browserstack.com/api/v1/batch with request size 3216
11:19:41.522 [pool-5-thread-1] DEBUG c.browserstack.testOps.RequestUtils - [makeRequest]: Response code: 200
11:19:41.522 [pool-5-thread-1] DEBUG c.browserstack.testOps.RequestUtils - requestToTestOps: Response code: 200
11:19:41.522 [pool-5-thread-1] DEBUG c.browserstack.utils.LogReportingAPI - 
[2024-11-05T07:19:41.522877100Z][ TESTHUB ] Batch event successfull!

11:19:43.280 [pool-4-thread-1] DEBUG c.browserstack.utils.RequestBatcher - Time Since Last Batch Processed 2003

11:19:44.999 [ConfigureAppium@1] DEBUG c.b.selenium.SeleniumHandler - afterDriverInit: requested
11:19:45.006 [ConfigureAppium@1] DEBUG c.b.utils.SeleniumMethodUtils - getURLFromCommandExecutor: Getting Hub url from HttpCommandExecutor
11:19:45.006 [ConfigureAppium@1] DEBUG c.b.utils.SeleniumMethodUtils - getURLFromCommandExecutor: Found url: https://hub-aps.browserstack.com/wd/hub
11:19:45.006 [ConfigureAppium@1] DEBUG c.b.utils.SeleniumMethodUtils - getURLFromCommandExecutor: Getting Hub url from HttpCommandExecutor
11:19:45.006 [ConfigureAppium@1] DEBUG c.b.utils.SeleniumMethodUtils - getURLFromCommandExecutor: Found url: https://hub-aps.browserstack.com/wd/hub
11:19:45.095 [Default test-1@1] DEBUG c.b.testNgListeners.TestNGUtils - [populateTestDataForBSTestOps] Event Type :: TestRunStarted, Test ClassName :: MargoExpress.Mobile.Ecommerce_Tc_4_Hybrid 
11:19:45.095 [Default test-1@1] DEBUG c.browserstack.utils.UtilityMethods - [findFileMatcher] Current Path is :: C:\Users\xps\eclipse-workspace\Mobile, TestClass :: MargoExpress\Mobile\Ecommerce_Tc_4_Hybrid
11:19:45.154 [Default test-1@1] DEBUG c.b.testNgListeners.TestNGUtils - [populateTestDataForBSTestOps] The filename fetched :: C:\Users\xps\eclipse-workspace\Mobile\src\test\java\MargoExpress\Mobile\Ecommerce_Tc_4_Hybrid.java, fileSeparator :: \, AbsolutePath :: C:\Users\xps\eclipse-workspace\Mobile\., Normalized Path :: C:\Users\xps\eclipse-workspace\Mobile, File.Separator :: \
11:19:45.155 [Default test-1@1] DEBUG c.b.testNgListeners.TestNGUtils - [populateTestDataForBSTestOps] Replaced File Name is :: Mobile\src\test\java\MargoExpress\Mobile\Ecommerce_Tc_4_Hybrid.java, Absolute Path :: C:\Users\xps\eclipse-workspace\Mobile\.., Normalized Path :: C:\Users\xps\eclipse-workspace 
11:19:45.167 [Default test-1@1] DEBUG c.b.utils.SeleniumMethodUtils - getURLFromCommandExecutor: Getting Hub url from HttpCommandExecutor
11:19:45.167 [Default test-1@1] DEBUG c.b.utils.SeleniumMethodUtils - getURLFromCommandExecutor: Found url: https://hub-aps.browserstack.com/wd/hub
11:19:45.167 [Default test-1@1] DEBUG c.b.utils.SeleniumMethodUtils - getURLFromCommandExecutor: Getting Hub url from HttpCommandExecutor
11:19:45.167 [Default test-1@1] DEBUG c.b.utils.SeleniumMethodUtils - getURLFromCommandExecutor: Found url: https://hub-aps.browserstack.com/wd/hub
11:19:45.169 [Default test-1@1] DEBUG com.browserstack.testOps.Listener - [ TESTHUB ] Processing Request Kind TestRunStarted
11:19:47.280 [pool-4-thread-1] DEBUG c.browserstack.utils.RequestBatcher - Time Since Last Batch Processed 4000

11:19:47.280 [pool-5-thread-1] DEBUG c.browserstack.utils.RequestBatcher - Processing Batch 1

11:19:47.280 [pool-5-thread-1] DEBUG c.browserstack.testOps.RequestUtils - [requestToTestOps] Sending Observability request: POST api/v1/batch with request size 3198
11:19:47.280 [pool-5-thread-1] DEBUG c.browserstack.testOps.RequestUtils - [makeRequest] Sending request: POST https://collector-observability.browserstack.com/api/v1/batch with request size 3198
11:19:47.492 [pool-5-thread-1] DEBUG c.browserstack.testOps.RequestUtils - [makeRequest]: Response code: 200
11:19:47.493 [pool-5-thread-1] DEBUG c.browserstack.testOps.RequestUtils - requestToTestOps: Response code: 200
11:19:47.493 [pool-5-thread-1] DEBUG c.browserstack.utils.LogReportingAPI - 
[2024-11-05T07:19:47.493992800Z][ TESTHUB ] Batch event successfull!

11:19:48.528 [FillForm@2] DEBUG c.b.testNgListeners.TestNGUtils - [populateTestDataForBSTestOps] Event Type :: HookRunFinished, Method ClassName :: MargoExpress.Mobile.BaseTest 
11:19:48.528 [FillForm@2] DEBUG c.browserstack.utils.UtilityMethods - [findFileMatcher] Current Path is :: C:\Users\xps\eclipse-workspace\Mobile, TestClass :: MargoExpress\Mobile\BaseTest
11:19:48.588 [FillForm@2] DEBUG c.b.testNgListeners.TestNGUtils - [populateTestDataForBSTestOps] The filename fetched :: C:\Users\xps\eclipse-workspace\Mobile\src\test\java\MargoExpress\Mobile\BaseTest.java, fileSeparator :: \, AbsolutePath :: C:\Users\xps\eclipse-workspace\Mobile\., Normalized Path :: C:\Users\xps\eclipse-workspace\Mobile, File.Separator :: \
11:19:48.588 [FillForm@2] DEBUG c.b.testNgListeners.TestNGUtils - [populateTestDataForBSTestOps] Replaced File Name is :: Mobile\src\test\java\MargoExpress\Mobile\BaseTest.java, Absolute Path :: C:\Users\xps\eclipse-workspace\Mobile\.., Normalized Path :: C:\Users\xps\eclipse-workspace 
11:19:48.596 [FillForm@2] DEBUG c.b.utils.SeleniumMethodUtils - getURLFromCommandExecutor: Getting Hub url from HttpCommandExecutor
11:19:48.596 [FillForm@2] DEBUG c.b.utils.SeleniumMethodUtils - getURLFromCommandExecutor: Found url: https://hub-aps.browserstack.com/wd/hub
11:19:48.596 [FillForm@2] DEBUG c.b.utils.SeleniumMethodUtils - getURLFromCommandExecutor: Getting Hub url from HttpCommandExecutor
11:19:48.596 [FillForm@2] DEBUG c.b.utils.SeleniumMethodUtils - getURLFromCommandExecutor: Found url: https://hub-aps.browserstack.com/wd/hub
11:19:48.596 [FillForm@2] DEBUG com.browserstack.testOps.Listener - [ TESTHUB ] Processing Request Kind HookRunFinished
11:19:48.596 [FillForm@2] DEBUG c.b.testNgListeners.TestNGUtils - [populateTestDataForBSTestOps] Event Type :: TestRunFinished, Test ClassName :: MargoExpress.Mobile.Ecommerce_Tc_4_Hybrid 
11:19:48.596 [FillForm@2] DEBUG c.browserstack.utils.UtilityMethods - [findFileMatcher] Current Path is :: C:\Users\xps\eclipse-workspace\Mobile, TestClass :: MargoExpress\Mobile\Ecommerce_Tc_4_Hybrid
11:19:48.655 [FillForm@2] DEBUG c.b.testNgListeners.TestNGUtils - [populateTestDataForBSTestOps] The filename fetched :: C:\Users\xps\eclipse-workspace\Mobile\src\test\java\MargoExpress\Mobile\Ecommerce_Tc_4_Hybrid.java, fileSeparator :: \, AbsolutePath :: C:\Users\xps\eclipse-workspace\Mobile\., Normalized Path :: C:\Users\xps\eclipse-workspace\Mobile, File.Separator :: \
11:19:48.655 [FillForm@2] DEBUG c.b.testNgListeners.TestNGUtils - [populateTestDataForBSTestOps] Replaced File Name is :: Mobile\src\test\java\MargoExpress\Mobile\Ecommerce_Tc_4_Hybrid.java, Absolute Path :: C:\Users\xps\eclipse-workspace\Mobile\.., Normalized Path :: C:\Users\xps\eclipse-workspace 
11:19:48.667 [FillForm@2] DEBUG c.b.utils.SeleniumMethodUtils - getURLFromCommandExecutor: Getting Hub url from HttpCommandExecutor
11:19:48.668 [FillForm@2] DEBUG c.b.utils.SeleniumMethodUtils - getURLFromCommandExecutor: Found url: https://hub-aps.browserstack.com/wd/hub
11:19:48.668 [FillForm@2] DEBUG c.b.utils.SeleniumMethodUtils - getURLFromCommandExecutor: Getting Hub url from HttpCommandExecutor
11:19:48.668 [FillForm@2] DEBUG c.b.utils.SeleniumMethodUtils - getURLFromCommandExecutor: Found url: https://hub-aps.browserstack.com/wd/hub
11:19:48.671 [FillForm@2] DEBUG com.browserstack.testOps.Listener - [ TESTHUB ] Processing Request Kind TestRunFinished
11:19:48.731 [Default test-2@2] DEBUG c.b.testNgListeners.TestNGUtils - [populateTestDataForBSTestOps] Event Type :: TestRunStarted, Test ClassName :: MargoExpress.Mobile.Ecommerce_Tc_4_Hybrid 
11:19:48.732 [Default test-2@2] DEBUG c.browserstack.utils.UtilityMethods - [findFileMatcher] Current Path is :: C:\Users\xps\eclipse-workspace\Mobile, TestClass :: MargoExpress\Mobile\Ecommerce_Tc_4_Hybrid
11:19:48.794 [Default test-2@2] DEBUG c.b.testNgListeners.TestNGUtils - [populateTestDataForBSTestOps] The filename fetched :: C:\Users\xps\eclipse-workspace\Mobile\src\test\java\MargoExpress\Mobile\Ecommerce_Tc_4_Hybrid.java, fileSeparator :: \, AbsolutePath :: C:\Users\xps\eclipse-workspace\Mobile\., Normalized Path :: C:\Users\xps\eclipse-workspace\Mobile, File.Separator :: \
11:19:48.794 [Default test-2@2] DEBUG c.b.testNgListeners.TestNGUtils - [populateTestDataForBSTestOps] Replaced File Name is :: Mobile\src\test\java\MargoExpress\Mobile\Ecommerce_Tc_4_Hybrid.java, Absolute Path :: C:\Users\xps\eclipse-workspace\Mobile\.., Normalized Path :: C:\Users\xps\eclipse-workspace 
11:19:48.800 [Default test-2@2] DEBUG c.b.utils.SeleniumMethodUtils - getURLFromCommandExecutor: Getting Hub url from HttpCommandExecutor
11:19:48.800 [Default test-2@2] DEBUG c.b.utils.SeleniumMethodUtils - getURLFromCommandExecutor: Found url: https://hub-aps.browserstack.com/wd/hub
11:19:48.800 [Default test-2@2] DEBUG c.b.utils.SeleniumMethodUtils - getURLFromCommandExecutor: Getting Hub url from HttpCommandExecutor
11:19:48.800 [Default test-2@2] DEBUG c.b.utils.SeleniumMethodUtils - getURLFromCommandExecutor: Found url: https://hub-aps.browserstack.com/wd/hub
11:19:48.802 [Default test-2@2] DEBUG com.browserstack.testOps.Listener - [ TESTHUB ] Processing Request Kind TestRunStarted
11:19:50.770 [FillForm@0] DEBUG c.b.testNgListeners.TestNGUtils - [populateTestDataForBSTestOps] Event Type :: HookRunFinished, Method ClassName :: MargoExpress.Mobile.BaseTest 
11:19:50.770 [FillForm@0] DEBUG c.browserstack.utils.UtilityMethods - [findFileMatcher] Current Path is :: C:\Users\xps\eclipse-workspace\Mobile, TestClass :: MargoExpress\Mobile\BaseTest
11:19:50.863 [FillForm@0] DEBUG c.b.testNgListeners.TestNGUtils - [populateTestDataForBSTestOps] The filename fetched :: C:\Users\xps\eclipse-workspace\Mobile\src\test\java\MargoExpress\Mobile\BaseTest.java, fileSeparator :: \, AbsolutePath :: C:\Users\xps\eclipse-workspace\Mobile\., Normalized Path :: C:\Users\xps\eclipse-workspace\Mobile, File.Separator :: \
11:19:50.863 [FillForm@0] DEBUG c.b.testNgListeners.TestNGUtils - [populateTestDataForBSTestOps] Replaced File Name is :: Mobile\src\test\java\MargoExpress\Mobile\BaseTest.java, Absolute Path :: C:\Users\xps\eclipse-workspace\Mobile\.., Normalized Path :: C:\Users\xps\eclipse-workspace 
11:19:50.870 [FillForm@0] DEBUG c.b.utils.SeleniumMethodUtils - getURLFromCommandExecutor: Getting Hub url from HttpCommandExecutor
11:19:50.870 [FillForm@0] DEBUG c.b.utils.SeleniumMethodUtils - getURLFromCommandExecutor: Found url: https://hub-aps.browserstack.com/wd/hub
11:19:50.870 [FillForm@0] DEBUG c.b.utils.SeleniumMethodUtils - getURLFromCommandExecutor: Getting Hub url from HttpCommandExecutor
11:19:50.870 [FillForm@0] DEBUG c.b.utils.SeleniumMethodUtils - getURLFromCommandExecutor: Found url: https://hub-aps.browserstack.com/wd/hub
11:19:50.870 [FillForm@0] DEBUG com.browserstack.testOps.Listener - [ TESTHUB ] Processing Request Kind HookRunFinished
11:19:50.870 [FillForm@0] DEBUG c.b.testNgListeners.TestNGUtils - [populateTestDataForBSTestOps] Event Type :: TestRunFinished, Test ClassName :: MargoExpress.Mobile.Ecommerce_Tc_4_Hybrid 
11:19:50.871 [FillForm@0] DEBUG c.browserstack.utils.UtilityMethods - [findFileMatcher] Current Path is :: C:\Users\xps\eclipse-workspace\Mobile, TestClass :: MargoExpress\Mobile\Ecommerce_Tc_4_Hybrid
11:19:50.962 [FillForm@0] DEBUG c.b.testNgListeners.TestNGUtils - [populateTestDataForBSTestOps] The filename fetched :: C:\Users\xps\eclipse-workspace\Mobile\src\test\java\MargoExpress\Mobile\Ecommerce_Tc_4_Hybrid.java, fileSeparator :: \, AbsolutePath :: C:\Users\xps\eclipse-workspace\Mobile\., Normalized Path :: C:\Users\xps\eclipse-workspace\Mobile, File.Separator :: \
11:19:50.962 [FillForm@0] DEBUG c.b.testNgListeners.TestNGUtils - [populateTestDataForBSTestOps] Replaced File Name is :: Mobile\src\test\java\MargoExpress\Mobile\Ecommerce_Tc_4_Hybrid.java, Absolute Path :: C:\Users\xps\eclipse-workspace\Mobile\.., Normalized Path :: C:\Users\xps\eclipse-workspace 
11:19:50.969 [FillForm@0] DEBUG c.b.utils.SeleniumMethodUtils - getURLFromCommandExecutor: Getting Hub url from HttpCommandExecutor
11:19:50.969 [FillForm@0] DEBUG c.b.utils.SeleniumMethodUtils - getURLFromCommandExecutor: Found url: https://hub-aps.browserstack.com/wd/hub
11:19:50.969 [FillForm@0] DEBUG c.b.utils.SeleniumMethodUtils - getURLFromCommandExecutor: Getting Hub url from HttpCommandExecutor
11:19:50.969 [FillForm@0] DEBUG c.b.utils.SeleniumMethodUtils - getURLFromCommandExecutor: Found url: https://hub-aps.browserstack.com/wd/hub
11:19:50.973 [FillForm@0] DEBUG com.browserstack.testOps.Listener - [ TESTHUB ] Processing Request Kind TestRunFinished
11:19:51.043 [Default test-0@0] DEBUG c.b.testNgListeners.TestNGUtils - [populateTestDataForBSTestOps] Event Type :: TestRunStarted, Test ClassName :: MargoExpress.Mobile.Ecommerce_Tc_4_Hybrid 
11:19:51.043 [Default test-0@0] DEBUG c.browserstack.utils.UtilityMethods - [findFileMatcher] Current Path is :: C:\Users\xps\eclipse-workspace\Mobile, TestClass :: MargoExpress\Mobile\Ecommerce_Tc_4_Hybrid
11:19:51.133 [Default test-0@0] DEBUG c.b.testNgListeners.TestNGUtils - [populateTestDataForBSTestOps] The filename fetched :: C:\Users\xps\eclipse-workspace\Mobile\src\test\java\MargoExpress\Mobile\Ecommerce_Tc_4_Hybrid.java, fileSeparator :: \, AbsolutePath :: C:\Users\xps\eclipse-workspace\Mobile\., Normalized Path :: C:\Users\xps\eclipse-workspace\Mobile, File.Separator :: \
11:19:51.133 [Default test-0@0] DEBUG c.b.testNgListeners.TestNGUtils - [populateTestDataForBSTestOps] Replaced File Name is :: Mobile\src\test\java\MargoExpress\Mobile\Ecommerce_Tc_4_Hybrid.java, Absolute Path :: C:\Users\xps\eclipse-workspace\Mobile\.., Normalized Path :: C:\Users\xps\eclipse-workspace 
11:19:51.141 [Default test-0@0] DEBUG c.b.utils.SeleniumMethodUtils - getURLFromCommandExecutor: Getting Hub url from HttpCommandExecutor
11:19:51.141 [Default test-0@0] DEBUG c.b.utils.SeleniumMethodUtils - getURLFromCommandExecutor: Found url: https://hub-aps.browserstack.com/wd/hub
11:19:51.141 [Default test-0@0] DEBUG c.b.utils.SeleniumMethodUtils - getURLFromCommandExecutor: Getting Hub url from HttpCommandExecutor
11:19:51.141 [Default test-0@0] DEBUG c.b.utils.SeleniumMethodUtils - getURLFromCommandExecutor: Found url: https://hub-aps.browserstack.com/wd/hub
11:19:51.145 [Default test-0@0] DEBUG com.browserstack.testOps.Listener - [ TESTHUB ] Processing Request Kind TestRunStarted
11:19:51.279 [pool-4-thread-1] DEBUG c.browserstack.utils.RequestBatcher - Time Since Last Batch Processed 3999

11:19:51.281 [pool-5-thread-1] DEBUG c.browserstack.utils.RequestBatcher - Processing Batch 6

11:19:51.283 [pool-5-thread-1] DEBUG c.browserstack.testOps.RequestUtils - [requestToTestOps] Sending Observability request: POST api/v1/batch with request size 19338
11:19:51.284 [pool-5-thread-1] DEBUG c.browserstack.testOps.RequestUtils - [makeRequest] Sending request: POST https://collector-observability.browserstack.com/api/v1/batch with request size 19338
11:19:51.498 [pool-5-thread-1] DEBUG c.browserstack.testOps.RequestUtils - [makeRequest]: Response code: 200
11:19:51.498 [pool-5-thread-1] DEBUG c.browserstack.testOps.RequestUtils - requestToTestOps: Response code: 200
11:19:51.498 [pool-5-thread-1] DEBUG c.browserstack.utils.LogReportingAPI - 
[2024-11-05T07:19:51.498650500Z][ TESTHUB ] Batch event successfull!

11:19:51.573 [selectProduct@2] DEBUG c.b.testNgListeners.TestNGUtils - [populateTestDataForBSTestOps] Event Type :: TestRunFinished, Test ClassName :: MargoExpress.Mobile.Ecommerce_Tc_4_Hybrid 
11:19:51.573 [selectProduct@2] DEBUG c.browserstack.utils.UtilityMethods - [findFileMatcher] Current Path is :: C:\Users\xps\eclipse-workspace\Mobile, TestClass :: MargoExpress\Mobile\Ecommerce_Tc_4_Hybrid
11:19:51.661 [selectProduct@2] DEBUG c.b.testNgListeners.TestNGUtils - [populateTestDataForBSTestOps] The filename fetched :: C:\Users\xps\eclipse-workspace\Mobile\src\test\java\MargoExpress\Mobile\Ecommerce_Tc_4_Hybrid.java, fileSeparator :: \, AbsolutePath :: C:\Users\xps\eclipse-workspace\Mobile\., Normalized Path :: C:\Users\xps\eclipse-workspace\Mobile, File.Separator :: \
11:19:51.661 [selectProduct@2] DEBUG c.b.testNgListeners.TestNGUtils - [populateTestDataForBSTestOps] Replaced File Name is :: Mobile\src\test\java\MargoExpress\Mobile\Ecommerce_Tc_4_Hybrid.java, Absolute Path :: C:\Users\xps\eclipse-workspace\Mobile\.., Normalized Path :: C:\Users\xps\eclipse-workspace 
11:19:51.670 [selectProduct@2] DEBUG c.b.utils.SeleniumMethodUtils - getURLFromCommandExecutor: Getting Hub url from HttpCommandExecutor
11:19:51.670 [selectProduct@2] DEBUG c.b.utils.SeleniumMethodUtils - getURLFromCommandExecutor: Found url: https://hub-aps.browserstack.com/wd/hub
11:19:51.672 [selectProduct@2] DEBUG c.b.utils.SeleniumMethodUtils - getURLFromCommandExecutor: Getting Hub url from HttpCommandExecutor
11:19:51.672 [selectProduct@2] DEBUG c.b.utils.SeleniumMethodUtils - getURLFromCommandExecutor: Found url: https://hub-aps.browserstack.com/wd/hub
11:19:51.675 [selectProduct@2] DEBUG com.browserstack.testOps.Listener - [ TESTHUB ] Processing Request Kind TestRunFinished
11:19:51.736 [Default test-2@2] DEBUG c.b.testNgListeners.TestNGUtils - [populateTestDataForBSTestOps] Event Type :: TestRunStarted, Test ClassName :: MargoExpress.Mobile.Ecommerce_Tc_4_Hybrid 
11:19:51.736 [Default test-2@2] DEBUG c.browserstack.utils.UtilityMethods - [findFileMatcher] Current Path is :: C:\Users\xps\eclipse-workspace\Mobile, TestClass :: MargoExpress\Mobile\Ecommerce_Tc_4_Hybrid
11:19:51.805 [Default test-2@2] DEBUG c.b.testNgListeners.TestNGUtils - [populateTestDataForBSTestOps] The filename fetched :: C:\Users\xps\eclipse-workspace\Mobile\src\test\java\MargoExpress\Mobile\Ecommerce_Tc_4_Hybrid.java, fileSeparator :: \, AbsolutePath :: C:\Users\xps\eclipse-workspace\Mobile\., Normalized Path :: C:\Users\xps\eclipse-workspace\Mobile, File.Separator :: \
11:19:51.805 [Default test-2@2] DEBUG c.b.testNgListeners.TestNGUtils - [populateTestDataForBSTestOps] Replaced File Name is :: Mobile\src\test\java\MargoExpress\Mobile\Ecommerce_Tc_4_Hybrid.java, Absolute Path :: C:\Users\xps\eclipse-workspace\Mobile\.., Normalized Path :: C:\Users\xps\eclipse-workspace 
11:19:51.813 [Default test-2@2] DEBUG c.b.utils.SeleniumMethodUtils - getURLFromCommandExecutor: Getting Hub url from HttpCommandExecutor
11:19:51.813 [Default test-2@2] DEBUG c.b.utils.SeleniumMethodUtils - getURLFromCommandExecutor: Found url: https://hub-aps.browserstack.com/wd/hub
11:19:51.813 [Default test-2@2] DEBUG c.b.utils.SeleniumMethodUtils - getURLFromCommandExecutor: Getting Hub url from HttpCommandExecutor
11:19:51.813 [Default test-2@2] DEBUG c.b.utils.SeleniumMethodUtils - getURLFromCommandExecutor: Found url: https://hub-aps.browserstack.com/wd/hub
11:19:51.815 [Default test-2@2] DEBUG com.browserstack.testOps.Listener - [ TESTHUB ] Processing Request Kind TestRunStarted
11:19:51.994 [verifyProductsAddedinCart@2] DEBUG com.browserstack.testOps.Listener - [ TESTHUB ] Processing Request Kind LogCreated
11:19:52.068 [verifyProductsAddedinCart@2] DEBUG com.browserstack.testOps.Listener - [ TESTHUB ] Processing Request Kind LogCreated
11:19:52.242 [verifyProductsAddedinCart@2] DEBUG com.browserstack.testOps.Listener - [ TESTHUB ] Processing Request Kind LogCreated
11:19:52.474 [verifyProductsAddedinCart@2] DEBUG c.b.testNgListeners.TestNGUtils - [populateTestDataForBSTestOps] Event Type :: TestRunFinished, Test ClassName :: MargoExpress.Mobile.Ecommerce_Tc_4_Hybrid 
11:19:52.474 [verifyProductsAddedinCart@2] DEBUG c.browserstack.utils.UtilityMethods - [findFileMatcher] Current Path is :: C:\Users\xps\eclipse-workspace\Mobile, TestClass :: MargoExpress\Mobile\Ecommerce_Tc_4_Hybrid
11:19:52.534 [verifyProductsAddedinCart@2] DEBUG c.b.testNgListeners.TestNGUtils - [populateTestDataForBSTestOps] The filename fetched :: C:\Users\xps\eclipse-workspace\Mobile\src\test\java\MargoExpress\Mobile\Ecommerce_Tc_4_Hybrid.java, fileSeparator :: \, AbsolutePath :: C:\Users\xps\eclipse-workspace\Mobile\., Normalized Path :: C:\Users\xps\eclipse-workspace\Mobile, File.Separator :: \
11:19:52.534 [verifyProductsAddedinCart@2] DEBUG c.b.testNgListeners.TestNGUtils - [populateTestDataForBSTestOps] Replaced File Name is :: Mobile\src\test\java\MargoExpress\Mobile\Ecommerce_Tc_4_Hybrid.java, Absolute Path :: C:\Users\xps\eclipse-workspace\Mobile\.., Normalized Path :: C:\Users\xps\eclipse-workspace 
11:19:52.540 [verifyProductsAddedinCart@2] DEBUG c.b.utils.SeleniumMethodUtils - getURLFromCommandExecutor: Getting Hub url from HttpCommandExecutor
11:19:52.540 [verifyProductsAddedinCart@2] DEBUG c.b.utils.SeleniumMethodUtils - getURLFromCommandExecutor: Found url: https://hub-aps.browserstack.com/wd/hub
11:19:52.540 [verifyProductsAddedinCart@2] DEBUG c.b.utils.SeleniumMethodUtils - getURLFromCommandExecutor: Getting Hub url from HttpCommandExecutor
11:19:52.540 [verifyProductsAddedinCart@2] DEBUG c.b.utils.SeleniumMethodUtils - getURLFromCommandExecutor: Found url: https://hub-aps.browserstack.com/wd/hub
11:19:52.543 [verifyProductsAddedinCart@2] DEBUG com.browserstack.testOps.Listener - [ TESTHUB ] Processing Request Kind TestRunFinished
11:19:52.595 [teardown@2] DEBUG c.b.testNgListeners.TestNGUtils - [populateTestDataForBSTestOps] Event Type :: HookRunStarted, Method ClassName :: MargoExpress.Mobile.BaseTest 
11:19:52.595 [teardown@2] DEBUG c.browserstack.utils.UtilityMethods - [findFileMatcher] Current Path is :: C:\Users\xps\eclipse-workspace\Mobile, TestClass :: MargoExpress\Mobile\BaseTest
11:19:52.656 [teardown@2] DEBUG c.b.testNgListeners.TestNGUtils - [populateTestDataForBSTestOps] The filename fetched :: C:\Users\xps\eclipse-workspace\Mobile\src\test\java\MargoExpress\Mobile\BaseTest.java, fileSeparator :: \, AbsolutePath :: C:\Users\xps\eclipse-workspace\Mobile\., Normalized Path :: C:\Users\xps\eclipse-workspace\Mobile, File.Separator :: \
11:19:52.656 [teardown@2] DEBUG c.b.testNgListeners.TestNGUtils - [populateTestDataForBSTestOps] Replaced File Name is :: Mobile\src\test\java\MargoExpress\Mobile\BaseTest.java, Absolute Path :: C:\Users\xps\eclipse-workspace\Mobile\.., Normalized Path :: C:\Users\xps\eclipse-workspace 
11:19:52.662 [teardown@2] DEBUG c.b.utils.SeleniumMethodUtils - getURLFromCommandExecutor: Getting Hub url from HttpCommandExecutor
11:19:52.662 [teardown@2] DEBUG c.b.utils.SeleniumMethodUtils - getURLFromCommandExecutor: Found url: https://hub-aps.browserstack.com/wd/hub
11:19:52.662 [teardown@2] DEBUG c.b.utils.SeleniumMethodUtils - getURLFromCommandExecutor: Getting Hub url from HttpCommandExecutor
11:19:52.662 [teardown@2] DEBUG c.b.utils.SeleniumMethodUtils - getURLFromCommandExecutor: Found url: https://hub-aps.browserstack.com/wd/hub
11:19:52.662 [teardown@2] DEBUG com.browserstack.testOps.Listener - [ TESTHUB ] Processing Request Kind HookRunStarted
11:19:52.663 [teardown@2] DEBUG c.browserstack.utils.LogReportingAPI - sendPlatformDetails: Can't send CBT info, as driver or test is not found
11:19:54.329 [selectProduct@0] DEBUG c.b.testNgListeners.TestNGUtils - [populateTestDataForBSTestOps] Event Type :: TestRunFinished, Test ClassName :: MargoExpress.Mobile.Ecommerce_Tc_4_Hybrid 
11:19:54.329 [selectProduct@0] DEBUG c.browserstack.utils.UtilityMethods - [findFileMatcher] Current Path is :: C:\Users\xps\eclipse-workspace\Mobile, TestClass :: MargoExpress\Mobile\Ecommerce_Tc_4_Hybrid
11:19:54.387 [selectProduct@0] DEBUG c.b.testNgListeners.TestNGUtils - [populateTestDataForBSTestOps] The filename fetched :: C:\Users\xps\eclipse-workspace\Mobile\src\test\java\MargoExpress\Mobile\Ecommerce_Tc_4_Hybrid.java, fileSeparator :: \, AbsolutePath :: C:\Users\xps\eclipse-workspace\Mobile\., Normalized Path :: C:\Users\xps\eclipse-workspace\Mobile, File.Separator :: \
11:19:54.387 [selectProduct@0] DEBUG c.b.testNgListeners.TestNGUtils - [populateTestDataForBSTestOps] Replaced File Name is :: Mobile\src\test\java\MargoExpress\Mobile\Ecommerce_Tc_4_Hybrid.java, Absolute Path :: C:\Users\xps\eclipse-workspace\Mobile\.., Normalized Path :: C:\Users\xps\eclipse-workspace 
11:19:54.395 [selectProduct@0] DEBUG c.b.utils.SeleniumMethodUtils - getURLFromCommandExecutor: Getting Hub url from HttpCommandExecutor
11:19:54.396 [selectProduct@0] DEBUG c.b.utils.SeleniumMethodUtils - getURLFromCommandExecutor: Found url: https://hub-aps.browserstack.com/wd/hub
11:19:54.396 [selectProduct@0] DEBUG c.b.utils.SeleniumMethodUtils - getURLFromCommandExecutor: Getting Hub url from HttpCommandExecutor
11:19:54.396 [selectProduct@0] DEBUG c.b.utils.SeleniumMethodUtils - getURLFromCommandExecutor: Found url: https://hub-aps.browserstack.com/wd/hub
11:19:54.399 [selectProduct@0] DEBUG com.browserstack.testOps.Listener - [ TESTHUB ] Processing Request Kind TestRunFinished
11:19:54.465 [Default test-0@0] DEBUG c.b.testNgListeners.TestNGUtils - [populateTestDataForBSTestOps] Event Type :: TestRunStarted, Test ClassName :: MargoExpress.Mobile.Ecommerce_Tc_4_Hybrid 
11:19:54.465 [Default test-0@0] DEBUG c.browserstack.utils.UtilityMethods - [findFileMatcher] Current Path is :: C:\Users\xps\eclipse-workspace\Mobile, TestClass :: MargoExpress\Mobile\Ecommerce_Tc_4_Hybrid
11:19:54.525 [Default test-0@0] DEBUG c.b.testNgListeners.TestNGUtils - [populateTestDataForBSTestOps] The filename fetched :: C:\Users\xps\eclipse-workspace\Mobile\src\test\java\MargoExpress\Mobile\Ecommerce_Tc_4_Hybrid.java, fileSeparator :: \, AbsolutePath :: C:\Users\xps\eclipse-workspace\Mobile\., Normalized Path :: C:\Users\xps\eclipse-workspace\Mobile, File.Separator :: \
11:19:54.526 [Default test-0@0] DEBUG c.b.testNgListeners.TestNGUtils - [populateTestDataForBSTestOps] Replaced File Name is :: Mobile\src\test\java\MargoExpress\Mobile\Ecommerce_Tc_4_Hybrid.java, Absolute Path :: C:\Users\xps\eclipse-workspace\Mobile\.., Normalized Path :: C:\Users\xps\eclipse-workspace 
11:19:54.533 [Default test-0@0] DEBUG c.b.utils.SeleniumMethodUtils - getURLFromCommandExecutor: Getting Hub url from HttpCommandExecutor
11:19:54.533 [Default test-0@0] DEBUG c.b.utils.SeleniumMethodUtils - getURLFromCommandExecutor: Found url: https://hub-aps.browserstack.com/wd/hub
11:19:54.533 [Default test-0@0] DEBUG c.b.utils.SeleniumMethodUtils - getURLFromCommandExecutor: Getting Hub url from HttpCommandExecutor
11:19:54.533 [Default test-0@0] DEBUG c.b.utils.SeleniumMethodUtils - getURLFromCommandExecutor: Found url: https://hub-aps.browserstack.com/wd/hub
11:19:54.535 [Default test-0@0] DEBUG com.browserstack.testOps.Listener - [ TESTHUB ] Processing Request Kind TestRunStarted
11:19:54.793 [verifyProductsAddedinCart@0] DEBUG com.browserstack.testOps.Listener - [ TESTHUB ] Processing Request Kind LogCreated
11:19:54.837 [teardown@2] DEBUG c.b.testNgListeners.TestNGUtils - [populateTestDataForBSTestOps] Event Type :: HookRunFinished, Method ClassName :: MargoExpress.Mobile.BaseTest 
11:19:54.837 [teardown@2] DEBUG c.browserstack.utils.UtilityMethods - [findFileMatcher] Current Path is :: C:\Users\xps\eclipse-workspace\Mobile, TestClass :: MargoExpress\Mobile\BaseTest
11:19:54.901 [teardown@2] DEBUG c.b.testNgListeners.TestNGUtils - [populateTestDataForBSTestOps] The filename fetched :: C:\Users\xps\eclipse-workspace\Mobile\src\test\java\MargoExpress\Mobile\BaseTest.java, fileSeparator :: \, AbsolutePath :: C:\Users\xps\eclipse-workspace\Mobile\., Normalized Path :: C:\Users\xps\eclipse-workspace\Mobile, File.Separator :: \
11:19:54.901 [teardown@2] DEBUG c.b.testNgListeners.TestNGUtils - [populateTestDataForBSTestOps] Replaced File Name is :: Mobile\src\test\java\MargoExpress\Mobile\BaseTest.java, Absolute Path :: C:\Users\xps\eclipse-workspace\Mobile\.., Normalized Path :: C:\Users\xps\eclipse-workspace 
11:19:54.901 [teardown@2] DEBUG com.browserstack.testOps.Listener - [ TESTHUB ] Processing Request Kind HookRunFinished
11:19:54.903 [verifyProductsAddedinCart@0] DEBUG com.browserstack.testOps.Listener - [ TESTHUB ] Processing Request Kind LogCreated
11:19:54.908 [teardown@2] DEBUG c.b.utils.FunnelInstrumentation - Unable to parse data from processes. Exception: Unexpected token END OF FILE at position 0.
	at browserstack.shaded.org.json.simple.parser.JSONParser.parse(Unknown Source)
	at browserstack.shaded.org.json.simple.parser.JSONParser.parse(Unknown Source)
	at browserstack.shaded.org.json.simple.parser.JSONParser.parse(Unknown Source)
	at com.browserstack.utils.FunnelInstrumentation.getFormattedDataFromProcesses(Unknown Source)
	at com.browserstack.utils.FunnelInstrumentation.createParamsForEvent(Unknown Source)
	at com.browserstack.utils.FunnelInstrumentation.sendSDKEvent(Unknown Source)
	at com.browserstack.testNgListeners.TmpSuiteListener.onFinish(Unknown Source)
	at org.testng.TestRunner.fireEvent(TestRunner.java:873)
	at org.testng.TestRunner.afterRun(TestRunner.java:828)
	at org.testng.TestRunner.run(TestRunner.java:616)
	at org.testng.SuiteRunner.runTest(SuiteRunner.java:421)
	at org.testng.SuiteRunner$SuiteWorker.run(SuiteRunner.java:463)
	at org.testng.internal.thread.ThreadUtil.lambda$execute$0(ThreadUtil.java:64)
	at java.base/java.util.concurrent.FutureTask.run(FutureTask.java:317)
	at java.base/java.util.concurrent.ThreadPoolExecutor.runWorker(ThreadPoolExecutor.java:1144)
	at java.base/java.util.concurrent.ThreadPoolExecutor$Worker.run(ThreadPoolExecutor.java:642)
	at java.base/java.lang.Thread.run(Thread.java:1583)

11:19:54.908 [teardown@2] DEBUG com.browserstack.testOps.UsageStats - getFormattedData: Collecting data for TestObservability
11:19:54.908 [teardown@2] DEBUG com.browserstack.testOps.UsageStats - getEventStats: Getting event data for TestObservability
11:19:54.912 [teardown@2] DEBUG com.browserstack.testOps.UsageStats - [OBSERVABILITY] Failed to parse data from workers
11:19:54.985 [teardown@2] DEBUG c.b.utils.FunnelInstrumentation - Sending funnel data for SDKTestSuccessful with data: {"event_type":"SDKTestSuccessful","accessKey":"1XSLBqNLYzWiPhqyqy9L","userName":"roshinsurendran_Sh2ZAM","event_properties":{"isPercyAutoEnabled":false,"language":"java","sdkRunId":"fed9a409-dd1b-4f94-9899-ea4e32e94309","buildIdentifier":"#7","error":"[{\"tests\":{\"MargoExpress.Mobile.Ecommerce_Tc_4_Hybrid-verifyProductsAddedinCart\":\"Unknown mobile command \\\"longClickGesture\\\". Only shell,scrollBackTo,viewportScreenshot,deepLink,startLogsBroadcast,stopLogsBroadcast,acceptAlert,dismissAlert,batteryInfo,deviceInfo,changePermissions,getPermissions,performEditorAction,startScreenStreaming,stopScreenStreaming,getNotifications,listSms,type commands are supported. Build info: version: '4.26.0', revision: '8ccf0219d7' System info: os.name: 'Windows 11', os.arch: 'amd64', os.version: '10.0', java.version: '21.0.3' Driver info: io.appium.java_client.android.AndroidDriver Command: [a899ade68f1382b90012ff4080ffa7c7a134a564, executeScript {script=mobile: longClickGesture, args=[{elementId=b25c987f-845a-417a-9eaa-f4f5ad5c0c09, duration=2000}]}] Capabilities {appium:appActivity: com.androidsample.generalst..., appium:appPackage: com.androidsample.generalstore, appium:automationName: uiautomator2, appium:bundleID: com.androidsample.generalstore, appium:bundleId: com.androidsample.generalstore, appium:chromedriverPort: 18081, appium:chromedriverPorts: [[18111, 18121]], appium:databaseEnabled: false, appium:desired: {appActivity: com.androidsample.generalst..., appPackage: com.androidsample.generalstore, automationName: uiautomator2, bstack:options: {buildIdentifier: #7, hostName: Roshin, localIdentifier: 05_Nov_1118_Roshin_EAvC}, bundleID: com.androidsample.generalstore, bundleId: com.androidsample.generalstore, chromedriverPort: 18081, chromedriverPorts: [[18111, 18121]], deviceName: pixel 8 pro emulator, disableSuppressAccessibilityService: true, goog:chromeOptions: {}, nativeWebScreenshot: true, newCommandTimeout: 0, platformName: Android, skipServerInstallation: true, systemPort: 8201, udid: 1B051FDEE0020B}, appium:deviceApiLevel: 31, appium:deviceManufacturer: Google, appium:deviceModel: Pixel 6 Pro, appium:deviceName: 1B051FDEE0020B, appium:deviceScreenDensity: 560, appium:deviceScreenSize: 1440x3120, appium:deviceUDID: 1B051FDEE0020B, appium:disableSuppressAccessibilityService: true, appium:javascriptEnabled: true, appium:locationContextEnabled: false, appium:nativeWebScreenshot: true, appium:networkConnectionEnabled: true, appium:newCommandTimeout: 0, appium:optimalHubUrl: hub-aps.browserstack.com, appium:pixelRatio: 3.5, appium:platformVersion: 12, appium:skipServerInstallation: true, appium:statBarHeight: 145, appium:systemPort: 8201, appium:takesScreenshot: true, appium:udid: 1B051FDEE0020B, appium:viewportRect: {height: 2789, left: 0, top: 145, width: 1440}, appium:warnings: {}, appium:webStorageEnabled: false, bstack:options: {buildIdentifier: #7, hostName: Roshin, localIdentifier: 05_Nov_1118_Roshin_EAvC}, goog:chromeOptions: {}, platformName: ANDROID} Session ID: a899ade68f1382b90012ff4080ffa7c7a134a564\"},\"platformVersion\":\"12.0\",\"deviceName\":\"Google Pixel 6 Pro\"}]","testhub_uuid":"m1ssswc8qseoirnp3fd7gkhy6msuul3b9iipub6m","detectedAppiumVersion":"null","productMap":{"app_automate":true,"accessibility":false,"automate":false,"percy":false,"observability":true,"turboscale":false},"hostname":"Roshin","measures":{"percy:start":760,"local:start":6998,"sdk:setup":15157},"productUsage":{"testObservability":{"buildHashedId":"m1ssswc8qseoirnp3fd7gkhy6msuul3b9iipub6m","manuallySet":false,"enabled":true,"events":{"hookEvents":{"started":{"errors":[],"triggeredCount":4,"sentCount":3,"failedCount":0},"finished":{"triggeredCount":3,"failedCount":0,"errors":[],"sentCount":2},"passed":{"errors":[],"triggeredCount":3,"sentCount":2,"failedCount":0}},"logEvents":{"errors":[],"triggeredCount":150,"sentCount":146,"failedCount":0,"log":{"errors":[],"triggeredCount":151,"sentCount":146,"failedCount":0}},"testEvents":{"started":{"errors":[],"triggeredCount":7,"sentCount":5,"failedCount":0},"finished":{"triggeredCount":5,"failedCount":0,"errors":[],"sentCount":2},"failed":{"errors":[],"triggeredCount":1,"sentCount":0,"failedCount":0},"passed":{"errors":[],"triggeredCount":4,"sentCount":2,"failedCount":0}},"batchEvents":{"triggeredCount":5,"failedCount":0,"errors":[],"sentCount":5},"cbtSessionEvents":{"errors":[],"triggeredCount":0,"sentCount":0,"failedCount":0},"buildEvents":{"started":{"error":null,"status":"success","triggered":true},"finished":{"error":null,"status":null,"triggered":null}}}}},"browserStackConfig":{"browserstackLocal":true,"percy":false,"logLevel":"info","staticWebDriver":true,"autoDetectFramework":true,"percyCaptureMode":"MANUAL","browserStackLocalOptions":{"localIdentifier":"05_Nov_1118_Roshin_EAvC","key":"****"},"percyOptions":{},"testContextOptions":{"skipSessionName":false,"skipSessionStatus":false,"serenityOverridePlugin":false},"platforms":[{"capabilities":{"platformVersion":12.0,"platformName":"android","deviceName":"Samsung Galaxy S22 Ultra"},"browserVersion":null,"osVersion":null,"browser":null,"device":"Samsung Galaxy S22 Ultra","os":null,"platformCaps":{"platformVersion":12.0,"platformName":"android","deviceName":"Samsung Galaxy S22 Ultra"},"platformString":"Samsung Galaxy S22 Ultra, 12.0","customVariables":"****"},{"capabilities":{"platformVersion":11.0,"platformName":"android","deviceName":"Samsung Galaxy S21"},"browserVersion":null,"osVersion":null,"browser":null,"device":"Samsung Galaxy S21","os":null,"platformCaps":{"platformVersion":11.0,"platformName":"android","deviceName":"Samsung Galaxy S21"},"platformString":"Samsung Galaxy S21, 11.0","customVariables":"****"},{"capabilities":{"platformVersion":12.0,"platformName":"android","deviceName":"Google Pixel 6 Pro"},"browserVersion":null,"osVersion":null,"browser":null,"device":"Google Pixel 6 Pro","os":null,"platformCaps":{"platformVersion":12.0,"platformName":"android","deviceName":"Google Pixel 6 Pro"},"platformString":"Google Pixel 6 Pro, 12.0","customVariables":"****"}],"parallelsPerPlatform":1,"framework":"testng","accessibility":false,"accessibilityOptions":{},"turboScaleOptions":{},"disableAutoCaptureLogs":true,"testObservability":true,"browserstackAutomation":true,"turboScale":false,"testObservabilityOptions":{},"gradleMConfig":null,"proxySettings":null},"percyBuildId":null,"product":"[app-automate, observability]","buildName":"browserstack build","os":"Windows 11","languageVersion":"21.0.3","appiumVersion":"9.3.0","frameworkDetectionInstrumentation":{"parseLoadClass":20,"ret-org.openqa.selenium.remote.RemoteWebDriver":470,"retransformClasses":471,"parseDependencies":32},"userFramework":"testng","detectedDependencies":"testng","referrer":"testng-javaagent\/1.26.4","locationTrigger":"onFinish","language_framework":"java_testng","detectedFramework":"testng","testOrchestration":{"abortBuildOnFailure":{"enabled":false},"retryTestsOnFailure":{"enabled":false},"userConfig":{}},"detectedSeleniumVersion":"4.26.0","seleniumVersion":"4.26.0"}}
11:19:55.126 [verifyProductsAddedinCart@0] DEBUG com.browserstack.testOps.Listener - [ TESTHUB ] Processing Request Kind LogCreated
11:19:55.276 [pool-4-thread-1] DEBUG c.browserstack.utils.RequestBatcher - Time Since Last Batch Processed 3995

11:19:55.277 [pool-5-thread-1] DEBUG c.browserstack.utils.RequestBatcher - Processing Batch 13

11:19:55.279 [pool-5-thread-1] DEBUG c.browserstack.testOps.RequestUtils - [requestToTestOps] Sending Observability request: POST api/v1/batch with request size 29944
11:19:55.280 [pool-5-thread-1] DEBUG c.browserstack.testOps.RequestUtils - [makeRequest] Sending request: POST https://collector-observability.browserstack.com/api/v1/batch with request size 29944
11:19:55.402 [verifyProductsAddedinCart@0] DEBUG c.b.testNgListeners.TestNGUtils - [populateTestDataForBSTestOps] Event Type :: TestRunFinished, Test ClassName :: MargoExpress.Mobile.Ecommerce_Tc_4_Hybrid 
11:19:55.402 [verifyProductsAddedinCart@0] DEBUG c.browserstack.utils.UtilityMethods - [findFileMatcher] Current Path is :: C:\Users\xps\eclipse-workspace\Mobile, TestClass :: MargoExpress\Mobile\Ecommerce_Tc_4_Hybrid
11:19:55.455 [verifyProductsAddedinCart@0] DEBUG c.b.testNgListeners.TestNGUtils - [populateTestDataForBSTestOps] The filename fetched :: C:\Users\xps\eclipse-workspace\Mobile\src\test\java\MargoExpress\Mobile\Ecommerce_Tc_4_Hybrid.java, fileSeparator :: \, AbsolutePath :: C:\Users\xps\eclipse-workspace\Mobile\., Normalized Path :: C:\Users\xps\eclipse-workspace\Mobile, File.Separator :: \
11:19:55.455 [verifyProductsAddedinCart@0] DEBUG c.b.testNgListeners.TestNGUtils - [populateTestDataForBSTestOps] Replaced File Name is :: Mobile\src\test\java\MargoExpress\Mobile\Ecommerce_Tc_4_Hybrid.java, Absolute Path :: C:\Users\xps\eclipse-workspace\Mobile\.., Normalized Path :: C:\Users\xps\eclipse-workspace 
11:19:55.463 [verifyProductsAddedinCart@0] DEBUG c.b.utils.SeleniumMethodUtils - getURLFromCommandExecutor: Getting Hub url from HttpCommandExecutor
11:19:55.463 [verifyProductsAddedinCart@0] DEBUG c.b.utils.SeleniumMethodUtils - getURLFromCommandExecutor: Found url: https://hub-aps.browserstack.com/wd/hub
11:19:55.463 [verifyProductsAddedinCart@0] DEBUG c.b.utils.SeleniumMethodUtils - getURLFromCommandExecutor: Getting Hub url from HttpCommandExecutor
11:19:55.463 [verifyProductsAddedinCart@0] DEBUG c.b.utils.SeleniumMethodUtils - getURLFromCommandExecutor: Found url: https://hub-aps.browserstack.com/wd/hub
11:19:55.466 [verifyProductsAddedinCart@0] DEBUG com.browserstack.testOps.Listener - [ TESTHUB ] Processing Request Kind TestRunFinished
11:19:55.486 [teardown@2] DEBUG c.b.utils.FunnelInstrumentation - API Event SDKTestSuccessful response - {"message":"SDK Event recorded successfully"}
11:19:55.486 [teardown@2] DEBUG c.browserstack.utils.LogReportingAPI - sendSync failed - driver not alive
11:19:55.487 [teardown@2] DEBUG com.browserstack.testOps.Listener - [ TESTHUB ] Processing Request Kind LogCreated
11:19:55.488 [teardown@2] DEBUG com.browserstack.testOps.Listener - [ TESTHUB ] Processing Request Kind LogCreated
11:19:55.488 [teardown@2] DEBUG com.browserstack.testOps.Listener - [ TESTHUB ] Processing Request Kind LogCreated
11:19:55.491 [teardown@2] DEBUG com.browserstack.testOps.Listener - [ TESTHUB ] Processing Request Kind LogCreated
11:19:55.513 [pool-5-thread-1] DEBUG c.browserstack.testOps.RequestUtils - [makeRequest]: Response code: 200
11:19:55.513 [pool-5-thread-1] DEBUG c.browserstack.testOps.RequestUtils - requestToTestOps: Response code: 200
11:19:55.513 [pool-5-thread-1] DEBUG c.browserstack.utils.LogReportingAPI - 
[2024-11-05T07:19:55.513654600Z][ TESTHUB ] Batch event successfull!

11:19:55.529 [teardown@0] DEBUG c.b.testNgListeners.TestNGUtils - [populateTestDataForBSTestOps] Event Type :: HookRunStarted, Method ClassName :: MargoExpress.Mobile.BaseTest 
11:19:55.529 [teardown@0] DEBUG c.browserstack.utils.UtilityMethods - [findFileMatcher] Current Path is :: C:\Users\xps\eclipse-workspace\Mobile, TestClass :: MargoExpress\Mobile\BaseTest
11:19:55.583 [teardown@0] DEBUG c.b.testNgListeners.TestNGUtils - [populateTestDataForBSTestOps] The filename fetched :: C:\Users\xps\eclipse-workspace\Mobile\src\test\java\MargoExpress\Mobile\BaseTest.java, fileSeparator :: \, AbsolutePath :: C:\Users\xps\eclipse-workspace\Mobile\., Normalized Path :: C:\Users\xps\eclipse-workspace\Mobile, File.Separator :: \
11:19:55.583 [teardown@0] DEBUG c.b.testNgListeners.TestNGUtils - [populateTestDataForBSTestOps] Replaced File Name is :: Mobile\src\test\java\MargoExpress\Mobile\BaseTest.java, Absolute Path :: C:\Users\xps\eclipse-workspace\Mobile\.., Normalized Path :: C:\Users\xps\eclipse-workspace 
11:19:55.588 [teardown@0] DEBUG c.b.utils.SeleniumMethodUtils - getURLFromCommandExecutor: Getting Hub url from HttpCommandExecutor
11:19:55.588 [teardown@0] DEBUG c.b.utils.SeleniumMethodUtils - getURLFromCommandExecutor: Found url: https://hub-aps.browserstack.com/wd/hub
11:19:55.588 [teardown@0] DEBUG c.b.utils.SeleniumMethodUtils - getURLFromCommandExecutor: Getting Hub url from HttpCommandExecutor
11:19:55.588 [teardown@0] DEBUG c.b.utils.SeleniumMethodUtils - getURLFromCommandExecutor: Found url: https://hub-aps.browserstack.com/wd/hub
11:19:55.588 [teardown@0] DEBUG com.browserstack.testOps.Listener - [ TESTHUB ] Processing Request Kind HookRunStarted
11:19:55.588 [teardown@0] DEBUG c.browserstack.utils.LogReportingAPI - sendPlatformDetails: Can't send CBT info, as driver or test is not found
11:19:56.789 [FillForm@1] DEBUG c.b.testNgListeners.TestNGUtils - [populateTestDataForBSTestOps] Event Type :: HookRunFinished, Method ClassName :: MargoExpress.Mobile.BaseTest 
11:19:56.789 [FillForm@1] DEBUG c.browserstack.utils.UtilityMethods - [findFileMatcher] Current Path is :: C:\Users\xps\eclipse-workspace\Mobile, TestClass :: MargoExpress\Mobile\BaseTest
11:19:56.850 [FillForm@1] DEBUG c.b.testNgListeners.TestNGUtils - [populateTestDataForBSTestOps] The filename fetched :: C:\Users\xps\eclipse-workspace\Mobile\src\test\java\MargoExpress\Mobile\BaseTest.java, fileSeparator :: \, AbsolutePath :: C:\Users\xps\eclipse-workspace\Mobile\., Normalized Path :: C:\Users\xps\eclipse-workspace\Mobile, File.Separator :: \
11:19:56.850 [FillForm@1] DEBUG c.b.testNgListeners.TestNGUtils - [populateTestDataForBSTestOps] Replaced File Name is :: Mobile\src\test\java\MargoExpress\Mobile\BaseTest.java, Absolute Path :: C:\Users\xps\eclipse-workspace\Mobile\.., Normalized Path :: C:\Users\xps\eclipse-workspace 
11:19:56.855 [FillForm@1] DEBUG c.b.utils.SeleniumMethodUtils - getURLFromCommandExecutor: Getting Hub url from HttpCommandExecutor
11:19:56.855 [FillForm@1] DEBUG c.b.utils.SeleniumMethodUtils - getURLFromCommandExecutor: Found url: https://hub-aps.browserstack.com/wd/hub
11:19:56.855 [FillForm@1] DEBUG c.b.utils.SeleniumMethodUtils - getURLFromCommandExecutor: Getting Hub url from HttpCommandExecutor
11:19:56.855 [FillForm@1] DEBUG c.b.utils.SeleniumMethodUtils - getURLFromCommandExecutor: Found url: https://hub-aps.browserstack.com/wd/hub
11:19:56.855 [FillForm@1] DEBUG com.browserstack.testOps.Listener - [ TESTHUB ] Processing Request Kind HookRunFinished
11:19:56.856 [FillForm@1] DEBUG c.b.testNgListeners.TestNGUtils - [populateTestDataForBSTestOps] Event Type :: TestRunFinished, Test ClassName :: MargoExpress.Mobile.Ecommerce_Tc_4_Hybrid 
11:19:56.856 [FillForm@1] DEBUG c.browserstack.utils.UtilityMethods - [findFileMatcher] Current Path is :: C:\Users\xps\eclipse-workspace\Mobile, TestClass :: MargoExpress\Mobile\Ecommerce_Tc_4_Hybrid
11:19:56.909 [FillForm@1] DEBUG c.b.testNgListeners.TestNGUtils - [populateTestDataForBSTestOps] The filename fetched :: C:\Users\xps\eclipse-workspace\Mobile\src\test\java\MargoExpress\Mobile\Ecommerce_Tc_4_Hybrid.java, fileSeparator :: \, AbsolutePath :: C:\Users\xps\eclipse-workspace\Mobile\., Normalized Path :: C:\Users\xps\eclipse-workspace\Mobile, File.Separator :: \
11:19:56.909 [FillForm@1] DEBUG c.b.testNgListeners.TestNGUtils - [populateTestDataForBSTestOps] Replaced File Name is :: Mobile\src\test\java\MargoExpress\Mobile\Ecommerce_Tc_4_Hybrid.java, Absolute Path :: C:\Users\xps\eclipse-workspace\Mobile\.., Normalized Path :: C:\Users\xps\eclipse-workspace 
11:19:56.914 [FillForm@1] DEBUG c.b.utils.SeleniumMethodUtils - getURLFromCommandExecutor: Getting Hub url from HttpCommandExecutor
11:19:56.914 [FillForm@1] DEBUG c.b.utils.SeleniumMethodUtils - getURLFromCommandExecutor: Found url: https://hub-aps.browserstack.com/wd/hub
11:19:56.914 [FillForm@1] DEBUG c.b.utils.SeleniumMethodUtils - getURLFromCommandExecutor: Getting Hub url from HttpCommandExecutor
11:19:56.914 [FillForm@1] DEBUG c.b.utils.SeleniumMethodUtils - getURLFromCommandExecutor: Found url: https://hub-aps.browserstack.com/wd/hub
11:19:56.917 [FillForm@1] DEBUG com.browserstack.testOps.Listener - [ TESTHUB ] Processing Request Kind TestRunFinished
11:19:56.980 [Default test-1@1] DEBUG c.b.testNgListeners.TestNGUtils - [populateTestDataForBSTestOps] Event Type :: TestRunStarted, Test ClassName :: MargoExpress.Mobile.Ecommerce_Tc_4_Hybrid 
11:19:56.980 [Default test-1@1] DEBUG c.browserstack.utils.UtilityMethods - [findFileMatcher] Current Path is :: C:\Users\xps\eclipse-workspace\Mobile, TestClass :: MargoExpress\Mobile\Ecommerce_Tc_4_Hybrid
11:19:57.035 [Default test-1@1] DEBUG c.b.testNgListeners.TestNGUtils - [populateTestDataForBSTestOps] The filename fetched :: C:\Users\xps\eclipse-workspace\Mobile\src\test\java\MargoExpress\Mobile\Ecommerce_Tc_4_Hybrid.java, fileSeparator :: \, AbsolutePath :: C:\Users\xps\eclipse-workspace\Mobile\., Normalized Path :: C:\Users\xps\eclipse-workspace\Mobile, File.Separator :: \
11:19:57.035 [Default test-1@1] DEBUG c.b.testNgListeners.TestNGUtils - [populateTestDataForBSTestOps] Replaced File Name is :: Mobile\src\test\java\MargoExpress\Mobile\Ecommerce_Tc_4_Hybrid.java, Absolute Path :: C:\Users\xps\eclipse-workspace\Mobile\.., Normalized Path :: C:\Users\xps\eclipse-workspace 
11:19:57.042 [Default test-1@1] DEBUG c.b.utils.SeleniumMethodUtils - getURLFromCommandExecutor: Getting Hub url from HttpCommandExecutor
11:19:57.042 [Default test-1@1] DEBUG c.b.utils.SeleniumMethodUtils - getURLFromCommandExecutor: Found url: https://hub-aps.browserstack.com/wd/hub
11:19:57.042 [Default test-1@1] DEBUG c.b.utils.SeleniumMethodUtils - getURLFromCommandExecutor: Getting Hub url from HttpCommandExecutor
11:19:57.042 [Default test-1@1] DEBUG c.b.utils.SeleniumMethodUtils - getURLFromCommandExecutor: Found url: https://hub-aps.browserstack.com/wd/hub
11:19:57.044 [Default test-1@1] DEBUG com.browserstack.testOps.Listener - [ TESTHUB ] Processing Request Kind TestRunStarted
11:19:57.280 [pool-4-thread-1] DEBUG c.browserstack.utils.RequestBatcher - Time Since Last Batch Processed 2004

11:19:57.280 [pool-5-thread-1] DEBUG c.browserstack.utils.RequestBatcher - Processing Batch 9

11:19:57.288 [pool-5-thread-1] DEBUG c.browserstack.testOps.RequestUtils - [requestToTestOps] Sending Observability request: POST api/v1/batch with request size 30939
11:19:57.291 [pool-5-thread-1] DEBUG c.browserstack.testOps.RequestUtils - [makeRequest] Sending request: POST https://collector-observability.browserstack.com/api/v1/batch with request size 30939
11:19:57.517 [pool-5-thread-1] DEBUG c.browserstack.testOps.RequestUtils - [makeRequest]: Response code: 200
11:19:57.517 [pool-5-thread-1] DEBUG c.browserstack.testOps.RequestUtils - requestToTestOps: Response code: 200
11:19:57.518 [pool-5-thread-1] DEBUG c.browserstack.utils.LogReportingAPI - 
[2024-11-05T07:19:57.517530300Z][ TESTHUB ] Batch event successfull!

11:19:58.194 [teardown@0] DEBUG c.b.testNgListeners.TestNGUtils - [populateTestDataForBSTestOps] Event Type :: HookRunFinished, Method ClassName :: MargoExpress.Mobile.BaseTest 
11:19:58.194 [teardown@0] DEBUG c.browserstack.utils.UtilityMethods - [findFileMatcher] Current Path is :: C:\Users\xps\eclipse-workspace\Mobile, TestClass :: MargoExpress\Mobile\BaseTest
11:19:58.257 [teardown@0] DEBUG c.b.testNgListeners.TestNGUtils - [populateTestDataForBSTestOps] The filename fetched :: C:\Users\xps\eclipse-workspace\Mobile\src\test\java\MargoExpress\Mobile\BaseTest.java, fileSeparator :: \, AbsolutePath :: C:\Users\xps\eclipse-workspace\Mobile\., Normalized Path :: C:\Users\xps\eclipse-workspace\Mobile, File.Separator :: \
11:19:58.257 [teardown@0] DEBUG c.b.testNgListeners.TestNGUtils - [populateTestDataForBSTestOps] Replaced File Name is :: Mobile\src\test\java\MargoExpress\Mobile\BaseTest.java, Absolute Path :: C:\Users\xps\eclipse-workspace\Mobile\.., Normalized Path :: C:\Users\xps\eclipse-workspace 
11:19:58.258 [teardown@0] DEBUG com.browserstack.testOps.Listener - [ TESTHUB ] Processing Request Kind HookRunFinished
11:19:58.259 [teardown@0] DEBUG c.b.utils.FunnelInstrumentation - Unable to parse data from processes. Exception: Unexpected token END OF FILE at position 0.
	at browserstack.shaded.org.json.simple.parser.JSONParser.parse(Unknown Source)
	at browserstack.shaded.org.json.simple.parser.JSONParser.parse(Unknown Source)
	at browserstack.shaded.org.json.simple.parser.JSONParser.parse(Unknown Source)
	at com.browserstack.utils.FunnelInstrumentation.getFormattedDataFromProcesses(Unknown Source)
	at com.browserstack.utils.FunnelInstrumentation.createParamsForEvent(Unknown Source)
	at com.browserstack.utils.FunnelInstrumentation.sendSDKEvent(Unknown Source)
	at com.browserstack.testNgListeners.TmpSuiteListener.onFinish(Unknown Source)
	at org.testng.TestRunner.fireEvent(TestRunner.java:873)
	at org.testng.TestRunner.afterRun(TestRunner.java:828)
	at org.testng.TestRunner.run(TestRunner.java:616)
	at org.testng.SuiteRunner.runTest(SuiteRunner.java:421)
	at org.testng.SuiteRunner$SuiteWorker.run(SuiteRunner.java:463)
	at org.testng.internal.thread.ThreadUtil.lambda$execute$0(ThreadUtil.java:64)
	at java.base/java.util.concurrent.FutureTask.run(FutureTask.java:317)
	at java.base/java.util.concurrent.ThreadPoolExecutor.runWorker(ThreadPoolExecutor.java:1144)
	at java.base/java.util.concurrent.ThreadPoolExecutor$Worker.run(ThreadPoolExecutor.java:642)
	at java.base/java.lang.Thread.run(Thread.java:1583)

11:19:58.259 [teardown@0] DEBUG com.browserstack.testOps.UsageStats - getFormattedData: Collecting data for TestObservability
11:19:58.259 [teardown@0] DEBUG com.browserstack.testOps.UsageStats - getEventStats: Getting event data for TestObservability
11:19:58.260 [teardown@0] DEBUG com.browserstack.testOps.UsageStats - [OBSERVABILITY] Failed to parse data from workers
11:19:58.272 [teardown@0] DEBUG c.b.utils.FunnelInstrumentation - Sending funnel data for SDKTestSuccessful with data: {"event_type":"SDKTestSuccessful","accessKey":"1XSLBqNLYzWiPhqyqy9L","userName":"roshinsurendran_Sh2ZAM","event_properties":{"isPercyAutoEnabled":false,"language":"java","sdkRunId":"fed9a409-dd1b-4f94-9899-ea4e32e94309","buildIdentifier":"#7","error":"[{\"tests\":{\"MargoExpress.Mobile.Ecommerce_Tc_4_Hybrid-verifyProductsAddedinCart\":\"Unknown mobile command \\\"longClickGesture\\\". Only shell,scrollBackTo,viewportScreenshot,deepLink,startLogsBroadcast,stopLogsBroadcast,acceptAlert,dismissAlert,batteryInfo,deviceInfo,changePermissions,getPermissions,performEditorAction,startScreenStreaming,stopScreenStreaming,getNotifications,listSms,type commands are supported. Build info: version: '4.26.0', revision: '8ccf0219d7' System info: os.name: 'Windows 11', os.arch: 'amd64', os.version: '10.0', java.version: '21.0.3' Driver info: io.appium.java_client.android.AndroidDriver Command: [ee90914e1bb4c9fd9c0b6586eeb75240f463a4f5, executeScript {script=mobile: longClickGesture, args=[{elementId=b7f01fbe-41fa-4ced-819e-d528fd6a5a0a, duration=2000}]}] Capabilities {appium:appActivity: com.androidsample.generalst..., appium:appPackage: com.androidsample.generalstore, appium:automationName: uiautomator2, appium:bundleID: com.androidsample.generalstore, appium:bundleId: com.androidsample.generalstore, appium:chromedriverPort: 18082, appium:chromedriverPorts: [[18122, 18132]], appium:databaseEnabled: false, appium:desired: {appActivity: com.androidsample.generalst..., appPackage: com.androidsample.generalstore, automationName: uiautomator2, bstack:options: {buildIdentifier: #7, hostName: Roshin, localIdentifier: 05_Nov_1118_Roshin_EAvC}, bundleID: com.androidsample.generalstore, bundleId: com.androidsample.generalstore, chromedriverPort: 18082, chromedriverPorts: [[18122, 18132]], deviceName: pixel 8 pro emulator, disableSuppressAccessibilityService: true, goog:chromeOptions: {}, nativeWebScreenshot: true, newCommandTimeout: 0, platformName: Android, skipServerInstallation: true, systemPort: 8202, udid: R5CT238SA9L}, appium:deviceApiLevel: 31, appium:deviceManufacturer: samsung, appium:deviceModel: SM-S908E, appium:deviceName: R5CT238SA9L, appium:deviceScreenDensity: 450, appium:deviceScreenSize: 1080x2316, appium:deviceUDID: R5CT238SA9L, appium:disableSuppressAccessibilityService: true, appium:javascriptEnabled: true, appium:locationContextEnabled: false, appium:nativeWebScreenshot: true, appium:networkConnectionEnabled: true, appium:newCommandTimeout: 0, appium:optimalHubUrl: hub-aps.browserstack.com, appium:pixelRatio: 2.8125, appium:platformVersion: 12, appium:skipServerInstallation: true, appium:statBarHeight: 75, appium:systemPort: 8202, appium:takesScreenshot: true, appium:udid: R5CT238SA9L, appium:viewportRect: {height: 2031, left: 0, top: 75, width: 1080}, appium:warnings: {}, appium:webStorageEnabled: false, bstack:options: {buildIdentifier: #7, hostName: Roshin, localIdentifier: 05_Nov_1118_Roshin_EAvC}, goog:chromeOptions: {}, platformName: ANDROID} Session ID: ee90914e1bb4c9fd9c0b6586eeb75240f463a4f5\"},\"platformVersion\":\"12.0\",\"deviceName\":\"Samsung Galaxy S22 Ultra\"},{\"tests\":{\"MargoExpress.Mobile.Ecommerce_Tc_4_Hybrid-verifyProductsAddedinCart\":\"Unknown mobile command \\\"longClickGesture\\\". Only shell,scrollBackTo,viewportScreenshot,deepLink,startLogsBroadcast,stopLogsBroadcast,acceptAlert,dismissAlert,batteryInfo,deviceInfo,changePermissions,getPermissions,performEditorAction,startScreenStreaming,stopScreenStreaming,getNotifications,listSms,type commands are supported. Build info: version: '4.26.0', revision: '8ccf0219d7' System info: os.name: 'Windows 11', os.arch: 'amd64', os.version: '10.0', java.version: '21.0.3' Driver info: io.appium.java_client.android.AndroidDriver Command: [a899ade68f1382b90012ff4080ffa7c7a134a564, executeScript {script=mobile: longClickGesture, args=[{elementId=b25c987f-845a-417a-9eaa-f4f5ad5c0c09, duration=2000}]}] Capabilities {appium:appActivity: com.androidsample.generalst..., appium:appPackage: com.androidsample.generalstore, appium:automationName: uiautomator2, appium:bundleID: com.androidsample.generalstore, appium:bundleId: com.androidsample.generalstore, appium:chromedriverPort: 18081, appium:chromedriverPorts: [[18111, 18121]], appium:databaseEnabled: false, appium:desired: {appActivity: com.androidsample.generalst..., appPackage: com.androidsample.generalstore, automationName: uiautomator2, bstack:options: {buildIdentifier: #7, hostName: Roshin, localIdentifier: 05_Nov_1118_Roshin_EAvC}, bundleID: com.androidsample.generalstore, bundleId: com.androidsample.generalstore, chromedriverPort: 18081, chromedriverPorts: [[18111, 18121]], deviceName: pixel 8 pro emulator, disableSuppressAccessibilityService: true, goog:chromeOptions: {}, nativeWebScreenshot: true, newCommandTimeout: 0, platformName: Android, skipServerInstallation: true, systemPort: 8201, udid: 1B051FDEE0020B}, appium:deviceApiLevel: 31, appium:deviceManufacturer: Google, appium:deviceModel: Pixel 6 Pro, appium:deviceName: 1B051FDEE0020B, appium:deviceScreenDensity: 560, appium:deviceScreenSize: 1440x3120, appium:deviceUDID: 1B051FDEE0020B, appium:disableSuppressAccessibilityService: true, appium:javascriptEnabled: true, appium:locationContextEnabled: false, appium:nativeWebScreenshot: true, appium:networkConnectionEnabled: true, appium:newCommandTimeout: 0, appium:optimalHubUrl: hub-aps.browserstack.com, appium:pixelRatio: 3.5, appium:platformVersion: 12, appium:skipServerInstallation: true, appium:statBarHeight: 145, appium:systemPort: 8201, appium:takesScreenshot: true, appium:udid: 1B051FDEE0020B, appium:viewportRect: {height: 2789, left: 0, top: 145, width: 1440}, appium:warnings: {}, appium:webStorageEnabled: false, bstack:options: {buildIdentifier: #7, hostName: Roshin, localIdentifier: 05_Nov_1118_Roshin_EAvC}, goog:chromeOptions: {}, platformName: ANDROID} Session ID: a899ade68f1382b90012ff4080ffa7c7a134a564\"},\"platformVersion\":\"12.0\",\"deviceName\":\"Google Pixel 6 Pro\"}]","testhub_uuid":"m1ssswc8qseoirnp3fd7gkhy6msuul3b9iipub6m","detectedAppiumVersion":"null","productMap":{"app_automate":true,"accessibility":false,"automate":false,"percy":false,"observability":true,"turboscale":false},"hostname":"Roshin","measures":{"percy:start":760,"local:start":6998,"sdk:setup":15157},"productUsage":{"testObservability":{"buildHashedId":"m1ssswc8qseoirnp3fd7gkhy6msuul3b9iipub6m","manuallySet":false,"enabled":true,"events":{"hookEvents":{"started":{"errors":[],"triggeredCount":5,"sentCount":5,"failedCount":0},"finished":{"triggeredCount":5,"failedCount":0,"errors":[],"sentCount":4},"passed":{"errors":[],"triggeredCount":5,"sentCount":4,"failedCount":0}},"logEvents":{"errors":[],"triggeredCount":155,"sentCount":156,"failedCount":0,"log":{"errors":[],"triggeredCount":156,"sentCount":156,"failedCount":0}},"testEvents":{"started":{"errors":[],"triggeredCount":8,"sentCount":8,"failedCount":0},"finished":{"triggeredCount":7,"failedCount":0,"errors":[],"sentCount":7},"failed":{"errors":[],"triggeredCount":2,"sentCount":2,"failedCount":0},"passed":{"errors":[],"triggeredCount":5,"sentCount":5,"failedCount":0}},"batchEvents":{"triggeredCount":7,"failedCount":0,"errors":[],"sentCount":7},"cbtSessionEvents":{"errors":[],"triggeredCount":0,"sentCount":0,"failedCount":0},"buildEvents":{"started":{"error":null,"status":"success","triggered":true},"finished":{"error":null,"status":null,"triggered":null}}}}},"browserStackConfig":{"browserstackLocal":true,"percy":false,"logLevel":"info","staticWebDriver":true,"autoDetectFramework":true,"percyCaptureMode":"MANUAL","browserStackLocalOptions":{"localIdentifier":"05_Nov_1118_Roshin_EAvC","key":"****"},"percyOptions":{},"testContextOptions":{"skipSessionName":false,"skipSessionStatus":false,"serenityOverridePlugin":false},"platforms":[{"capabilities":{"platformVersion":12.0,"platformName":"android","deviceName":"Samsung Galaxy S22 Ultra"},"browserVersion":null,"osVersion":null,"browser":null,"device":"Samsung Galaxy S22 Ultra","os":null,"platformCaps":{"platformVersion":12.0,"platformName":"android","deviceName":"Samsung Galaxy S22 Ultra"},"platformString":"Samsung Galaxy S22 Ultra, 12.0","customVariables":"****"},{"capabilities":{"platformVersion":11.0,"platformName":"android","deviceName":"Samsung Galaxy S21"},"browserVersion":null,"osVersion":null,"browser":null,"device":"Samsung Galaxy S21","os":null,"platformCaps":{"platformVersion":11.0,"platformName":"android","deviceName":"Samsung Galaxy S21"},"platformString":"Samsung Galaxy S21, 11.0","customVariables":"****"},{"capabilities":{"platformVersion":12.0,"platformName":"android","deviceName":"Google Pixel 6 Pro"},"browserVersion":null,"osVersion":null,"browser":null,"device":"Google Pixel 6 Pro","os":null,"platformCaps":{"platformVersion":12.0,"platformName":"android","deviceName":"Google Pixel 6 Pro"},"platformString":"Google Pixel 6 Pro, 12.0","customVariables":"****"}],"parallelsPerPlatform":1,"framework":"testng","accessibility":false,"accessibilityOptions":{},"turboScaleOptions":{},"disableAutoCaptureLogs":true,"testObservability":true,"browserstackAutomation":true,"turboScale":false,"testObservabilityOptions":{},"gradleMConfig":null,"proxySettings":null},"percyBuildId":null,"product":"[app-automate, observability]","buildName":"browserstack build","os":"Windows 11","languageVersion":"21.0.3","appiumVersion":"9.3.0","frameworkDetectionInstrumentation":{"parseLoadClass":20,"ret-org.openqa.selenium.remote.RemoteWebDriver":470,"retransformClasses":471,"parseDependencies":32},"userFramework":"testng","detectedDependencies":"testng","referrer":"testng-javaagent\/1.26.4","locationTrigger":"onFinish","language_framework":"java_testng","detectedFramework":"testng","testOrchestration":{"abortBuildOnFailure":{"enabled":false},"retryTestsOnFailure":{"enabled":false},"userConfig":{}},"detectedSeleniumVersion":"4.26.0","seleniumVersion":"4.26.0"}}
11:19:58.878 [teardown@0] DEBUG c.b.utils.FunnelInstrumentation - API Event SDKTestSuccessful response - {"message":"SDK Event recorded successfully"}
11:19:58.878 [teardown@0] DEBUG c.browserstack.utils.LogReportingAPI - sendSync failed - driver not alive
11:19:58.878 [teardown@0] DEBUG com.browserstack.testOps.Listener - [ TESTHUB ] Processing Request Kind LogCreated
11:19:58.878 [teardown@0] DEBUG com.browserstack.testOps.Listener - [ TESTHUB ] Processing Request Kind LogCreated
11:19:58.878 [teardown@0] DEBUG com.browserstack.testOps.Listener - [ TESTHUB ] Processing Request Kind LogCreated
11:19:58.879 [teardown@0] DEBUG com.browserstack.testOps.Listener - [ TESTHUB ] Processing Request Kind LogCreated
11:20:00.294 [selectProduct@1] DEBUG c.b.testNgListeners.TestNGUtils - [populateTestDataForBSTestOps] Event Type :: TestRunFinished, Test ClassName :: MargoExpress.Mobile.Ecommerce_Tc_4_Hybrid 
11:20:00.295 [selectProduct@1] DEBUG c.browserstack.utils.UtilityMethods - [findFileMatcher] Current Path is :: C:\Users\xps\eclipse-workspace\Mobile, TestClass :: MargoExpress\Mobile\Ecommerce_Tc_4_Hybrid
11:20:00.354 [selectProduct@1] DEBUG c.b.testNgListeners.TestNGUtils - [populateTestDataForBSTestOps] The filename fetched :: C:\Users\xps\eclipse-workspace\Mobile\src\test\java\MargoExpress\Mobile\Ecommerce_Tc_4_Hybrid.java, fileSeparator :: \, AbsolutePath :: C:\Users\xps\eclipse-workspace\Mobile\., Normalized Path :: C:\Users\xps\eclipse-workspace\Mobile, File.Separator :: \
11:20:00.354 [selectProduct@1] DEBUG c.b.testNgListeners.TestNGUtils - [populateTestDataForBSTestOps] Replaced File Name is :: Mobile\src\test\java\MargoExpress\Mobile\Ecommerce_Tc_4_Hybrid.java, Absolute Path :: C:\Users\xps\eclipse-workspace\Mobile\.., Normalized Path :: C:\Users\xps\eclipse-workspace 
11:20:00.359 [selectProduct@1] DEBUG c.b.utils.SeleniumMethodUtils - getURLFromCommandExecutor: Getting Hub url from HttpCommandExecutor
11:20:00.359 [selectProduct@1] DEBUG c.b.utils.SeleniumMethodUtils - getURLFromCommandExecutor: Found url: https://hub-aps.browserstack.com/wd/hub
11:20:00.359 [selectProduct@1] DEBUG c.b.utils.SeleniumMethodUtils - getURLFromCommandExecutor: Getting Hub url from HttpCommandExecutor
11:20:00.359 [selectProduct@1] DEBUG c.b.utils.SeleniumMethodUtils - getURLFromCommandExecutor: Found url: https://hub-aps.browserstack.com/wd/hub
11:20:00.361 [selectProduct@1] DEBUG com.browserstack.testOps.Listener - [ TESTHUB ] Processing Request Kind TestRunFinished
11:20:00.428 [Default test-1@1] DEBUG c.b.testNgListeners.TestNGUtils - [populateTestDataForBSTestOps] Event Type :: TestRunStarted, Test ClassName :: MargoExpress.Mobile.Ecommerce_Tc_4_Hybrid 
11:20:00.428 [Default test-1@1] DEBUG c.browserstack.utils.UtilityMethods - [findFileMatcher] Current Path is :: C:\Users\xps\eclipse-workspace\Mobile, TestClass :: MargoExpress\Mobile\Ecommerce_Tc_4_Hybrid
11:20:00.495 [Default test-1@1] DEBUG c.b.testNgListeners.TestNGUtils - [populateTestDataForBSTestOps] The filename fetched :: C:\Users\xps\eclipse-workspace\Mobile\src\test\java\MargoExpress\Mobile\Ecommerce_Tc_4_Hybrid.java, fileSeparator :: \, AbsolutePath :: C:\Users\xps\eclipse-workspace\Mobile\., Normalized Path :: C:\Users\xps\eclipse-workspace\Mobile, File.Separator :: \
11:20:00.496 [Default test-1@1] DEBUG c.b.testNgListeners.TestNGUtils - [populateTestDataForBSTestOps] Replaced File Name is :: Mobile\src\test\java\MargoExpress\Mobile\Ecommerce_Tc_4_Hybrid.java, Absolute Path :: C:\Users\xps\eclipse-workspace\Mobile\.., Normalized Path :: C:\Users\xps\eclipse-workspace 
11:20:00.499 [Default test-1@1] DEBUG c.b.utils.SeleniumMethodUtils - getURLFromCommandExecutor: Getting Hub url from HttpCommandExecutor
11:20:00.499 [Default test-1@1] DEBUG c.b.utils.SeleniumMethodUtils - getURLFromCommandExecutor: Found url: https://hub-aps.browserstack.com/wd/hub
11:20:00.500 [Default test-1@1] DEBUG c.b.utils.SeleniumMethodUtils - getURLFromCommandExecutor: Getting Hub url from HttpCommandExecutor
11:20:00.500 [Default test-1@1] DEBUG c.b.utils.SeleniumMethodUtils - getURLFromCommandExecutor: Found url: https://hub-aps.browserstack.com/wd/hub
11:20:00.501 [Default test-1@1] DEBUG com.browserstack.testOps.Listener - [ TESTHUB ] Processing Request Kind TestRunStarted
11:20:00.684 [verifyProductsAddedinCart@1] DEBUG com.browserstack.testOps.Listener - [ TESTHUB ] Processing Request Kind LogCreated
11:20:01.270 [pool-4-thread-1] DEBUG c.browserstack.utils.RequestBatcher - Time Since Last Batch Processed 3990

11:20:01.270 [pool-5-thread-1] DEBUG c.browserstack.utils.RequestBatcher - Processing Batch 8

11:20:01.271 [pool-5-thread-1] DEBUG c.browserstack.testOps.RequestUtils - [requestToTestOps] Sending Observability request: POST api/v1/batch with request size 14150
11:20:01.272 [pool-5-thread-1] DEBUG c.browserstack.testOps.RequestUtils - [makeRequest] Sending request: POST https://collector-observability.browserstack.com/api/v1/batch with request size 14150
11:20:01.485 [pool-5-thread-1] DEBUG c.browserstack.testOps.RequestUtils - [makeRequest]: Response code: 200
11:20:01.486 [pool-5-thread-1] DEBUG c.browserstack.testOps.RequestUtils - requestToTestOps: Response code: 200
11:20:01.486 [pool-5-thread-1] DEBUG c.browserstack.utils.LogReportingAPI - 
[2024-11-05T07:20:01.486612700Z][ TESTHUB ] Batch event successfull!

11:20:01.893 [verifyProductsAddedinCart@1] DEBUG com.browserstack.testOps.Listener - [ TESTHUB ] Processing Request Kind LogCreated
11:20:02.075 [verifyProductsAddedinCart@1] DEBUG com.browserstack.testOps.Listener - [ TESTHUB ] Processing Request Kind LogCreated
11:20:02.316 [verifyProductsAddedinCart@1] DEBUG c.b.testNgListeners.TestNGUtils - [populateTestDataForBSTestOps] Event Type :: TestRunFinished, Test ClassName :: MargoExpress.Mobile.Ecommerce_Tc_4_Hybrid 
11:20:02.316 [verifyProductsAddedinCart@1] DEBUG c.browserstack.utils.UtilityMethods - [findFileMatcher] Current Path is :: C:\Users\xps\eclipse-workspace\Mobile, TestClass :: MargoExpress\Mobile\Ecommerce_Tc_4_Hybrid
11:20:02.376 [verifyProductsAddedinCart@1] DEBUG c.b.testNgListeners.TestNGUtils - [populateTestDataForBSTestOps] The filename fetched :: C:\Users\xps\eclipse-workspace\Mobile\src\test\java\MargoExpress\Mobile\Ecommerce_Tc_4_Hybrid.java, fileSeparator :: \, AbsolutePath :: C:\Users\xps\eclipse-workspace\Mobile\., Normalized Path :: C:\Users\xps\eclipse-workspace\Mobile, File.Separator :: \
11:20:02.376 [verifyProductsAddedinCart@1] DEBUG c.b.testNgListeners.TestNGUtils - [populateTestDataForBSTestOps] Replaced File Name is :: Mobile\src\test\java\MargoExpress\Mobile\Ecommerce_Tc_4_Hybrid.java, Absolute Path :: C:\Users\xps\eclipse-workspace\Mobile\.., Normalized Path :: C:\Users\xps\eclipse-workspace 
11:20:02.380 [verifyProductsAddedinCart@1] DEBUG c.b.utils.SeleniumMethodUtils - getURLFromCommandExecutor: Getting Hub url from HttpCommandExecutor
11:20:02.380 [verifyProductsAddedinCart@1] DEBUG c.b.utils.SeleniumMethodUtils - getURLFromCommandExecutor: Found url: https://hub-aps.browserstack.com/wd/hub
11:20:02.380 [verifyProductsAddedinCart@1] DEBUG c.b.utils.SeleniumMethodUtils - getURLFromCommandExecutor: Getting Hub url from HttpCommandExecutor
11:20:02.380 [verifyProductsAddedinCart@1] DEBUG c.b.utils.SeleniumMethodUtils - getURLFromCommandExecutor: Found url: https://hub-aps.browserstack.com/wd/hub
11:20:02.382 [verifyProductsAddedinCart@1] DEBUG com.browserstack.testOps.Listener - [ TESTHUB ] Processing Request Kind TestRunFinished
11:20:02.444 [teardown@1] DEBUG c.b.testNgListeners.TestNGUtils - [populateTestDataForBSTestOps] Event Type :: HookRunStarted, Method ClassName :: MargoExpress.Mobile.BaseTest 
11:20:02.444 [teardown@1] DEBUG c.browserstack.utils.UtilityMethods - [findFileMatcher] Current Path is :: C:\Users\xps\eclipse-workspace\Mobile, TestClass :: MargoExpress\Mobile\BaseTest
11:20:02.500 [teardown@1] DEBUG c.b.testNgListeners.TestNGUtils - [populateTestDataForBSTestOps] The filename fetched :: C:\Users\xps\eclipse-workspace\Mobile\src\test\java\MargoExpress\Mobile\BaseTest.java, fileSeparator :: \, AbsolutePath :: C:\Users\xps\eclipse-workspace\Mobile\., Normalized Path :: C:\Users\xps\eclipse-workspace\Mobile, File.Separator :: \
11:20:02.501 [teardown@1] DEBUG c.b.testNgListeners.TestNGUtils - [populateTestDataForBSTestOps] Replaced File Name is :: Mobile\src\test\java\MargoExpress\Mobile\BaseTest.java, Absolute Path :: C:\Users\xps\eclipse-workspace\Mobile\.., Normalized Path :: C:\Users\xps\eclipse-workspace 
11:20:02.505 [teardown@1] DEBUG c.b.utils.SeleniumMethodUtils - getURLFromCommandExecutor: Getting Hub url from HttpCommandExecutor
11:20:02.505 [teardown@1] DEBUG c.b.utils.SeleniumMethodUtils - getURLFromCommandExecutor: Found url: https://hub-aps.browserstack.com/wd/hub
11:20:02.505 [teardown@1] DEBUG c.b.utils.SeleniumMethodUtils - getURLFromCommandExecutor: Getting Hub url from HttpCommandExecutor
11:20:02.505 [teardown@1] DEBUG c.b.utils.SeleniumMethodUtils - getURLFromCommandExecutor: Found url: https://hub-aps.browserstack.com/wd/hub
11:20:02.505 [teardown@1] DEBUG com.browserstack.testOps.Listener - [ TESTHUB ] Processing Request Kind HookRunStarted
11:20:02.505 [teardown@1] DEBUG c.browserstack.utils.LogReportingAPI - sendPlatformDetails: Can't send CBT info, as driver or test is not found
11:20:03.277 [pool-4-thread-1] DEBUG c.browserstack.utils.RequestBatcher - Time Since Last Batch Processed 2007

11:20:03.277 [pool-5-thread-1] DEBUG c.browserstack.utils.RequestBatcher - Processing Batch 4

11:20:03.278 [pool-5-thread-1] DEBUG c.browserstack.testOps.RequestUtils - [requestToTestOps] Sending Observability request: POST api/v1/batch with request size 15150
11:20:03.278 [pool-5-thread-1] DEBUG c.browserstack.testOps.RequestUtils - [makeRequest] Sending request: POST https://collector-observability.browserstack.com/api/v1/batch with request size 15150
11:20:03.495 [pool-5-thread-1] DEBUG c.browserstack.testOps.RequestUtils - [makeRequest]: Response code: 200
11:20:03.496 [pool-5-thread-1] DEBUG c.browserstack.testOps.RequestUtils - requestToTestOps: Response code: 200
11:20:03.496 [pool-5-thread-1] DEBUG c.browserstack.utils.LogReportingAPI - 
[2024-11-05T07:20:03.496631900Z][ TESTHUB ] Batch event successfull!

11:20:04.862 [teardown@1] DEBUG c.b.testNgListeners.TestNGUtils - [populateTestDataForBSTestOps] Event Type :: HookRunFinished, Method ClassName :: MargoExpress.Mobile.BaseTest 
11:20:04.862 [teardown@1] DEBUG c.browserstack.utils.UtilityMethods - [findFileMatcher] Current Path is :: C:\Users\xps\eclipse-workspace\Mobile, TestClass :: MargoExpress\Mobile\BaseTest
11:20:04.920 [teardown@1] DEBUG c.b.testNgListeners.TestNGUtils - [populateTestDataForBSTestOps] The filename fetched :: C:\Users\xps\eclipse-workspace\Mobile\src\test\java\MargoExpress\Mobile\BaseTest.java, fileSeparator :: \, AbsolutePath :: C:\Users\xps\eclipse-workspace\Mobile\., Normalized Path :: C:\Users\xps\eclipse-workspace\Mobile, File.Separator :: \
11:20:04.920 [teardown@1] DEBUG c.b.testNgListeners.TestNGUtils - [populateTestDataForBSTestOps] Replaced File Name is :: Mobile\src\test\java\MargoExpress\Mobile\BaseTest.java, Absolute Path :: C:\Users\xps\eclipse-workspace\Mobile\.., Normalized Path :: C:\Users\xps\eclipse-workspace 
11:20:04.920 [teardown@1] DEBUG com.browserstack.testOps.Listener - [ TESTHUB ] Processing Request Kind HookRunFinished
11:20:04.925 [teardown@1] DEBUG c.b.utils.FunnelInstrumentation - Unable to parse data from processes. Exception: Unexpected token END OF FILE at position 0.
	at browserstack.shaded.org.json.simple.parser.JSONParser.parse(Unknown Source)
	at browserstack.shaded.org.json.simple.parser.JSONParser.parse(Unknown Source)
	at browserstack.shaded.org.json.simple.parser.JSONParser.parse(Unknown Source)
	at com.browserstack.utils.FunnelInstrumentation.getFormattedDataFromProcesses(Unknown Source)
	at com.browserstack.utils.FunnelInstrumentation.createParamsForEvent(Unknown Source)
	at com.browserstack.utils.FunnelInstrumentation.sendSDKEvent(Unknown Source)
	at com.browserstack.testNgListeners.TmpSuiteListener.onFinish(Unknown Source)
	at org.testng.TestRunner.fireEvent(TestRunner.java:873)
	at org.testng.TestRunner.afterRun(TestRunner.java:828)
	at org.testng.TestRunner.run(TestRunner.java:616)
	at org.testng.SuiteRunner.runTest(SuiteRunner.java:421)
	at org.testng.SuiteRunner$SuiteWorker.run(SuiteRunner.java:463)
	at org.testng.internal.thread.ThreadUtil.lambda$execute$0(ThreadUtil.java:64)
	at java.base/java.util.concurrent.FutureTask.run(FutureTask.java:317)
	at java.base/java.util.concurrent.ThreadPoolExecutor.runWorker(ThreadPoolExecutor.java:1144)
	at java.base/java.util.concurrent.ThreadPoolExecutor$Worker.run(ThreadPoolExecutor.java:642)
	at java.base/java.lang.Thread.run(Thread.java:1583)

11:20:04.925 [teardown@1] DEBUG com.browserstack.testOps.UsageStats - getFormattedData: Collecting data for TestObservability
11:20:04.925 [teardown@1] DEBUG com.browserstack.testOps.UsageStats - getEventStats: Getting event data for TestObservability
11:20:04.925 [teardown@1] DEBUG com.browserstack.testOps.UsageStats - [OBSERVABILITY] Failed to parse data from workers
11:20:04.934 [teardown@1] DEBUG c.b.utils.FunnelInstrumentation - Sending funnel data for SDKTestSuccessful with data: {"event_type":"SDKTestSuccessful","accessKey":"1XSLBqNLYzWiPhqyqy9L","userName":"roshinsurendran_Sh2ZAM","event_properties":{"isPercyAutoEnabled":false,"language":"java","sdkRunId":"fed9a409-dd1b-4f94-9899-ea4e32e94309","buildIdentifier":"#7","error":"[{\"tests\":{\"MargoExpress.Mobile.Ecommerce_Tc_4_Hybrid-verifyProductsAddedinCart\":\"Unknown mobile command \\\"longClickGesture\\\". Only shell,scrollBackTo,viewportScreenshot,deepLink,startLogsBroadcast,stopLogsBroadcast,acceptAlert,dismissAlert,batteryInfo,deviceInfo,changePermissions,getPermissions,performEditorAction,startScreenStreaming,stopScreenStreaming,getNotifications,listSms,type commands are supported. Build info: version: '4.26.0', revision: '8ccf0219d7' System info: os.name: 'Windows 11', os.arch: 'amd64', os.version: '10.0', java.version: '21.0.3' Driver info: io.appium.java_client.android.AndroidDriver Command: [ee90914e1bb4c9fd9c0b6586eeb75240f463a4f5, executeScript {script=mobile: longClickGesture, args=[{elementId=b7f01fbe-41fa-4ced-819e-d528fd6a5a0a, duration=2000}]}] Capabilities {appium:appActivity: com.androidsample.generalst..., appium:appPackage: com.androidsample.generalstore, appium:automationName: uiautomator2, appium:bundleID: com.androidsample.generalstore, appium:bundleId: com.androidsample.generalstore, appium:chromedriverPort: 18082, appium:chromedriverPorts: [[18122, 18132]], appium:databaseEnabled: false, appium:desired: {appActivity: com.androidsample.generalst..., appPackage: com.androidsample.generalstore, automationName: uiautomator2, bstack:options: {buildIdentifier: #7, hostName: Roshin, localIdentifier: 05_Nov_1118_Roshin_EAvC}, bundleID: com.androidsample.generalstore, bundleId: com.androidsample.generalstore, chromedriverPort: 18082, chromedriverPorts: [[18122, 18132]], deviceName: pixel 8 pro emulator, disableSuppressAccessibilityService: true, goog:chromeOptions: {}, nativeWebScreenshot: true, newCommandTimeout: 0, platformName: Android, skipServerInstallation: true, systemPort: 8202, udid: R5CT238SA9L}, appium:deviceApiLevel: 31, appium:deviceManufacturer: samsung, appium:deviceModel: SM-S908E, appium:deviceName: R5CT238SA9L, appium:deviceScreenDensity: 450, appium:deviceScreenSize: 1080x2316, appium:deviceUDID: R5CT238SA9L, appium:disableSuppressAccessibilityService: true, appium:javascriptEnabled: true, appium:locationContextEnabled: false, appium:nativeWebScreenshot: true, appium:networkConnectionEnabled: true, appium:newCommandTimeout: 0, appium:optimalHubUrl: hub-aps.browserstack.com, appium:pixelRatio: 2.8125, appium:platformVersion: 12, appium:skipServerInstallation: true, appium:statBarHeight: 75, appium:systemPort: 8202, appium:takesScreenshot: true, appium:udid: R5CT238SA9L, appium:viewportRect: {height: 2031, left: 0, top: 75, width: 1080}, appium:warnings: {}, appium:webStorageEnabled: false, bstack:options: {buildIdentifier: #7, hostName: Roshin, localIdentifier: 05_Nov_1118_Roshin_EAvC}, goog:chromeOptions: {}, platformName: ANDROID} Session ID: ee90914e1bb4c9fd9c0b6586eeb75240f463a4f5\"},\"platformVersion\":\"12.0\",\"deviceName\":\"Samsung Galaxy S22 Ultra\"},{\"tests\":{\"MargoExpress.Mobile.Ecommerce_Tc_4_Hybrid-verifyProductsAddedinCart\":\"Unknown mobile command \\\"longClickGesture\\\". Only shell,scrollBackTo,viewportScreenshot,deepLink,startLogsBroadcast,stopLogsBroadcast,acceptAlert,dismissAlert,batteryInfo,deviceInfo,changePermissions,getPermissions,performEditorAction,startScreenStreaming,stopScreenStreaming,getNotifications,listSms,type commands are supported. Build info: version: '4.26.0', revision: '8ccf0219d7' System info: os.name: 'Windows 11', os.arch: 'amd64', os.version: '10.0', java.version: '21.0.3' Driver info: io.appium.java_client.android.AndroidDriver Command: [00074d1161ee7a2bb3de529b673a41cd4c88e39e, executeScript {script=mobile: longClickGesture, args=[{elementId=235f0743-4274-4e87-b8b7-bb25b792d471, duration=2000}]}] Capabilities {appium:appActivity: com.androidsample.generalst..., appium:appPackage: com.androidsample.generalstore, appium:automationName: uiautomator2, appium:bundleID: com.androidsample.generalstore, appium:bundleId: com.androidsample.generalstore, appium:chromedriverPort: 18084, appium:chromedriverPorts: [[18144, 18154]], appium:databaseEnabled: false, appium:desired: {appActivity: com.androidsample.generalst..., appPackage: com.androidsample.generalstore, automationName: uiautomator2, bstack:options: {buildIdentifier: #7, hostName: Roshin, localIdentifier: 05_Nov_1118_Roshin_EAvC}, bundleID: com.androidsample.generalstore, bundleId: com.androidsample.generalstore, chromedriverPort: 18084, chromedriverPorts: [[18144, 18154]], deviceName: pixel 8 pro emulator, disableSuppressAccessibilityService: true, goog:chromeOptions: {}, nativeWebScreenshot: true, newCommandTimeout: 0, platformName: Android, skipServerInstallation: true, systemPort: 8204, udid: R5CRC1WYKLL}, appium:deviceApiLevel: 30, appium:deviceManufacturer: samsung, appium:deviceModel: SM-G991B, appium:deviceName: R5CRC1WYKLL, appium:deviceScreenDensity: 480, appium:deviceScreenSize: 1080x2400, appium:deviceUDID: R5CRC1WYKLL, appium:disableSuppressAccessibilityService: true, appium:javascriptEnabled: true, appium:locationContextEnabled: false, appium:nativeWebScreenshot: true, appium:networkConnectionEnabled: true, appium:newCommandTimeout: 0, appium:optimalHubUrl: hub-aps.browserstack.com, appium:pixelRatio: 3, appium:platformVersion: 11, appium:skipServerInstallation: true, appium:statBarHeight: 79, appium:systemPort: 8204, appium:takesScreenshot: true, appium:udid: R5CRC1WYKLL, appium:viewportRect: {height: 2097, left: 0, top: 79, width: 1080}, appium:warnings: {}, appium:webStorageEnabled: false, bstack:options: {buildIdentifier: #7, hostName: Roshin, localIdentifier: 05_Nov_1118_Roshin_EAvC}, goog:chromeOptions: {}, platformName: ANDROID} Session ID: 00074d1161ee7a2bb3de529b673a41cd4c88e39e\"},\"platformVersion\":\"11.0\",\"deviceName\":\"Samsung Galaxy S21\"},{\"tests\":{\"MargoExpress.Mobile.Ecommerce_Tc_4_Hybrid-verifyProductsAddedinCart\":\"Unknown mobile command \\\"longClickGesture\\\". Only shell,scrollBackTo,viewportScreenshot,deepLink,startLogsBroadcast,stopLogsBroadcast,acceptAlert,dismissAlert,batteryInfo,deviceInfo,changePermissions,getPermissions,performEditorAction,startScreenStreaming,stopScreenStreaming,getNotifications,listSms,type commands are supported. Build info: version: '4.26.0', revision: '8ccf0219d7' System info: os.name: 'Windows 11', os.arch: 'amd64', os.version: '10.0', java.version: '21.0.3' Driver info: io.appium.java_client.android.AndroidDriver Command: [a899ade68f1382b90012ff4080ffa7c7a134a564, executeScript {script=mobile: longClickGesture, args=[{elementId=b25c987f-845a-417a-9eaa-f4f5ad5c0c09, duration=2000}]}] Capabilities {appium:appActivity: com.androidsample.generalst..., appium:appPackage: com.androidsample.generalstore, appium:automationName: uiautomator2, appium:bundleID: com.androidsample.generalstore, appium:bundleId: com.androidsample.generalstore, appium:chromedriverPort: 18081, appium:chromedriverPorts: [[18111, 18121]], appium:databaseEnabled: false, appium:desired: {appActivity: com.androidsample.generalst..., appPackage: com.androidsample.generalstore, automationName: uiautomator2, bstack:options: {buildIdentifier: #7, hostName: Roshin, localIdentifier: 05_Nov_1118_Roshin_EAvC}, bundleID: com.androidsample.generalstore, bundleId: com.androidsample.generalstore, chromedriverPort: 18081, chromedriverPorts: [[18111, 18121]], deviceName: pixel 8 pro emulator, disableSuppressAccessibilityService: true, goog:chromeOptions: {}, nativeWebScreenshot: true, newCommandTimeout: 0, platformName: Android, skipServerInstallation: true, systemPort: 8201, udid: 1B051FDEE0020B}, appium:deviceApiLevel: 31, appium:deviceManufacturer: Google, appium:deviceModel: Pixel 6 Pro, appium:deviceName: 1B051FDEE0020B, appium:deviceScreenDensity: 560, appium:deviceScreenSize: 1440x3120, appium:deviceUDID: 1B051FDEE0020B, appium:disableSuppressAccessibilityService: true, appium:javascriptEnabled: true, appium:locationContextEnabled: false, appium:nativeWebScreenshot: true, appium:networkConnectionEnabled: true, appium:newCommandTimeout: 0, appium:optimalHubUrl: hub-aps.browserstack.com, appium:pixelRatio: 3.5, appium:platformVersion: 12, appium:skipServerInstallation: true, appium:statBarHeight: 145, appium:systemPort: 8201, appium:takesScreenshot: true, appium:udid: 1B051FDEE0020B, appium:viewportRect: {height: 2789, left: 0, top: 145, width: 1440}, appium:warnings: {}, appium:webStorageEnabled: false, bstack:options: {buildIdentifier: #7, hostName: Roshin, localIdentifier: 05_Nov_1118_Roshin_EAvC}, goog:chromeOptions: {}, platformName: ANDROID} Session ID: a899ade68f1382b90012ff4080ffa7c7a134a564\"},\"platformVersion\":\"12.0\",\"deviceName\":\"Google Pixel 6 Pro\"}]","testhub_uuid":"m1ssswc8qseoirnp3fd7gkhy6msuul3b9iipub6m","detectedAppiumVersion":"null","productMap":{"app_automate":true,"accessibility":false,"automate":false,"percy":false,"observability":true,"turboscale":false},"hostname":"Roshin","measures":{"percy:start":760,"local:start":6998,"sdk:setup":15157},"productUsage":{"testObservability":{"buildHashedId":"m1ssswc8qseoirnp3fd7gkhy6msuul3b9iipub6m","manuallySet":false,"enabled":true,"events":{"hookEvents":{"started":{"errors":[],"triggeredCount":6,"sentCount":6,"failedCount":0},"finished":{"triggeredCount":6,"failedCount":0,"errors":[],"sentCount":5},"passed":{"errors":[],"triggeredCount":6,"sentCount":5,"failedCount":0}},"logEvents":{"errors":[],"triggeredCount":162,"sentCount":163,"failedCount":0,"log":{"errors":[],"triggeredCount":163,"sentCount":163,"failedCount":0}},"testEvents":{"started":{"errors":[],"triggeredCount":9,"sentCount":9,"failedCount":0},"finished":{"triggeredCount":9,"failedCount":0,"errors":[],"sentCount":9},"failed":{"errors":[],"triggeredCount":3,"sentCount":3,"failedCount":0},"passed":{"errors":[],"triggeredCount":6,"sentCount":6,"failedCount":0}},"batchEvents":{"triggeredCount":9,"failedCount":0,"errors":[],"sentCount":9},"cbtSessionEvents":{"errors":[],"triggeredCount":0,"sentCount":0,"failedCount":0},"buildEvents":{"started":{"error":null,"status":"success","triggered":true},"finished":{"error":null,"status":null,"triggered":null}}}}},"browserStackConfig":{"browserstackLocal":true,"percy":false,"logLevel":"info","staticWebDriver":true,"autoDetectFramework":true,"percyCaptureMode":"MANUAL","browserStackLocalOptions":{"localIdentifier":"05_Nov_1118_Roshin_EAvC","key":"****"},"percyOptions":{},"testContextOptions":{"skipSessionName":false,"skipSessionStatus":false,"serenityOverridePlugin":false},"platforms":[{"capabilities":{"platformVersion":12.0,"platformName":"android","deviceName":"Samsung Galaxy S22 Ultra"},"browserVersion":null,"osVersion":null,"browser":null,"device":"Samsung Galaxy S22 Ultra","os":null,"platformCaps":{"platformVersion":12.0,"platformName":"android","deviceName":"Samsung Galaxy S22 Ultra"},"platformString":"Samsung Galaxy S22 Ultra, 12.0","customVariables":"****"},{"capabilities":{"platformVersion":11.0,"platformName":"android","deviceName":"Samsung Galaxy S21"},"browserVersion":null,"osVersion":null,"browser":null,"device":"Samsung Galaxy S21","os":null,"platformCaps":{"platformVersion":11.0,"platformName":"android","deviceName":"Samsung Galaxy S21"},"platformString":"Samsung Galaxy S21, 11.0","customVariables":"****"},{"capabilities":{"platformVersion":12.0,"platformName":"android","deviceName":"Google Pixel 6 Pro"},"browserVersion":null,"osVersion":null,"browser":null,"device":"Google Pixel 6 Pro","os":null,"platformCaps":{"platformVersion":12.0,"platformName":"android","deviceName":"Google Pixel 6 Pro"},"platformString":"Google Pixel 6 Pro, 12.0","customVariables":"****"}],"parallelsPerPlatform":1,"framework":"testng","accessibility":false,"accessibilityOptions":{},"turboScaleOptions":{},"disableAutoCaptureLogs":true,"testObservability":true,"browserstackAutomation":true,"turboScale":false,"testObservabilityOptions":{},"gradleMConfig":null,"proxySettings":null},"percyBuildId":null,"product":"[app-automate, observability]","buildName":"browserstack build","os":"Windows 11","languageVersion":"21.0.3","appiumVersion":"9.3.0","frameworkDetectionInstrumentation":{"parseLoadClass":20,"ret-org.openqa.selenium.remote.RemoteWebDriver":470,"retransformClasses":471,"parseDependencies":32},"userFramework":"testng","detectedDependencies":"testng","referrer":"testng-javaagent\/1.26.4","locationTrigger":"onFinish","language_framework":"java_testng","detectedFramework":"testng","testOrchestration":{"abortBuildOnFailure":{"enabled":false},"retryTestsOnFailure":{"enabled":false},"userConfig":{}},"detectedSeleniumVersion":"4.26.0","seleniumVersion":"4.26.0"}}
11:20:05.281 [pool-4-thread-1] DEBUG c.browserstack.utils.RequestBatcher - Time Since Last Batch Processed 2004

11:20:05.281 [pool-5-thread-1] DEBUG c.browserstack.utils.RequestBatcher - Processing Batch 1

11:20:05.281 [pool-5-thread-1] DEBUG c.browserstack.testOps.RequestUtils - [requestToTestOps] Sending Observability request: POST api/v1/batch with request size 920
11:20:05.281 [pool-5-thread-1] DEBUG c.browserstack.testOps.RequestUtils - [makeRequest] Sending request: POST https://collector-observability.browserstack.com/api/v1/batch with request size 920
11:20:05.494 [pool-5-thread-1] DEBUG c.browserstack.testOps.RequestUtils - [makeRequest]: Response code: 200
11:20:05.494 [pool-5-thread-1] DEBUG c.browserstack.testOps.RequestUtils - requestToTestOps: Response code: 200
11:20:05.494 [pool-5-thread-1] DEBUG c.browserstack.utils.LogReportingAPI - 
[2024-11-05T07:20:05.494541400Z][ TESTHUB ] Batch event successfull!

11:20:05.532 [teardown@1] DEBUG c.b.utils.FunnelInstrumentation - API Event SDKTestSuccessful response - {"message":"SDK Event recorded successfully"}
11:20:05.533 [teardown@1] DEBUG c.browserstack.utils.LogReportingAPI - sendSync failed - driver not alive
11:20:05.533 [teardown@1] DEBUG com.browserstack.testOps.Listener - [ TESTHUB ] Processing Request Kind LogCreated
11:20:05.533 [teardown@1] DEBUG com.browserstack.testOps.Listener - [ TESTHUB ] Processing Request Kind LogCreated
11:20:05.534 [teardown@1] DEBUG com.browserstack.testOps.Listener - [ TESTHUB ] Processing Request Kind LogCreated
11:20:05.534 [teardown@1] DEBUG com.browserstack.testOps.Listener - [ TESTHUB ] Processing Request Kind LogCreated
11:20:05.550 [main] DEBUG com.browserstack.testOps.Listener - [ TESTHUB ] Processing Request Kind LogCreated
11:20:05.616 [main] DEBUG com.browserstack.testOps.Listener - [ TESTHUB ] Processing Request Kind LogCreated
11:20:05.616 [main] DEBUG com.browserstack.testOps.Listener - [ TESTHUB ] Processing Request Kind LogCreated
11:20:05.616 [main] DEBUG com.browserstack.testOps.Listener - [ TESTHUB ] Processing Request Kind LogCreated
11:20:05.616 [main] DEBUG com.browserstack.testOps.Listener - [ TESTHUB ] Processing Request Kind LogCreated
11:20:05.616 [main] DEBUG com.browserstack.testOps.Listener - [ TESTHUB ] Processing Request Kind LogCreated
11:20:05.617 [main] DEBUG com.browserstack.testOps.Listener - [ TESTHUB ] Processing Request Kind LogCreated
11:20:05.617 [main] DEBUG com.browserstack.testOps.Listener - [ TESTHUB ] Processing Request Kind LogCreated
11:20:05.617 [main] DEBUG com.browserstack.testOps.Listener - [ TESTHUB ] Processing Request Kind LogCreated
11:20:05.625 [main] DEBUG com.browserstack.testOps.Listener - [ TESTHUB ] Processing Request Kind LogCreated
11:20:05.626 [main] DEBUG com.browserstack.testOps.Listener - [ TESTHUB ] Processing Request Kind LogCreated
11:20:05.626 [main] DEBUG com.browserstack.testOps.Listener - [ TESTHUB ] Processing Request Kind LogCreated
11:20:05.626 [main] DEBUG com.browserstack.testOps.Listener - [ TESTHUB ] Processing Request Kind LogCreated
11:20:05.627 [main] DEBUG com.browserstack.testOps.Listener - [ TESTHUB ] Processing Request Kind LogCreated
11:20:05.627 [main] DEBUG com.browserstack.testOps.Listener - [ TESTHUB ] Processing Request Kind LogCreated
11:20:05.627 [main] DEBUG com.browserstack.testOps.Listener - [ TESTHUB ] Processing Request Kind LogCreated
11:20:05.627 [main] DEBUG com.browserstack.testOps.Listener - [ TESTHUB ] Processing Request Kind LogCreated
11:20:05.627 [main] DEBUG com.browserstack.testOps.Listener - [ TESTHUB ] Processing Request Kind LogCreated
11:20:05.627 [main] DEBUG com.browserstack.testOps.Listener - [ TESTHUB ] Processing Request Kind LogCreated
11:20:05.628 [main] DEBUG com.browserstack.testOps.Listener - [ TESTHUB ] Processing Request Kind LogCreated
11:20:05.628 [main] DEBUG com.browserstack.testOps.Listener - [ TESTHUB ] Processing Request Kind LogCreated
11:20:05.628 [main] DEBUG com.browserstack.testOps.Listener - [ TESTHUB ] Processing Request Kind LogCreated
11:20:05.628 [main] DEBUG com.browserstack.testOps.Listener - [ TESTHUB ] Processing Request Kind LogCreated
11:20:05.635 [main] DEBUG com.browserstack.testOps.Listener - [ TESTHUB ] Processing Request Kind LogCreated
11:20:05.651 [main] DEBUG com.browserstack.testOps.Listener - [ TESTHUB ] Processing Request Kind LogCreated
11:20:05.663 [main] DEBUG com.browserstack.testOps.Listener - [ TESTHUB ] Processing Request Kind LogCreated
11:20:05.675 [main] DEBUG com.browserstack.testOps.Listener - [ TESTHUB ] Processing Request Kind LogCreated
11:20:05.676 [main] DEBUG com.browserstack.testOps.Listener - [ TESTHUB ] Processing Request Kind LogCreated
11:20:05.677 [Thread-0] DEBUG c.browserstack.BrowserStackJavaAgent - Starting final execution
11:20:05.677 [Thread-0] DEBUG c.b.u.ObservabilityUtilityMethods - Processing batch requests with type: Global
11:20:05.677 [Thread-0] DEBUG c.browserstack.utils.LogReportingAPI - [2024-11-05T07:20:05.677933200Z][ OBSERVABILITY ] Processing stop observability
11:20:05.678 [pool-5-thread-1] DEBUG c.browserstack.utils.RequestBatcher - Processing Batch 32

11:20:05.680 [pool-5-thread-1] DEBUG c.browserstack.testOps.RequestUtils - [requestToTestOps] Sending Observability request: POST api/v1/batch with request size 13577
11:20:05.680 [pool-5-thread-1] DEBUG c.browserstack.testOps.RequestUtils - [makeRequest] Sending request: POST https://collector-observability.browserstack.com/api/v1/batch with request size 13577
11:20:05.958 [pool-5-thread-1] DEBUG c.browserstack.testOps.RequestUtils - [makeRequest]: Response code: 200
11:20:05.958 [pool-5-thread-1] DEBUG c.browserstack.testOps.RequestUtils - requestToTestOps: Response code: 200
11:20:05.958 [pool-5-thread-1] DEBUG c.browserstack.utils.LogReportingAPI - 
[2024-11-05T07:20:05.958222100Z][ TESTHUB ] Batch event successfull!

11:20:05.958 [Thread-0] DEBUG c.browserstack.testOps.RequestUtils - [ TESTHUB ] Processing Request Kind stopBuildUpstream
11:20:05.959 [Thread-0] DEBUG c.browserstack.testOps.RequestUtils - [requestToTestOps] Sending Observability request: PUT api/v1/builds/m1ssswc8qseoirnp3fd7gkhy6msuul3b9iipub6m/stop with request size 65
11:20:05.959 [Thread-0] DEBUG c.browserstack.testOps.RequestUtils - [makeRequest] Sending request: PUT https://collector-observability.browserstack.com/api/v1/builds/m1ssswc8qseoirnp3fd7gkhy6msuul3b9iipub6m/stop with request size 65
11:20:06.223 [Thread-0] DEBUG c.browserstack.testOps.RequestUtils - [makeRequest]: Response code: 200
11:20:06.223 [Thread-0] DEBUG c.browserstack.testOps.RequestUtils - requestToTestOps: Response code: 200
11:20:06.223 [Thread-0] DEBUG com.browserstack.testOps.Listener - Testhub stop response: 
11:20:08.692 [Thread-0] DEBUG c.b.utils.FunnelInstrumentation - Unable to parse data from processes. Exception: Unexpected token END OF FILE at position 0.
	at browserstack.shaded.org.json.simple.parser.JSONParser.parse(Unknown Source)
	at browserstack.shaded.org.json.simple.parser.JSONParser.parse(Unknown Source)
	at browserstack.shaded.org.json.simple.parser.JSONParser.parse(Unknown Source)
	at com.browserstack.utils.FunnelInstrumentation.getFormattedDataFromProcesses(Unknown Source)
	at com.browserstack.utils.FunnelInstrumentation.createParamsForEvent(Unknown Source)
	at com.browserstack.utils.FunnelInstrumentation.sendSDKEvent(Unknown Source)
	at com.browserstack.BrowserStackJavaAgent$FinalExecution.run(Unknown Source)

11:20:08.692 [Thread-0] DEBUG com.browserstack.testOps.UsageStats - getFormattedData: Collecting data for TestObservability
11:20:08.692 [Thread-0] DEBUG com.browserstack.testOps.UsageStats - getEventStats: Getting event data for TestObservability
11:20:08.692 [Thread-0] DEBUG com.browserstack.testOps.UsageStats - [OBSERVABILITY] Failed to parse data from workers
11:20:08.698 [Thread-0] DEBUG c.b.utils.FunnelInstrumentation - Sending funnel data for SDKTestSuccessful with data: {"event_type":"SDKTestSuccessful","accessKey":"1XSLBqNLYzWiPhqyqy9L","userName":"roshinsurendran_Sh2ZAM","event_properties":{"isPercyAutoEnabled":false,"language":"java","sdkRunId":"fed9a409-dd1b-4f94-9899-ea4e32e94309","buildIdentifier":"#7","error":"[{\"tests\":{\"MargoExpress.Mobile.Ecommerce_Tc_4_Hybrid-verifyProductsAddedinCart\":\"Unknown mobile command \\\"longClickGesture\\\". Only shell,scrollBackTo,viewportScreenshot,deepLink,startLogsBroadcast,stopLogsBroadcast,acceptAlert,dismissAlert,batteryInfo,deviceInfo,changePermissions,getPermissions,performEditorAction,startScreenStreaming,stopScreenStreaming,getNotifications,listSms,type commands are supported. Build info: version: '4.26.0', revision: '8ccf0219d7' System info: os.name: 'Windows 11', os.arch: 'amd64', os.version: '10.0', java.version: '21.0.3' Driver info: io.appium.java_client.android.AndroidDriver Command: [ee90914e1bb4c9fd9c0b6586eeb75240f463a4f5, executeScript {script=mobile: longClickGesture, args=[{elementId=b7f01fbe-41fa-4ced-819e-d528fd6a5a0a, duration=2000}]}] Capabilities {appium:appActivity: com.androidsample.generalst..., appium:appPackage: com.androidsample.generalstore, appium:automationName: uiautomator2, appium:bundleID: com.androidsample.generalstore, appium:bundleId: com.androidsample.generalstore, appium:chromedriverPort: 18082, appium:chromedriverPorts: [[18122, 18132]], appium:databaseEnabled: false, appium:desired: {appActivity: com.androidsample.generalst..., appPackage: com.androidsample.generalstore, automationName: uiautomator2, bstack:options: {buildIdentifier: #7, hostName: Roshin, localIdentifier: 05_Nov_1118_Roshin_EAvC}, bundleID: com.androidsample.generalstore, bundleId: com.androidsample.generalstore, chromedriverPort: 18082, chromedriverPorts: [[18122, 18132]], deviceName: pixel 8 pro emulator, disableSuppressAccessibilityService: true, goog:chromeOptions: {}, nativeWebScreenshot: true, newCommandTimeout: 0, platformName: Android, skipServerInstallation: true, systemPort: 8202, udid: R5CT238SA9L}, appium:deviceApiLevel: 31, appium:deviceManufacturer: samsung, appium:deviceModel: SM-S908E, appium:deviceName: R5CT238SA9L, appium:deviceScreenDensity: 450, appium:deviceScreenSize: 1080x2316, appium:deviceUDID: R5CT238SA9L, appium:disableSuppressAccessibilityService: true, appium:javascriptEnabled: true, appium:locationContextEnabled: false, appium:nativeWebScreenshot: true, appium:networkConnectionEnabled: true, appium:newCommandTimeout: 0, appium:optimalHubUrl: hub-aps.browserstack.com, appium:pixelRatio: 2.8125, appium:platformVersion: 12, appium:skipServerInstallation: true, appium:statBarHeight: 75, appium:systemPort: 8202, appium:takesScreenshot: true, appium:udid: R5CT238SA9L, appium:viewportRect: {height: 2031, left: 0, top: 75, width: 1080}, appium:warnings: {}, appium:webStorageEnabled: false, bstack:options: {buildIdentifier: #7, hostName: Roshin, localIdentifier: 05_Nov_1118_Roshin_EAvC}, goog:chromeOptions: {}, platformName: ANDROID} Session ID: ee90914e1bb4c9fd9c0b6586eeb75240f463a4f5\"},\"platformVersion\":\"12.0\",\"deviceName\":\"Samsung Galaxy S22 Ultra\"},{\"tests\":{\"MargoExpress.Mobile.Ecommerce_Tc_4_Hybrid-verifyProductsAddedinCart\":\"Unknown mobile command \\\"longClickGesture\\\". Only shell,scrollBackTo,viewportScreenshot,deepLink,startLogsBroadcast,stopLogsBroadcast,acceptAlert,dismissAlert,batteryInfo,deviceInfo,changePermissions,getPermissions,performEditorAction,startScreenStreaming,stopScreenStreaming,getNotifications,listSms,type commands are supported. Build info: version: '4.26.0', revision: '8ccf0219d7' System info: os.name: 'Windows 11', os.arch: 'amd64', os.version: '10.0', java.version: '21.0.3' Driver info: io.appium.java_client.android.AndroidDriver Command: [00074d1161ee7a2bb3de529b673a41cd4c88e39e, executeScript {script=mobile: longClickGesture, args=[{elementId=235f0743-4274-4e87-b8b7-bb25b792d471, duration=2000}]}] Capabilities {appium:appActivity: com.androidsample.generalst..., appium:appPackage: com.androidsample.generalstore, appium:automationName: uiautomator2, appium:bundleID: com.androidsample.generalstore, appium:bundleId: com.androidsample.generalstore, appium:chromedriverPort: 18084, appium:chromedriverPorts: [[18144, 18154]], appium:databaseEnabled: false, appium:desired: {appActivity: com.androidsample.generalst..., appPackage: com.androidsample.generalstore, automationName: uiautomator2, bstack:options: {buildIdentifier: #7, hostName: Roshin, localIdentifier: 05_Nov_1118_Roshin_EAvC}, bundleID: com.androidsample.generalstore, bundleId: com.androidsample.generalstore, chromedriverPort: 18084, chromedriverPorts: [[18144, 18154]], deviceName: pixel 8 pro emulator, disableSuppressAccessibilityService: true, goog:chromeOptions: {}, nativeWebScreenshot: true, newCommandTimeout: 0, platformName: Android, skipServerInstallation: true, systemPort: 8204, udid: R5CRC1WYKLL}, appium:deviceApiLevel: 30, appium:deviceManufacturer: samsung, appium:deviceModel: SM-G991B, appium:deviceName: R5CRC1WYKLL, appium:deviceScreenDensity: 480, appium:deviceScreenSize: 1080x2400, appium:deviceUDID: R5CRC1WYKLL, appium:disableSuppressAccessibilityService: true, appium:javascriptEnabled: true, appium:locationContextEnabled: false, appium:nativeWebScreenshot: true, appium:networkConnectionEnabled: true, appium:newCommandTimeout: 0, appium:optimalHubUrl: hub-aps.browserstack.com, appium:pixelRatio: 3, appium:platformVersion: 11, appium:skipServerInstallation: true, appium:statBarHeight: 79, appium:systemPort: 8204, appium:takesScreenshot: true, appium:udid: R5CRC1WYKLL, appium:viewportRect: {height: 2097, left: 0, top: 79, width: 1080}, appium:warnings: {}, appium:webStorageEnabled: false, bstack:options: {buildIdentifier: #7, hostName: Roshin, localIdentifier: 05_Nov_1118_Roshin_EAvC}, goog:chromeOptions: {}, platformName: ANDROID} Session ID: 00074d1161ee7a2bb3de529b673a41cd4c88e39e\"},\"platformVersion\":\"11.0\",\"deviceName\":\"Samsung Galaxy S21\"},{\"tests\":{\"MargoExpress.Mobile.Ecommerce_Tc_4_Hybrid-verifyProductsAddedinCart\":\"Unknown mobile command \\\"longClickGesture\\\". Only shell,scrollBackTo,viewportScreenshot,deepLink,startLogsBroadcast,stopLogsBroadcast,acceptAlert,dismissAlert,batteryInfo,deviceInfo,changePermissions,getPermissions,performEditorAction,startScreenStreaming,stopScreenStreaming,getNotifications,listSms,type commands are supported. Build info: version: '4.26.0', revision: '8ccf0219d7' System info: os.name: 'Windows 11', os.arch: 'amd64', os.version: '10.0', java.version: '21.0.3' Driver info: io.appium.java_client.android.AndroidDriver Command: [a899ade68f1382b90012ff4080ffa7c7a134a564, executeScript {script=mobile: longClickGesture, args=[{elementId=b25c987f-845a-417a-9eaa-f4f5ad5c0c09, duration=2000}]}] Capabilities {appium:appActivity: com.androidsample.generalst..., appium:appPackage: com.androidsample.generalstore, appium:automationName: uiautomator2, appium:bundleID: com.androidsample.generalstore, appium:bundleId: com.androidsample.generalstore, appium:chromedriverPort: 18081, appium:chromedriverPorts: [[18111, 18121]], appium:databaseEnabled: false, appium:desired: {appActivity: com.androidsample.generalst..., appPackage: com.androidsample.generalstore, automationName: uiautomator2, bstack:options: {buildIdentifier: #7, hostName: Roshin, localIdentifier: 05_Nov_1118_Roshin_EAvC}, bundleID: com.androidsample.generalstore, bundleId: com.androidsample.generalstore, chromedriverPort: 18081, chromedriverPorts: [[18111, 18121]], deviceName: pixel 8 pro emulator, disableSuppressAccessibilityService: true, goog:chromeOptions: {}, nativeWebScreenshot: true, newCommandTimeout: 0, platformName: Android, skipServerInstallation: true, systemPort: 8201, udid: 1B051FDEE0020B}, appium:deviceApiLevel: 31, appium:deviceManufacturer: Google, appium:deviceModel: Pixel 6 Pro, appium:deviceName: 1B051FDEE0020B, appium:deviceScreenDensity: 560, appium:deviceScreenSize: 1440x3120, appium:deviceUDID: 1B051FDEE0020B, appium:disableSuppressAccessibilityService: true, appium:javascriptEnabled: true, appium:locationContextEnabled: false, appium:nativeWebScreenshot: true, appium:networkConnectionEnabled: true, appium:newCommandTimeout: 0, appium:optimalHubUrl: hub-aps.browserstack.com, appium:pixelRatio: 3.5, appium:platformVersion: 12, appium:skipServerInstallation: true, appium:statBarHeight: 145, appium:systemPort: 8201, appium:takesScreenshot: true, appium:udid: 1B051FDEE0020B, appium:viewportRect: {height: 2789, left: 0, top: 145, width: 1440}, appium:warnings: {}, appium:webStorageEnabled: false, bstack:options: {buildIdentifier: #7, hostName: Roshin, localIdentifier: 05_Nov_1118_Roshin_EAvC}, goog:chromeOptions: {}, platformName: ANDROID} Session ID: a899ade68f1382b90012ff4080ffa7c7a134a564\"},\"platformVersion\":\"12.0\",\"deviceName\":\"Google Pixel 6 Pro\"}]","testhub_uuid":"m1ssswc8qseoirnp3fd7gkhy6msuul3b9iipub6m","detectedAppiumVersion":"null","productMap":{"app_automate":true,"accessibility":false,"automate":false,"percy":false,"observability":true,"turboscale":false},"hostname":"Roshin","measures":{"percy:start":760,"local:start":6998,"sdk:setup":15157,"percy:stop":0,"local:stop":2466},"productUsage":{"testObservability":{"buildHashedId":"m1ssswc8qseoirnp3fd7gkhy6msuul3b9iipub6m","manuallySet":false,"enabled":true,"events":{"hookEvents":{"started":{"errors":[],"triggeredCount":6,"sentCount":6,"failedCount":0},"finished":{"triggeredCount":6,"failedCount":0,"errors":[],"sentCount":6},"passed":{"errors":[],"triggeredCount":6,"sentCount":6,"failedCount":0}},"logEvents":{"errors":[],"triggeredCount":194,"sentCount":195,"failedCount":0,"log":{"errors":[],"triggeredCount":195,"sentCount":195,"failedCount":0}},"testEvents":{"started":{"errors":[],"triggeredCount":9,"sentCount":9,"failedCount":0},"finished":{"triggeredCount":9,"failedCount":0,"errors":[],"sentCount":9},"failed":{"errors":[],"triggeredCount":3,"sentCount":3,"failedCount":0},"passed":{"errors":[],"triggeredCount":6,"sentCount":6,"failedCount":0}},"batchEvents":{"triggeredCount":11,"failedCount":0,"errors":[],"sentCount":11},"cbtSessionEvents":{"errors":[],"triggeredCount":0,"sentCount":0,"failedCount":0},"buildEvents":{"started":{"error":null,"status":"success","triggered":true},"finished":{"error":null,"status":"success","triggered":true}}}}},"browserStackConfig":{"browserstackLocal":true,"percy":false,"logLevel":"info","staticWebDriver":true,"autoDetectFramework":true,"percyCaptureMode":"MANUAL","browserStackLocalOptions":{"localIdentifier":"05_Nov_1118_Roshin_EAvC","key":"****"},"percyOptions":{},"testContextOptions":{"skipSessionName":false,"skipSessionStatus":false,"serenityOverridePlugin":false},"platforms":[{"capabilities":{"platformVersion":12.0,"platformName":"android","deviceName":"Samsung Galaxy S22 Ultra"},"browserVersion":null,"osVersion":null,"browser":null,"device":"Samsung Galaxy S22 Ultra","os":null,"platformCaps":{"platformVersion":12.0,"platformName":"android","deviceName":"Samsung Galaxy S22 Ultra"},"platformString":"Samsung Galaxy S22 Ultra, 12.0","customVariables":"****"},{"capabilities":{"platformVersion":11.0,"platformName":"android","deviceName":"Samsung Galaxy S21"},"browserVersion":null,"osVersion":null,"browser":null,"device":"Samsung Galaxy S21","os":null,"platformCaps":{"platformVersion":11.0,"platformName":"android","deviceName":"Samsung Galaxy S21"},"platformString":"Samsung Galaxy S21, 11.0","customVariables":"****"},{"capabilities":{"platformVersion":12.0,"platformName":"android","deviceName":"Google Pixel 6 Pro"},"browserVersion":null,"osVersion":null,"browser":null,"device":"Google Pixel 6 Pro","os":null,"platformCaps":{"platformVersion":12.0,"platformName":"android","deviceName":"Google Pixel 6 Pro"},"platformString":"Google Pixel 6 Pro, 12.0","customVariables":"****"}],"parallelsPerPlatform":1,"framework":"testng","accessibility":false,"accessibilityOptions":{},"turboScaleOptions":{},"disableAutoCaptureLogs":true,"testObservability":true,"browserstackAutomation":true,"turboScale":false,"testObservabilityOptions":{},"gradleMConfig":null,"proxySettings":null},"percyBuildId":null,"product":"[app-automate, observability]","buildName":"browserstack build","os":"Windows 11","languageVersion":"21.0.3","appiumVersion":"9.3.0","frameworkDetectionInstrumentation":{"parseLoadClass":20,"ret-org.openqa.selenium.remote.RemoteWebDriver":470,"retransformClasses":471,"parseDependencies":32},"userFramework":"testng","detectedDependencies":"testng","referrer":"testng-javaagent\/1.26.4","locationTrigger":"BSTACK_BUILD_END","language_framework":"java_testng","detectedFramework":"testng","testOrchestration":{"abortBuildOnFailure":{"enabled":false},"retryTestsOnFailure":{"enabled":false},"userConfig":{}},"detectedSeleniumVersion":"4.26.0","seleniumVersion":"4.26.0"}}
11:20:09.213 [Thread-0] DEBUG c.b.utils.FunnelInstrumentation - API Event SDKTestSuccessful response - {"message":"SDK Event recorded successfully"}
11:20:11.004 [Thread-0] DEBUG c.browserstack.utils.UtilityMethods - Browserstack Gradle Config File does not exist.
11:20:11.523 [Thread-0] DEBUG c.browserstack.utils.UtilityMethods - Server side buildName(browserstack build  7) is not same as client side buildName(browserstack build #7)
11:22:26.177 [main] DEBUG c.browserstack.utils.LogReportingAPI - 
[2024-11-05T07:22:26.160806Z][ OBSERVABILITY ] Exception in populating data for Test Disabled : java.lang.NullPointerException: Cannot invoke "String.contains(java.lang.CharSequence)" because the return value of "com.browserstack.config.BrowserStackConfig.getFramework()" is null
	at com.browserstack.testNgListeners.TmpSuiteListener.onFinish(Unknown Source)
	at org.testng.TestRunner.fireEvent(TestRunner.java:873)
	at org.testng.TestRunner.afterRun(TestRunner.java:828)
	at org.testng.TestRunner.run(TestRunner.java:616)
	at org.testng.SuiteRunner.runTest(SuiteRunner.java:421)
	at org.testng.SuiteRunner.runSequentially(SuiteRunner.java:413)
	at org.testng.SuiteRunner.privateRun(SuiteRunner.java:373)
	at org.testng.SuiteRunner.run(SuiteRunner.java:312)
	at org.testng.SuiteRunnerWorker.runSuite(SuiteRunnerWorker.java:52)
	at org.testng.SuiteRunnerWorker.run(SuiteRunnerWorker.java:95)
	at org.testng.TestNG.runSuitesSequentially(TestNG.java:1274)
	at org.testng.TestNG.runSuitesLocally(TestNG.java:1208)
	at org.testng.TestNG.runSuites(TestNG.java:1112)
	at org.testng.TestNG.run(TestNG.java:1079)
	at org.testng.remote.AbstractRemoteTestNG.run(AbstractRemoteTestNG.java:115)
	at org.testng.remote.RemoteTestNG.initAndRun(RemoteTestNG.java:293)
	at org.testng.remote.RemoteTestNG.main(RemoteTestNG.java:91)


11:22:27.269 [main] DEBUG c.b.utils.FunnelInstrumentation - API Event Observability_Crash_Report_Upload response - OK
